duration,protocol_type,service,flag,src_bytes,dst_bytes,land,wrong_fragment,urgent,hot,num_failed_logins,logged_in,num_compromised,root_shell,su_attempted,num_root,num_file_creations,num_shells,num_access_files,num_outbound_cmds,is_host_login,is_guest_login,count,srv_count,serror_rate,srv_serror_rate,rerror_rate,srv_rerror_rate,same_srv_rate,diff_srv_rate,srv_diff_host_rate,dst_host_count,dst_host_srv_count,dst_host_same_srv_rate,dst_host_diff_srv_rate,dst_host_same_src_port_rate,dst_host_srv_diff_host_rate,dst_host_serror_rate,dst_host_srv_serror_rate,dst_host_rerror_rate,dst_host_srv_rerror_rate,label,difficulty_level
10,tcp,http,SF,797,13855,0,0,0,0,0,1,0,0,0,0,0,0,0,0,0,0,15,8,0.04,0.04,0,0,0.91,0.09,0,90,15,0.91,0.09,0,0,0,0,0,0,normal,21
79,tcp,telnet,SF,2131,3832,0,0,0,0,0,1,0,1,1,2,3,0,0,0,0,0,1,1,0,0,0,0,0,0,0,17,17,0,0,0,0,0,0,0,0,buffer_overflow,9
5,tcp,http,SF,1805,7552,0,0,0,0,0,1,0,0,0,0,0,0,0,0,0,0,2,9,0.04,0.04,0,0,0.94,0.06,0,37,219,0.97,0.03,0,0,0,0,0,0,normal,21
3,icmp,private,RSTO,91,6,0,0,0,0,0,0,0,0,0,0,0,0,0,0,0,0,12,1,0,0,0,0,0.1,0.67,0,236,7,0,0.73,0.78,0,0,0,0,0,ipsweep,16
1,udp,domain_u,SF,2169,7906,0,0,0,0,0,0,0,0,0,0,0,0,0,0,0,0,13,7,0.04,0.04,0,0,0.92,0.08,0,172,140,0.89,0.11,0,0,0,0,0,0,normal,21
1,tcp,ftp_data,SF,270,14937,0,0,0,0,0,1,0,0,0,0,0,0,0,0,0,0,3,5,0.02,0.02,0,0,0.97,0.03,0,198,85,0.92,0.08,0,0,0,0,0,0,normal,21
7,udp,smtp,SF,156,10162,0,0,0,0,0,1,0,0,0,0,0,0,0,0,0,0,12,12,0.05,0.05,0,0,0.93,0.07,0,49,32,1.0,0.0,0,0,0,0,0,0,normal,21
3,icmp,other,SH,100,48,0,0,0,0,0,0,0,0,0,0,0,0,0,0,0,0,18,1,0,0,0,0,0.16,0.6,0,160,9,0,0.7,0.7,0,0,0,0,0,portsweep,14
7,udp,domain_u,SF,1995,14352,0,0,0,0,0,0,0,0,0,0,0,0,0,0,0,0,4,6,0.03,0.03,0,0,0.98,0.02,0,149,215,0.91,0.09,0,0,0,0,0,0,normal,21
2,tcp,ftp_data,SF,1922,5922,0,0,0,0,0,1,0,0,0,0,0,0,0,0,0,0,3,1,0.02,0.02,0,0,0.99,0.01,0,136,118,0.99,0.01,0,0,0,0,0,0,normal,21
49,tcp,ftp,SF,412,527,0,0,0,2,0,1,0,0,0,0,0,0,0,0,0,0,1,1,0,0,0,0,0,0,0,9,23,0,0,0,0,0,0,0,0,ftp_write,12
6,tcp,domain_u,SF,1490,3518,0,0,0,0,0,0,0,0,0,0,0,0,0,0,0,0,15,1,0.02,0.02,0,0,0.95,0.05,0,162,154,0.89,0.11,0,0,0,0,0,0,normal,21
5,icmp,other,REJ,65,42,0,0,0,0,0,0,0,0,0,0,0,0,0,0,0,0,17,1,0,0,0,0,0.05,0.65,0,173,7,0,0.52,0.68,0,0,0,0,0,portsweep,12
2,icmp,private,RSTO,50,28,0,0,0,0,0,0,0,0,0,0,0,0,0,0,0,0,17,1,0,0,0,0,0.16,0.91,0,207,2,0,0.66,0.88,0,0,0,0,0,portsweep,18
0,udp,ftp_data,SF,1874,11684,0,0,0,0,0,1,0,0,0,0,0,0,0,0,0,0,15,4,0.01,0.01,0,0,0.95,0.05,0,127,159,0.97,0.03,0,0,0,0,0,0,normal,21
8,udp,ftp_data,SF,642,14552,0,0,0,0,0,1,0,0,0,0,0,0,0,0,0,0,2,3,0.04,0.04,0,0,0.95,0.05,0,142,124,0.88,0.12,0,0,0,0,0,0,normal,21
2,icmp,eco_i,SF,97,34,0,0,0,0,0,0,0,0,0,0,0,0,0,0,0,0,4,1,0,0,0,0,0.09,0.77,0,204,9,0,0.91,0.68,0,0,0,0,0,portsweep,17
5,tcp,http,SF,823,6885,0,0,0,0,0,1,0,0,0,0,0,0,0,0,0,0,7,12,0.03,0.03,0,0,0.96,0.04,0,171,240,0.96,0.04,0,0,0,0,0,0,normal,21
3,tcp,http,SF,1205,9796,0,0,0,0,0,1,0,0,0,0,0,0,0,0,0,0,9,8,0.02,0.02,0,0,0.94,0.06,0,23,181,0.9,0.1,0,0,0,0,0,0,normal,21
2,tcp,eco_i,RSTO,73,26,0,0,0,0,0,0,0,0,0,0,0,0,0,0,0,0,4,1,0,0,0,0,0.19,0.6,0,198,7,0,0.8,0.79,0,0,0,0,0,nmap,17
5,tcp,eco_i,REJ,26,47,0,0,0,0,0,0,0,0,0,0,0,0,0,0,0,0,1,1,0,0,0,0,0.15,0.79,0,214,5,0,0.82,0.97,0,0,0,0,0,portsweep,13
6,tcp,ftp_data,SF,996,9986,0,0,0,0,0,1,0,0,0,0,0,0,0,0,0,0,13,7,0.01,0.01,0,0,0.92,0.08,0,199,154,0.93,0.07,0,0,0,0,0,0,normal,21
4,icmp,eco_i,SF,73,44,0,0,0,0,0,0,0,0,0,0,0,0,0,0,0,0,19,1,0,0,0,0,0.07,0.94,0,252,7,0,0.78,0.66,0,0,0,0,0,portsweep,16
0,tcp,http,S0,30,0,0,0,0,0,0,0,0,0,0,0,0,0,0,0,0,0,139,333,0.99,0.99,0,0,0.98,0.0,0,255,18,0.03,0,0,0,0.99,0,0,0,neptune,18
3,tcp,smtp,SF,2257,1991,0,0,0,0,0,1,0,0,0,0,0,0,0,0,0,0,1,1,0.04,0.04,0,0,0.91,0.09,0,202,33,0.88,0.12,0,0,0,0,0,0,normal,21
7,tcp,http,SF,1675,8713,0,0,0,0,0,1,0,0,0,0,0,0,0,0,0,0,7,7,0.03,0.03,0,0,0.94,0.06,0,204,181,0.95,0.05,0,0,0,0,0,0,normal,21
0,tcp,http,S0,23,0,0,0,0,0,0,0,0,0,0,0,0,0,0,0,0,0,225,441,0.99,0.99,0,0,0.97,0.06,0,255,23,0.01,0,0,0,0.99,0,0,0,neptune,16
4,tcp,private,RSTO,69,42,0,0,0,0,0,0,0,0,0,0,0,0,0,0,0,0,7,1,0,0,0,0,0.16,0.9,0,227,5,0,0.71,0.94,0,0,0,0,0,ipsweep,14
2,tcp,private,SH,85,36,0,0,0,0,0,0,0,0,0,0,0,0,0,0,0,0,10,1,0,0,0,0,0.16,0.65,0,171,7,0,0.77,0.71,0,0,0,0,0,satan,12
110,tcp,telnet,SF,3597,6547,0,0,0,0,0,1,0,1,1,5,3,0,0,0,0,0,1,1,0,0,0,0,0,0,0,9,9,0,0,0,0,0,0,0,0,buffer_overflow,11
7,tcp,ftp_data,SF,1658,10560,0,0,0,0,0,1,0,0,0,0,0,0,0,0,0,0,3,8,0.0,0.0,0,0,0.92,0.08,0,185,144,0.85,0.15,0,0,0,0,0,0,normal,21
9,udp,smtp,SF,2299,10265,0,0,0,0,0,1,0,0,0,0,0,0,0,0,0,0,15,8,0.03,0.03,0,0,0.91,0.09,0,255,220,0.93,0.07,0,0,0,0,0,0,normal,21
2,udp,ftp_data,SF,1173,8705,0,0,0,0,0,1,0,0,0,0,0,0,0,0,0,0,8,7,0.01,0.01,0,0,0.9,0.1,0,190,52,0.93,0.07,0,0,0,0,0,0,normal,21
0,tcp,domain_u,SF,983,3434,0,0,0,0,0,0,0,0,0,0,0,0,0,0,0,0,12,11,0.02,0.02,0,0,0.95,0.05,0,225,56,0.89,0.11,0,0,0,0,0,0,normal,21
8,tcp,http,SF,1665,13346,0,0,0,0,0,1,0,0,0,0,0,0,0,0,0,0,11,6,0.01,0.01,0,0,0.93,0.07,0,160,142,0.93,0.07,0,0,0,0,0,0,normal,21
3,tcp,ftp_data,SF,462,10253,0,0,0,0,0,1,0,0,0,0,0,0,0,0,0,0,14,2,0.02,0.02,0,0,0.9,0.1,0,95,243,0.95,0.05,0,0,0,0,0,0,normal,21
1,tcp,domain_u,SF,2416,7837,0,0,0,0,0,0,0,0,0,0,0,0,0,0,0,0,12,1,0.04,0.04,0,0,0.98,0.02,0,107,192,0.89,0.11,0,0,0,0,0,0,normal,21
1,tcp,private,RSTO,96,4,0,0,0,0,0,0,0,0,0,0,0,0,0,0,0,0,12,1,0,0,0,0,0.16,0.71,0,218,9,0,0.93,0.77,0,0,0,0,0,ipsweep,15
0,icmp,other,SF,41,42,0,0,0,0,0,0,0,0,0,0,0,0,0,0,0,0,5,1,0,0,0,0,0.06,0.82,0,221,10,0,0.57,0.91,0,0,0,0,0,portsweep,15
0,tcp,private,S0,27,0,0,0,0,0,0,0,0,0,0,0,0,0,0,0,0,0,503,268,0.88,0.88,0,0,0.92,0.06,0,255,9,0.17,0,0,0,0.88,0,0,0,teardrop,16
0,tcp,private,S0,49,0,0,0,0,0,0,0,0,0,0,0,0,0,0,0,0,0,269,349,0.92,0.92,0,0,0.95,0.09,0,255,29,0.04,0,0,0,0.92,0,0,0,teardrop,17
1,tcp,http,SF,996,2412,0,0,0,0,0,1,0,0,0,0,0,0,0,0,0,0,7,1,0.02,0.02,0,0,0.93,0.07,0,210,134,0.98,0.02,0,0,0,0,0,0,normal,21
6,udp,ftp_data,SF,2192,10930,0,0,0,0,0,1,0,0,0,0,0,0,0,0,0,0,15,3,0.04,0.04,0,0,0.99,0.01,0,91,130,0.94,0.06,0,0,0,0,0,0,normal,21
2,tcp,http,SF,1106,12169,0,0,0,0,0,1,0,0,0,0,0,0,0,0,0,0,10,10,0.01,0.01,0,0,0.94,0.06,0,216,207,0.98,0.02,0,0,0,0,0,0,normal,21
60,tcp,telnet,SF,1895,9660,0,0,0,0,0,1,0,1,1,3,3,0,0,0,0,0,1,1,0,0,0,0,0,0,0,9,12,0,0,0,0,0,0,0,0,rootkit,6
8,udp,smtp,SF,702,9485,0,0,0,0,0,1,0,0,0,0,0,0,0,0,0,0,14,4,0.03,0.03,0,0,0.92,0.08,0,181,55,0.85,0.15,0,0,0,0,0,0,normal,21
5,tcp,private,REJ,17,43,0,0,0,0,0,0,0,0,0,0,0,0,0,0,0,0,2,1,0,0,0,0,0.16,0.89,0,240,9,0,0.95,0.79,0,0,0,0,0,ipsweep,14
0,tcp,private,REJ,43,0,0,0,0,0,0,0,0,0,0,0,0,0,0,0,0,0,246,289,0.84,0.84,0,0,0.98,0.06,0,255,45,0.04,0,0,0,0.84,0,0,0,back,18
1,udp,domain_u,SF,2306,3460,0,0,0,0,0,0,0,0,0,0,0,0,0,0,0,0,4,8,0.05,0.05,0,0,0.92,0.08,0,122,91,0.93,0.07,0,0,0,0,0,0,normal,21
1,tcp,http,SF,2473,11035,0,0,0,0,0,1,0,0,0,0,0,0,0,0,0,0,4,4,0.01,0.01,0,0,0.94,0.06,0,187,52,0.89,0.11,0,0,0,0,0,0,normal,21
3,tcp,http,SF,2442,2036,0,0,0,0,0,1,0,0,0,0,0,0,0,0,0,0,10,6,0.02,0.02,0,0,0.95,0.05,0,71,103,0.99,0.01,0,0,0,0,0,0,normal,21
0,udp,smtp,SF,2341,2051,0,0,0,0,0,1,0,0,0,0,0,0,0,0,0,0,9,8,0.01,0.01,0,0,0.92,0.08,0,69,186,0.94,0.06,0,0,0,0,0,0,normal,21
10,tcp,smtp,SF,2018,4787,0,0,0,0,0,1,0,0,0,0,0,0,0,0,0,0,12,8,0.03,0.03,0,0,0.92,0.08,0,33,75,0.92,0.08,0,0,0,0,0,0,normal,21
6,tcp,ftp_data,SF,1537,4432,0,0,0,0,0,1,0,0,0,0,0,0,0,0,0,0,1,11,0.04,0.04,0,0,0.91,0.09,0,141,209,0.88,0.12,0,0,0,0,0,0,normal,21
0,tcp,http,REJ,45,0,0,0,0,0,0,0,0,0,0,0,0,0,0,0,0,0,332,383,0.96,0.96,0,0,0.99,0.1,0,255,15,0.1,0,0,0,0.96,0,0,0,teardrop,16
7,udp,http,SF,2497,8226,0,0,0,0,0,1,0,0,0,0,0,0,0,0,0,0,6,6,0.01,0.01,0,0,0.92,0.08,0,59,72,0.86,0.14,0,0,0,0,0,0,normal,21
2,udp,http,SF,515,5257,0,0,0,0,0,1,0,0,0,0,0,0,0,0,0,0,8,11,0.03,0.03,0,0,0.94,0.06,0,238,232,0.97,0.03,0,0,0,0,0,0,normal,21
6,udp,http,SF,1635,12652,0,0,0,0,0,1,0,0,0,0,0,0,0,0,0,0,13,1,0.03,0.03,0,0,0.93,0.07,0,180,120,0.92,0.08,0,0,0,0,0,0,normal,21
0,tcp,eco_i,REJ,100,17,0,0,0,0,0,0,0,0,0,0,0,0,0,0,0,0,7,1,0,0,0,0,0.16,0.87,0,249,4,0,0.67,0.78,0,0,0,0,0,satan,16
9,tcp,http,SF,718,2308,0,0,0,0,0,1,0,0,0,0,0,0,0,0,0,0,11,3,0.02,0.02,0,0,0.91,0.09,0,248,28,0.97,0.03,0,0,0,0,0,0,normal,21
1,icmp,other,SH,91,3,0,0,0,0,0,0,0,0,0,0,0,0,0,0,0,0,5,1,0,0,0,0,0.09,0.94,0,224,9,0,0.92,0.68,0,0,0,0,0,ipsweep,13
0,icmp,ecr_i,SF,1032,0,0,0,0,0,0,0,0,0,0,0,0,0,0,0,0,0,478,277,0.0,0.0,0,0,0.97,0.09,0,255,255,1.0,0,0,0,0.0,0,0,0,smurf,16
0,icmp,ecr_i,SF,1032,0,0,0,0,0,0,0,0,0,0,0,0,0,0,0,0,0,251,468,0.0,0.0,0,0,0.96,0.01,0,255,255,1.0,0,0,0,0.0,0,0,0,smurf,19
0,tcp,http,REJ,50,0,0,0,0,0,0,0,0,0,0,0,0,0,0,0,0,0,452,503,0.86,0.86,0,0,0.92,0.07,0,255,14,0.2,0,0,0,0.86,0,0,0,back,18
0,tcp,ftp_data,SF,958,11383,0,0,0,0,0,1,0,0,0,0,0,0,0,0,0,0,15,9,0.04,0.04,0,0,0.99,0.01,0,169,201,0.9,0.1,0,0,0,0,0,0,normal,21
0,icmp,other,SF,34,34,0,0,0,0,0,0,0,0,0,0,0,0,0,0,0,0,10,1,0,0,0,0,0.08,0.89,0,156,6,0,0.58,0.75,0,0,0,0,0,nmap,12
10,tcp,http,SF,2449,4022,0,0,0,0,0,1,0,0,0,0,0,0,0,0,0,0,8,12,0.03,0.03,0,0,0.94,0.06,0,38,173,0.94,0.06,0,0,0,0,0,0,normal,21
0,tcp,http,REJ,34,0,0,0,0,0,0,0,0,0,0,0,0,0,0,0,0,0,327,138,0.88,0.88,0,0,0.9,0.09,0,255,3,0.08,0,0,0,0.88,0,0,0,teardrop,15
4,tcp,domain_u,SF,1388,9029,0,0,0,0,0,0,0,0,0,0,0,0,0,0,0,0,13,9,0.05,0.05,0,0,0.93,0.07,0,181,113,0.92,0.08,0,0,0,0,0,0,normal,21
43,tcp,telnet,SF,353,376,0,0,0,4,4,0,0,0,0,0,0,0,0,0,0,0,1,1,0,0,0,0,0,0,0,2,14,0,0,0,0,0,0,0,0,guess_passwd,10
7,tcp,http,SF,2024,9163,0,0,0,0,0,1,0,0,0,0,0,0,0,0,0,0,1,1,0.01,0.01,0,0,0.92,0.08,0,59,71,0.92,0.08,0,0,0,0,0,0,normal,21
0,icmp,ecr_i,SF,1032,0,0,0,0,0,0,0,0,0,0,0,0,0,0,0,0,0,331,125,0.0,0.0,0,0,0.96,0.07,0,255,255,1.0,0,0,0,0.0,0,0,0,smurf,17
4,udp,smtp,SF,1557,3342,0,0,0,0,0,1,0,0,0,0,0,0,0,0,0,0,6,5,0.03,0.03,0,0,0.93,0.07,0,189,222,0.93,0.07,0,0,0,0,0,0,normal,21
5,tcp,ftp_data,SF,1071,11956,0,0,0,0,0,1,0,0,0,0,0,0,0,0,0,0,8,9,0.05,0.05,0,0,0.9,0.1,0,190,160,0.89,0.11,0,0,0,0,0,0,normal,21
4,udp,http,SF,1259,13727,0,0,0,0,0,1,0,0,0,0,0,0,0,0,0,0,10,7,0.05,0.05,0,0,0.94,0.06,0,20,54,0.99,0.01,0,0,0,0,0,0,normal,21
4,tcp,smtp,SF,2253,12093,0,0,0,0,0,1,0,0,0,0,0,0,0,0,0,0,6,1,0.03,0.03,0,0,0.94,0.06,0,189,129,0.87,0.13,0,0,0,0,0,0,normal,21
4,tcp,smtp,SF,1325,620,0,0,0,0,0,1,0,0,0,0,0,0,0,0,0,0,6,1,0.04,0.04,0,0,0.98,0.02,0,247,103,0.86,0.14,0,0,0,0,0,0,normal,21
0,tcp,private,REJ,12,0,0,0,0,0,0,0,0,0,0,0,0,0,0,0,0,0,285,277,0.92,0.92,0,0,0.96,0.02,0,255,19,0.17,0,0,0,0.92,0,0,0,back,15
9,tcp,smtp,SF,2076,10829,0,0,0,0,0,1,0,0,0,0,0,0,0,0,0,0,6,9,0.02,0.02,0,0,0.92,0.08,0,251,207,0.87,0.13,0,0,0,0,0,0,normal,21
1,tcp,ftp_data,SF,1237,10012,0,0,0,0,0,1,0,0,0,0,0,0,0,0,0,0,10,3,0.04,0.04,0,0,1.0,0.0,0,102,42,0.94,0.06,0,0,0,0,0,0,normal,21
0,icmp,ecr_i,SF,1032,0,0,0,0,0,0,0,0,0,0,0,0,0,0,0,0,0,202,329,0.0,0.0,0,0,0.98,0.05,0,255,255,1.0,0,0,0,0.0,0,0,0,smurf,18
0,tcp,private,S0,44,0,0,0,0,0,0,0,0,0,0,0,0,0,0,0,0,0,410,327,0.89,0.89,0,0,0.97,0.01,0,255,28,0.03,0,0,0,0.89,0,0,0,back,18
0,tcp,private,S0,39,0,0,0,0,0,0,0,0,0,0,0,0,0,0,0,0,0,233,168,0.9,0.9,0,0,0.97,0.02,0,255,35,0.04,0,0,0,0.9,0,0,0,teardrop,19
0,tcp,other,SF,49,2,0,0,0,0,0,0,0,0,0,0,0,0,0,0,0,0,13,1,0,0,0,0,0.18,0.89,0,172,6,0,0.64,0.72,0,0,0,0,0,portsweep,14
6,udp,smtp,SF,2257,480,0,0,0,0,0,1,0,0,0,0,0,0,0,0,0,0,10,9,0.03,0.03,0,0,0.99,0.01,0,115,130,0.92,0.08,0,0,0,0,0,0,normal,21
7,tcp,ftp,SF,137,2602,0,0,0,1,0,1,0,0,0,0,0,0,0,0,0,0,1,1,0,0,0,0,0,0,0,3,14,0,0,0,0,0,0,0,0,ftp_write,14
0,tcp,private,REJ,41,0,0,0,0,0,0,0,0,0,0,0,0,0,0,0,0,0,236,511,0.82,0.82,0,0,0.97,0.09,0,255,36,0.11,0,0,0,0.82,0,0,0,teardrop,20
0,tcp,private,S0,46,0,0,0,0,0,0,0,0,0,0,0,0,0,0,0,0,0,476,116,0.94,0.94,0,0,0.95,0.09,0,255,22,0.04,0,0,0,0.94,0,0,0,neptune,17
0,tcp,http,SF,2333,12067,0,0,0,0,0,1,0,0,0,0,0,0,0,0,0,0,9,12,0.04,0.04,0,0,0.93,0.07,0,71,168,0.98,0.02,0,0,0,0,0,0,normal,21
82,tcp,telnet,SF,4556,5530,0,0,0,0,0,1,0,1,1,1,1,0,0,0,0,0,1,1,0,0,0,0,0,0,0,4,7,0,0,0,0,0,0,0,0,loadmodule,9
0,tcp,private,S0,37,0,0,0,0,0,0,0,0,0,0,0,0,0,0,0,0,0,387,394,0.95,0.95,0,0,0.95,0.04,0,255,1,0.07,0,0,0,0.95,0,0,0,neptune,19
0,tcp,http,S0,26,0,0,0,0,0,0,0,0,0,0,0,0,0,0,0,0,0,249,360,0.83,0.83,0,0,0.91,0.02,0,255,43,0.14,0,0,0,0.83,0,0,0,back,19
9,udp,domain_u,SF,475,2905,0,0,0,0,0,0,0,0,0,0,0,0,0,0,0,0,4,11,0.02,0.02,0,0,0.94,0.06,0,136,220,0.98,0.02,0,0,0,0,0,0,normal,21
0,tcp,http,REJ,24,0,0,0,0,0,0,0,0,0,0,0,0,0,0,0,0,0,404,202,0.88,0.88,0,0,0.96,0.05,0,255,1,0.17,0,0,0,0.88,0,0,0,teardrop,19
1,tcp,http,SF,1346,8352,0,0,0,0,0,1,0,0,0,0,0,0,0,0,0,0,6,12,0.0,0.0,0,0,0.92,0.08,0,79,143,0.99,0.01,0,0,0,0,0,0,normal,21
0,tcp,http,S0,27,0,0,0,0,0,0,0,0,0,0,0,0,0,0,0,0,0,391,444,0.83,0.83,0,0,0.94,0.08,0,255,23,0.09,0,0,0,0.83,0,0,0,neptune,18
4,tcp,http,SF,1323,9580,0,0,0,0,0,1,0,0,0,0,0,0,0,0,0,0,2,4,0.04,0.04,0,0,0.91,0.09,0,39,144,0.97,0.03,0,0,0,0,0,0,normal,21
0,tcp,private,REJ,16,0,0,0,0,0,0,0,0,0,0,0,0,0,0,0,0,0,134,206,0.85,0.85,0,0,0.92,0.05,0,255,22,0.19,0,0,0,0.85,0,0,0,teardrop,18
5,icmp,eco_i,SF,3,37,0,0,0,0,0,0,0,0,0,0,0,0,0,0,0,0,1,1,0,0,0,0,0.07,0.93,0,212,4,0,0.59,0.77,0,0,0,0,0,portsweep,16
9,udp,http,SF,465,4723,0,0,0,0,0,1,0,0,0,0,0,0,0,0,0,0,2,8,0.04,0.04,0,0,0.91,0.09,0,158,242,0.91,0.09,0,0,0,0,0,0,normal,21
0,tcp,http,REJ,37,0,0,0,0,0,0,0,0,0,0,0,0,0,0,0,0,0,152,287,0.81,0.81,0,0,0.99,0.02,0,255,35,0.13,0,0,0,0.81,0,0,0,neptune,18
0,tcp,http,REJ,45,0,0,0,0,0,0,0,0,0,0,0,0,0,0,0,0,0,208,232,0.94,0.94,0,0,0.93,0.05,0,255,24,0.2,0,0,0,0.94,0,0,0,teardrop,18
0,tcp,http,REJ,42,0,0,0,0,0,0,0,0,0,0,0,0,0,0,0,0,0,245,245,0.85,0.85,0,0,0.97,0.07,0,255,7,0.1,0,0,0,0.85,0,0,0,neptune,16
0,icmp,ecr_i,SF,1032,0,0,0,0,0,0,0,0,0,0,0,0,0,0,0,0,0,267,171,0.0,0.0,0,0,0.93,0.0,0,255,255,1.0,0,0,0,0.0,0,0,0,smurf,18
0,icmp,ecr_i,SF,1032,0,0,0,0,0,0,0,0,0,0,0,0,0,0,0,0,0,118,472,0.0,0.0,0,0,0.98,0.1,0,255,255,1.0,0,0,0,0.0,0,0,0,smurf,15
7,udp,smtp,SF,219,6101,0,0,0,0,0,1,0,0,0,0,0,0,0,0,0,0,14,4,0.0,0.0,0,0,0.94,0.06,0,215,199,0.97,0.03,0,0,0,0,0,0,normal,21
6,tcp,smtp,SF,724,7561,0,0,0,0,0,1,0,0,0,0,0,0,0,0,0,0,1,1,0.02,0.02,0,0,0.96,0.04,0,173,174,0.96,0.04,0,0,0,0,0,0,normal,21
8,tcp,smtp,SF,833,7250,0,0,0,0,0,1,0,0,0,0,0,0,0,0,0,0,6,5,0.05,0.05,0,0,0.98,0.02,0,22,120,0.92,0.08,0,0,0,0,0,0,normal,21
10,udp,domain_u,SF,2452,7357,0,0,0,0,0,0,0,0,0,0,0,0,0,0,0,0,1,12,0.04,0.04,0,0,0.95,0.05,0,20,45,0.87,0.13,0,0,0,0,0,0,normal,21
39,tcp,ftp,SF,300,1221,0,0,0,4,0,1,0,0,0,0,0,0,0,0,0,0,1,1,0,0,0,0,0,0,0,2,28,0,0,0,0,0,0,0,0,ftp_write,10
8,tcp,smtp,SF,1900,919,0,0,0,0,0,1,0,0,0,0,0,0,0,0,0,0,8,8,0.04,0.04,0,0,0.94,0.06,0,16,252,0.88,0.12,0,0,0,0,0,0,normal,21
0,udp,smtp,SF,2450,308,0,0,0,0,0,1,0,0,0,0,0,0,0,0,0,0,12,7,0.01,0.01,0,0,0.97,0.03,0,63,200,1.0,0.0,0,0,0,0,0,0,normal,21
6,tcp,http,SF,221,7793,0,0,0,0,0,1,0,0,0,0,0,0,0,0,0,0,13,1,0.02,0.02,0,0,0.99,0.01,0,62,60,0.87,0.13,0,0,0,0,0,0,normal,21
0,tcp,http,REJ,5,0,0,0,0,0,0,0,0,0,0,0,0,0,0,0,0,0,127,262,0.91,0.91,0,0,1.0,0.05,0,255,21,0.06,0,0,0,0.91,0,0,0,teardrop,20
9,tcp,domain_u,SF,2164,11722,0,0,0,0,0,0,0,0,0,0,0,0,0,0,0,0,7,9,0.02,0.02,0,0,0.94,0.06,0,148,90,0.94,0.06,0,0,0,0,0,0,normal,21
10,udp,smtp,SF,804,472,0,0,0,0,0,1,0,0,0,0,0,0,0,0,0,0,15,3,0.02,0.02,0,0,0.9,0.1,0,188,76,0.9,0.1,0,0,0,0,0,0,normal,21
0,tcp,http,S0,10,0,0,0,0,0,0,0,0,0,0,0,0,0,0,0,0,0,249,106,0.92,0.92,0,0,0.96,0.09,0,255,17,0.15,0,0,0,0.92,0,0,0,teardrop,17
0,tcp,http,S0,32,0,0,0,0,0,0,0,0,0,0,0,0,0,0,0,0,0,302,181,0.86,0.86,0,0,0.92,0.05,0,255,3,0.08,0,0,0,0.86,0,0,0,neptune,20
0,tcp,domain_u,SF,456,12043,0,0,0,0,0,0,0,0,0,0,0,0,0,0,0,0,15,12,0.01,0.01,0,0,0.99,0.01,0,247,246,0.98,0.02,0,0,0,0,0,0,normal,21
0,icmp,other,REJ,5,4,0,0,0,0,0,0,0,0,0,0,0,0,0,0,0,0,3,1,0,0,0,0,0.07,0.92,0,192,4,0,0.93,0.9,0,0,0,0,0,nmap,17
7,udp,http,SF,2454,8707,0,0,0,0,0,1,0,0,0,0,0,0,0,0,0,0,3,11,0.05,0.05,0,0,0.91,0.09,0,126,218,0.96,0.04,0,0,0,0,0,0,normal,21
5,tcp,eco_i,RSTO,1,6,0,0,0,0,0,0,0,0,0,0,0,0,0,0,0,0,14,1,0,0,0,0,0.16,1.0,0,150,7,0,0.89,0.72,0,0,0,0,0,portsweep,16
10,tcp,http,SF,948,3415,0,0,0,0,0,1,0,0,0,0,0,0,0,0,0,0,9,2,0.04,0.04,0,0,0.94,0.06,0,119,189,0.86,0.14,0,0,0,0,0,0,normal,21
0,tcp,private,REJ,45,0,0,0,0,0,0,0,0,0,0,0,0,0,0,0,0,0,308,484,0.84,0.84,0,0,0.95,0.06,0,255,1,0.07,0,0,0,0.84,0,0,0,teardrop,19
2,tcp,http,SF,629,1868,0,0,0,0,0,1,0,0,0,0,0,0,0,0,0,0,14,4,0.04,0.04,0,0,0.97,0.03,0,55,65,0.92,0.08,0,0,0,0,0,0,normal,21
36,tcp,ftp,SF,495,1253,0,0,0,1,0,1,0,0,0,0,0,0,0,0,0,1,1,1,0,0,0,0,0,0,0,13,6,0,0,0,0,0,0,0,0,warezclient,12
0,tcp,eco_i,REJ,10,42,0,0,0,0,0,0,0,0,0,0,0,0,0,0,0,0,9,1,0,0,0,0,0.1,1.0,0,181,2,0,0.75,0.96,0,0,0,0,0,nmap,12
0,tcp,http,S0,21,0,0,0,0,0,0,0,0,0,0,0,0,0,0,0,0,0,316,275,0.8,0.8,0,0,0.9,0.03,0,255,22,0.1,0,0,0,0.8,0,0,0,teardrop,20
2,tcp,http,SF,712,7446,0,0,0,0,0,1,0,0,0,0,0,0,0,0,0,0,12,8,0.01,0.01,0,0,0.97,0.03,0,101,95,0.9,0.1,0,0,0,0,0,0,normal,21
3,udp,domain_u,SF,341,11245,0,0,0,0,0,0,0,0,0,0,0,0,0,0,0,0,5,2,0.03,0.03,0,0,0.93,0.07,0,56,246,0.98,0.02,0,0,0,0,0,0,normal,21
5,tcp,http,SF,761,5293,0,0,0,0,0,1,0,0,0,0,0,0,0,0,0,0,6,5,0.01,0.01,0,0,0.98,0.02,0,112,242,0.87,0.13,0,0,0,0,0,0,normal,21
0,tcp,private,S0,34,0,0,0,0,0,0,0,0,0,0,0,0,0,0,0,0,0,281,430,0.98,0.98,0,0,0.98,0.05,0,255,15,0.01,0,0,0,0.98,0,0,0,back,16
6,tcp,http,SF,2220,4767,0,0,0,0,0,1,0,0,0,0,0,0,0,0,0,0,15,7,0.03,0.03,0,0,0.99,0.01,0,52,136,1.0,0.0,0,0,0,0,0,0,normal,21
5,icmp,private,REJ,25,32,0,0,0,0,0,0,0,0,0,0,0,0,0,0,0,0,14,1,0,0,0,0,0.17,0.99,0,227,7,0,0.8,0.93,0,0,0,0,0,satan,17
0,tcp,private,S0,17,0,0,0,0,0,0,0,0,0,0,0,0,0,0,0,0,0,434,202,0.96,0.96,0,0,0.92,0.01,0,255,42,0.09,0,0,0,0.96,0,0,0,teardrop,16
4,tcp,domain_u,SF,395,13875,0,0,0,0,0,0,0,0,0,0,0,0,0,0,0,0,8,2,0.01,0.01,0,0,0.96,0.04,0,76,122,1.0,0.0,0,0,0,0,0,0,normal,21
6,udp,http,SF,1234,7018,0,0,0,0,0,1,0,0,0,0,0,0,0,0,0,0,5,3,0.01,0.01,0,0,0.92,0.08,0,78,38,0.9,0.1,0,0,0,0,0,0,normal,21
0,tcp,private,REJ,38,0,0,0,0,0,0,0,0,0,0,0,0,0,0,0,0,0,162,416,0.82,0.82,0,0,0.92,0.02,0,255,8,0.02,0,0,0,0.82,0,0,0,teardrop,17
0,udp,domain_u,SF,1484,13444,0,0,0,0,0,0,0,0,0,0,0,0,0,0,0,0,10,7,0.01,0.01,0,0,0.99,0.01,0,255,89,0.94,0.06,0,0,0,0,0,0,normal,21
4,tcp,http,SF,2053,1320,0,0,0,0,0,1,0,0,0,0,0,0,0,0,0,0,2,4,0.04,0.04,0,0,0.93,0.07,0,32,105,0.95,0.05,0,0,0,0,0,0,normal,21
9,tcp,http,SF,490,14682,0,0,0,0,0,1,0,0,0,0,0,0,0,0,0,0,2,12,0.04,0.04,0,0,0.95,0.05,0,13,97,0.93,0.07,0,0,0,0,0,0,normal,21
0,icmp,ecr_i,SF,1032,0,0,0,0,0,0,0,0,0,0,0,0,0,0,0,0,0,343,271,0.0,0.0,0,0,0.98,0.01,0,255,255,1.0,0,0,0,0.0,0,0,0,smurf,15
7,tcp,http,SF,1557,14208,0,0,0,0,0,1,0,0,0,0,0,0,0,0,0,0,10,12,0.03,0.03,0,0,0.91,0.09,0,185,207,0.99,0.01,0,0,0,0,0,0,normal,21
8,udp,smtp,SF,1306,3520,0,0,0,0,0,1,0,0,0,0,0,0,0,0,0,0,3,11,0.04,0.04,0,0,0.95,0.05,0,35,196,0.86,0.14,0,0,0,0,0,0,normal,21
10,udp,ftp_data,SF,1986,5395,0,0,0,0,0,1,0,0,0,0,0,0,0,0,0,0,15,6,0.04,0.04,0,0,0.91,0.09,0,231,129,0.94,0.06,0,0,0,0,0,0,normal,21
6,udp,smtp,SF,2288,14222,0,0,0,0,0,1,0,0,0,0,0,0,0,0,0,0,7,12,0.01,0.01,0,0,0.99,0.01,0,52,154,0.97,0.03,0,0,0,0,0,0,normal,21
0,tcp,http,REJ,43,0,0,0,0,0,0,0,0,0,0,0,0,0,0,0,0,0,439,355,0.95,0.95,0,0,0.94,0.09,0,255,10,0.08,0,0,0,0.95,0,0,0,teardrop,17
0,tcp,private,S0,44,0,0,0,0,0,0,0,0,0,0,0,0,0,0,0,0,0,444,141,0.89,0.89,0,0,0.93,0.03,0,255,13,0.18,0,0,0,0.89,0,0,0,teardrop,15
2,tcp,http,SF,586,5983,0,0,0,0,0,1,0,0,0,0,0,0,0,0,0,0,14,6,0.01,0.01,0,0,0.91,0.09,0,122,134,0.93,0.07,0,0,0,0,0,0,normal,21
5,tcp,smtp,SF,907,7615,0,0,0,0,0,1,0,0,0,0,0,0,0,0,0,0,14,4,0.02,0.02,0,0,0.96,0.04,0,145,156,0.88,0.12,0,0,0,0,0,0,normal,21
0,tcp,http,S0,11,0,0,0,0,0,0,0,0,0,0,0,0,0,0,0,0,0,180,249,0.87,0.87,0,0,0.91,0.04,0,255,24,0.16,0,0,0,0.87,0,0,0,neptune,16
6,udp,http,SF,1971,3572,0,0,0,0,0,1,0,0,0,0,0,0,0,0,0,0,13,8,0.03,0.03,0,0,0.99,0.01,0,120,190,0.98,0.02,0,0,0,0,0,0,normal,21
0,tcp,http,REJ,42,0,0,0,0,0,0,0,0,0,0,0,0,0,0,0,0,0,270,319,0.87,0.87,0,0,0.96,0.03,0,255,23,0.13,0,0,0,0.87,0,0,0,back,16
0,tcp,private,REJ,0,0,0,0,0,0,0,0,0,0,0,0,0,0,0,0,0,0,396,317,0.98,0.98,0,0,0.97,0.0,0,255,44,0.14,0,0,0,0.98,0,0,0,neptune,17
0,tcp,http,S0,24,0,0,0,0,0,0,0,0,0,0,0,0,0,0,0,0,0,222,374,0.87,0.87,0,0,0.92,0.0,0,255,1,0.2,0,0,0,0.87,0,0,0,neptune,15
8,tcp,http,SF,1504,10064,0,0,0,0,0,1,0,0,0,0,0,0,0,0,0,0,11,1,0.04,0.04,0,0,0.92,0.08,0,225,120,0.9,0.1,0,0,0,0,0,0,normal,21
5,tcp,http,SF,362,4112,0,0,0,0,0,1,0,0,0,0,0,0,0,0,0,0,3,8,0.02,0.02,0,0,0.98,0.02,0,108,226,0.88,0.12,0,0,0,0,0,0,normal,21
9,tcp,ftp_data,SF,2118,12518,0,0,0,0,0,1,0,0,0,0,0,0,0,0,0,0,11,6,0.05,0.05,0,0,1.0,0.0,0,123,227,0.91,0.09,0,0,0,0,0,0,normal,21
0,tcp,http,S0,35,0,0,0,0,0,0,0,0,0,0,0,0,0,0,0,0,0,476,308,0.85,0.85,0,0,0.99,0.04,0,255,27,0.11,0,0,0,0.85,0,0,0,back,17
1,tcp,http,SF,1009,13127,0,0,0,0,0,1,0,0,0,0,0,0,0,0,0,0,4,12,0.01,0.01,0,0,0.99,0.01,0,135,217,0.92,0.08,0,0,0,0,0,0,normal,21
50,tcp,ftp,SF,322,1130,0,0,0,1,0,1,0,0,0,0,0,0,0,0,0,1,1,1,0,0,0,0,0,0,0,12,12,0,0,0,0,0,0,0,0,warezclient,10
0,tcp,ftp_data,SF,2275,396,0,0,0,0,0,1,0,0,0,0,0,0,0,0,0,0,6,5,0.02,0.02,0,0,0.92,0.08,0,200,37,0.9,0.1,0,0,0,0,0,0,normal,21
9,tcp,domain_u,SF,1842,2229,0,0,0,0,0,0,0,0,0,0,0,0,0,0,0,0,10,6,0.05,0.05,0,0,0.93,0.07,0,70,231,0.99,0.01,0,0,0,0,0,0,normal,21
0,udp,http,SF,2240,6763,0,0,0,0,0,1,0,0,0,0,0,0,0,0,0,0,8,10,0.0,0.0,0,0,0.95,0.05,0,152,105,0.91,0.09,0,0,0,0,0,0,normal,21
6,udp,domain_u,SF,706,3855,0,0,0,0,0,0,0,0,0,0,0,0,0,0,0,0,2,3,0.01,0.01,0,0,0.98,0.02,0,221,28,0.94,0.06,0,0,0,0,0,0,normal,21
0,tcp,http,REJ,26,0,0,0,0,0,0,0,0,0,0,0,0,0,0,0,0,0,178,135,0.87,0.87,0,0,0.95,0.0,0,255,45,0.09,0,0,0,0.87,0,0,0,back,15
0,tcp,http,S0,47,0,0,0,0,0,0,0,0,0,0,0,0,0,0,0,0,0,218,214,0.92,0.92,0,0,0.96,0.08,0,255,21,0.1,0,0,0,0.92,0,0,0,back,15
6,tcp,http,SF,676,2587,0,0,0,0,0,1,0,0,0,0,0,0,0,0,0,0,5,12,0.02,0.02,0,0,0.98,0.02,0,16,40,0.87,0.13,0,0,0,0,0,0,normal,21
3,tcp,ftp_data,SF,1856,8496,0,0,0,0,0,1,0,0,0,0,0,0,0,0,0,0,7,8,0.04,0.04,0,0,0.96,0.04,0,43,138,0.92,0.08,0,0,0,0,0,0,normal,21
0,tcp,private,S0,33,0,0,0,0,0,0,0,0,0,0,0,0,0,0,0,0,0,126,174,0.89,0.89,0,0,0.92,0.03,0,255,38,0.19,0,0,0,0.89,0,0,0,back,15
0,tcp,private,S0,35,0,0,0,0,0,0,0,0,0,0,0,0,0,0,0,0,0,482,188,0.88,0.88,0,0,0.98,0.1,0,255,10,0.1,0,0,0,0.88,0,0,0,teardrop,18
10,udp,smtp,SF,1474,5550,0,0,0,0,0,1,0,0,0,0,0,0,0,0,0,0,13,1,0.04,0.04,0,0,0.93,0.07,0,156,170,0.87,0.13,0,0,0,0,0,0,normal,21
1,udp,ftp_data,SF,202,8743,0,0,0,0,0,1,0,0,0,0,0,0,0,0,0,0,9,1,0.05,0.05,0,0,0.96,0.04,0,80,96,0.96,0.04,0,0,0,0,0,0,normal,21
4,tcp,smtp,SF,2436,7239,0,0,0,0,0,1,0,0,0,0,0,0,0,0,0,0,1,5,0.03,0.03,0,0,0.92,0.08,0,237,140,0.91,0.09,0,0,0,0,0,0,normal,21
0,tcp,ftp_data,SF,364,13894,0,0,0,0,0,1,0,0,0,0,0,0,0,0,0,0,5,11,0.02,0.02,0,0,0.98,0.02,0,26,233,0.94,0.06,0,0,0,0,0,0,normal,21
0,tcp,http,S0,28,0,0,0,0,0,0,0,0,0,0,0,0,0,0,0,0,0,276,460,0.85,0.85,0,0,0.99,0.05,0,255,26,0.07,0,0,0,0.85,0,0,0,neptune,15
0,tcp,private,REJ,30,0,0,0,0,0,0,0,0,0,0,0,0,0,0,0,0,0,348,461,0.83,0.83,0,0,0.99,0.02,0,255,14,0.02,0,0,0,0.83,0,0,0,neptune,18
0,tcp,private,REJ,15,0,0,0,0,0,0,0,0,0,0,0,0,0,0,0,0,0,358,309,0.91,0.91,0,0,0.95,0.07,0,255,48,0.02,0,0,0,0.91,0,0,0,neptune,16
0,tcp,http,REJ,22,0,0,0,0,0,0,0,0,0,0,0,0,0,0,0,0,0,165,192,0.84,0.84,0,0,0.92,0.01,0,255,34,0.15,0,0,0,0.84,0,0,0,neptune,16
4,tcp,eco_i,SH,37,50,0,0,0,0,0,0,0,0,0,0,0,0,0,0,0,0,11,1,0,0,0,0,0.06,0.67,0,159,1,0,0.79,0.64,0,0,0,0,0,nmap,17
5,tcp,smtp,SF,2352,1162,0,0,0,0,0,1,0,0,0,0,0,0,0,0,0,0,3,2,0.01,0.01,0,0,0.97,0.03,0,250,196,0.94,0.06,0,0,0,0,0,0,normal,21
5,tcp,domain_u,SF,1930,2950,0,0,0,0,0,0,0,0,0,0,0,0,0,0,0,0,11,1,0.0,0.0,0,0,0.98,0.02,0,233,45,0.9,0.1,0,0,0,0,0,0,normal,21
8,tcp,domain_u,SF,223,1711,0,0,0,0,0,0,0,0,0,0,0,0,0,0,0,0,2,3,0.01,0.01,0,0,0.92,0.08,0,92,31,0.85,0.15,0,0,0,0,0,0,normal,21
0,tcp,private,S0,17,0,0,0,0,0,0,0,0,0,0,0,0,0,0,0,0,0,489,329,0.99,0.99,0,0,0.99,0.01,0,255,21,0.05,0,0,0,0.99,0,0,0,neptune,19
0,tcp,http,S0,13,0,0,0,0,0,0,0,0,0,0,0,0,0,0,0,0,0,480,173,0.97,0.97,0,0,0.91,0.04,0,255,15,0.12,0,0,0,0.97,0,0,0,teardrop,18
0,tcp,private,REJ,22,0,0,0,0,0,0,0,0,0,0,0,0,0,0,0,0,0,452,501,0.96,0.96,0,0,0.94,0.01,0,255,29,0.05,0,0,0,0.96,0,0,0,back,19
0,icmp,ecr_i,SF,1032,0,0,0,0,0,0,0,0,0,0,0,0,0,0,0,0,0,218,429,0.0,0.0,0,0,0.91,0.02,0,255,255,1.0,0,0,0,0.0,0,0,0,smurf,16
2,tcp,http,SF,1725,10677,0,0,0,0,0,1,0,0,0,0,0,0,0,0,0,0,12,6,0.04,0.04,0,0,0.93,0.07,0,243,117,0.91,0.09,0,0,0,0,0,0,normal,21
0,tcp,private,REJ,39,0,0,0,0,0,0,0,0,0,0,0,0,0,0,0,0,0,471,377,0.87,0.87,0,0,0.92,0.03,0,255,16,0.11,0,0,0,0.87,0,0,0,back,18
7,tcp,http,SF,2459,2187,0,0,0,0,0,1,0,0,0,0,0,0,0,0,0,0,8,9,0.03,0.03,0,0,1.0,0.0,0,210,191,1.0,0.0,0,0,0,0,0,0,normal,21
0,tcp,smtp,SF,1366,5073,0,0,0,0,0,1,0,0,0,0,0,0,0,0,0,0,6,1,0.02,0.02,0,0,0.96,0.04,0,36,107,0.9,0.1,0,0,0,0,0,0,normal,21
5,tcp,http,SF,256,13043,0,0,0,0,0,1,0,0,0,0,0,0,0,0,0,0,14,10,0.03,0.03,0,0,0.95,0.05,0,26,114,0.9,0.1,0,0,0,0,0,0,normal,21
0,tcp,http,S0,34,0,0,0,0,0,0,0,0,0,0,0,0,0,0,0,0,0,222,198,0.81,0.81,0,0,0.95,0.06,0,255,1,0.01,0,0,0,0.81,0,0,0,neptune,18
0,tcp,private,REJ,2,0,0,0,0,0,0,0,0,0,0,0,0,0,0,0,0,0,434,174,0.84,0.84,0,0,0.96,0.06,0,255,14,0.02,0,0,0,0.84,0,0,0,back,19
0,icmp,ecr_i,SF,1032,0,0,0,0,0,0,0,0,0,0,0,0,0,0,0,0,0,121,131,0.0,0.0,0,0,0.91,0.06,0,255,255,1.0,0,0,0,0.0,0,0,0,smurf,15
2,icmp,private,REJ,2,44,0,0,0,0,0,0,0,0,0,0,0,0,0,0,0,0,7,1,0,0,0,0,0.2,0.9,0,158,6,0,0.7,0.98,0,0,0,0,0,nmap,16
5,udp,domain_u,SF,654,12599,0,0,0,0,0,0,0,0,0,0,0,0,0,0,0,0,13,4,0.01,0.01,0,0,0.99,0.01,0,10,29,0.85,0.15,0,0,0,0,0,0,normal,21
5,icmp,private,SF,34,44,0,0,0,0,0,0,0,0,0,0,0,0,0,0,0,0,14,1,0,0,0,0,0.12,0.92,0,199,3,0,0.84,0.66,0,0,0,0,0,nmap,12
0,tcp,private,REJ,30,0,0,0,0,0,0,0,0,0,0,0,0,0,0,0,0,0,286,505,0.94,0.94,0,0,0.92,0.1,0,255,4,0.04,0,0,0,0.94,0,0,0,neptune,17
0,tcp,private,S0,42,0,0,0,0,0,0,0,0,0,0,0,0,0,0,0,0,0,424,127,0.99,0.99,0,0,0.99,0.02,0,255,39,0.18,0,0,0,0.99,0,0,0,teardrop,15
10,tcp,ftp_data,SF,1735,1869,0,0,0,0,0,1,0,0,0,0,0,0,0,0,0,0,9,1,0.0,0.0,0,0,0.91,0.09,0,131,172,0.99,0.01,0,0,0,0,0,0,normal,21
77,tcp,telnet,SF,2321,6100,0,0,0,0,0,1,0,1,1,2,2,0,0,0,0,0,1,1,0,0,0,0,0,0,0,19,1,0,0,0,0,0,0,0,0,rootkit,10
0,icmp,ecr_i,SF,1032,0,0,0,0,0,0,0,0,0,0,0,0,0,0,0,0,0,434,191,0.0,0.0,0,0,0.95,0.02,0,255,255,1.0,0,0,0,0.0,0,0,0,smurf,20
0,icmp,ecr_i,SF,1032,0,0,0,0,0,0,0,0,0,0,0,0,0,0,0,0,0,138,132,0.0,0.0,0,0,0.96,0.08,0,255,255,1.0,0,0,0,0.0,0,0,0,smurf,20
0,tcp,private,S0,20,0,0,0,0,0,0,0,0,0,0,0,0,0,0,0,0,0,329,411,0.92,0.92,0,0,0.95,0.03,0,255,50,0.05,0,0,0,0.92,0,0,0,back,16
0,tcp,private,REJ,12,0,0,0,0,0,0,0,0,0,0,0,0,0,0,0,0,0,320,342,0.93,0.93,0,0,1.0,0.07,0,255,47,0.05,0,0,0,0.93,0,0,0,teardrop,15
3,tcp,other,SH,26,46,0,0,0,0,0,0,0,0,0,0,0,0,0,0,0,0,9,1,0,0,0,0,0.07,0.73,0,197,4,0,0.71,0.65,0,0,0,0,0,nmap,13
0,tcp,http,REJ,16,0,0,0,0,0,0,0,0,0,0,0,0,0,0,0,0,0,193,465,0.83,0.83,0,0,0.99,0.05,0,255,5,0.04,0,0,0,0.83,0,0,0,back,20
1,tcp,ftp_data,SF,962,3344,0,0,0,0,0,1,0,0,0,0,0,0,0,0,0,0,8,8,0.04,0.04,0,0,0.93,0.07,0,205,84,0.97,0.03,0,0,0,0,0,0,normal,21
2,udp,ftp_data,SF,699,11004,0,0,0,0,0,1,0,0,0,0,0,0,0,0,0,0,1,10,0.02,0.02,0,0,0.98,0.02,0,64,198,1.0,0.0,0,0,0,0,0,0,normal,21
0,tcp,private,S0,8,0,0,0,0,0,0,0,0,0,0,0,0,0,0,0,0,0,442,359,0.87,0.87,0,0,0.93,0.04,0,255,2,0.05,0,0,0,0.87,0,0,0,teardrop,20
0,tcp,private,REJ,0,0,0,0,0,0,0,0,0,0,0,0,0,0,0,0,0,0,469,456,0.89,0.89,0,0,0.97,0.06,0,255,49,0.11,0,0,0,0.89,0,0,0,teardrop,18
3,udp,smtp,SF,2028,9026,0,0,0,0,0,1,0,0,0,0,0,0,0,0,0,0,14,7,0.03,0.03,0,0,0.94,0.06,0,176,157,0.88,0.12,0,0,0,0,0,0,normal,21
46,tcp,ftp,SF,336,1157,0,0,0,3,0,1,0,0,0,0,0,0,0,0,0,1,1,1,0,0,0,0,0,0,0,13,27,0,0,0,0,0,0,0,0,warezclient,8
4,tcp,domain_u,SF,1795,10074,0,0,0,0,0,0,0,0,0,0,0,0,0,0,0,0,1,2,0.04,0.04,0,0,0.97,0.03,0,117,224,0.87,0.13,0,0,0,0,0,0,normal,21
53,tcp,telnet,SF,418,2026,0,0,0,3,1,0,0,0,0,0,0,0,0,0,0,0,1,1,0,0,0,0,0,0,0,30,3,0,0,0,0,0,0,0,0,guess_passwd,11
2,tcp,http,SF,350,4206,0,0,0,0,0,1,0,0,0,0,0,0,0,0,0,0,9,1,0.04,0.04,0,0,0.92,0.08,0,189,231,0.87,0.13,0,0,0,0,0,0,normal,21
2,tcp,http,SF,1938,2823,0,0,0,0,0,1,0,0,0,0,0,0,0,0,0,0,4,6,0.03,0.03,0,0,0.97,0.03,0,224,96,0.89,0.11,0,0,0,0,0,0,normal,21
106,tcp,telnet,SF,5440,8190,0,0,0,0,0,1,0,1,1,4,2,0,0,0,0,0,1,1,0,0,0,0,0,0,0,16,12,0,0,0,0,0,0,0,0,buffer_overflow,12
4,icmp,private,REJ,54,41,0,0,0,0,0,0,0,0,0,0,0,0,0,0,0,0,10,1,0,0,0,0,0.17,0.77,0,174,3,0,0.63,0.72,0,0,0,0,0,ipsweep,13
1,icmp,eco_i,RSTO,73,47,0,0,0,0,0,0,0,0,0,0,0,0,0,0,0,0,6,1,0,0,0,0,0.08,0.98,0,223,10,0,0.87,0.74,0,0,0,0,0,ipsweep,17
3,udp,domain_u,SF,1188,12228,0,0,0,0,0,0,0,0,0,0,0,0,0,0,0,0,11,4,0.05,0.05,0,0,0.93,0.07,0,135,26,0.86,0.14,0,0,0,0,0,0,normal,21
10,tcp,ftp_data,SF,591,2032,0,0,0,0,0,1,0,0,0,0,0,0,0,0,0,0,9,3,0.01,0.01,0,0,0.99,0.01,0,190,210,0.92,0.08,0,0,0,0,0,0,normal,21
5,tcp,domain_u,SF,2259,747,0,0,0,0,0,0,0,0,0,0,0,0,0,0,0,0,9,5,0.04,0.04,0,0,0.93,0.07,0,140,148,0.91,0.09,0,0,0,0,0,0,normal,21
4,tcp,domain_u,SF,1902,9226,0,0,0,0,0,0,0,0,0,0,0,0,0,0,0,0,7,7,0.02,0.02,0,0,0.92,0.08,0,88,148,0.96,0.04,0,0,0,0,0,0,normal,21
1,tcp,http,SF,794,7600,0,0,0,0,0,1,0,0,0,0,0,0,0,0,0,0,15,1,0.05,0.05,0,0,0.93,0.07,0,242,221,0.97,0.03,0,0,0,0,0,0,normal,21
5,icmp,eco_i,SH,42,13,0,0,0,0,0,0,0,0,0,0,0,0,0,0,0,0,2,1,0,0,0,0,0.16,0.85,0,236,6,0,0.78,0.99,0,0,0,0,0,portsweep,15
5,tcp,domain_u,SF,987,4990,0,0,0,0,0,0,0,0,0,0,0,0,0,0,0,0,2,2,0.0,0.0,0,0,0.96,0.04,0,77,147,0.95,0.05,0,0,0,0,0,0,normal,21
4,tcp,http,SF,1168,7186,0,0,0,0,0,1,0,0,0,0,0,0,0,0,0,0,15,3,0.03,0.03,0,0,0.97,0.03,0,201,82,0.92,0.08,0,0,0,0,0,0,normal,21
0,icmp,other,SH,98,46,0,0,0,0,0,0,0,0,0,0,0,0,0,0,0,0,7,1,0,0,0,0,0.09,0.71,0,194,10,0,0.8,0.95,0,0,0,0,0,nmap,17
0,tcp,other,SF,72,43,0,0,0,0,0,0,0,0,0,0,0,0,0,0,0,0,14,1,0,0,0,0,0.06,0.67,0,246,7,0,0.9,0.71,0,0,0,0,0,nmap,12
9,tcp,ftp_data,SF,2391,9585,0,0,0,0,0,1,0,0,0,0,0,0,0,0,0,0,13,1,0.0,0.0,0,0,0.95,0.05,0,169,101,0.89,0.11,0,0,0,0,0,0,normal,21
4,tcp,other,SH,48,48,0,0,0,0,0,0,0,0,0,0,0,0,0,0,0,0,14,1,0,0,0,0,0.12,0.91,0,226,5,0,0.71,0.72,0,0,0,0,0,satan,16
70,tcp,telnet,SF,3329,4136,0,0,0,0,0,1,0,1,1,5,3,0,0,0,0,0,1,1,0,0,0,0,0,0,0,14,16,0,0,0,0,0,0,0,0,rootkit,6
1,tcp,ftp_data,SF,1494,14425,0,0,0,0,0,1,0,0,0,0,0,0,0,0,0,0,15,2,0.01,0.01,0,0,0.98,0.02,0,122,40,0.93,0.07,0,0,0,0,0,0,normal,21
6,tcp,ftp_data,SF,1377,9717,0,0,0,0,0,1,0,0,0,0,0,0,0,0,0,0,13,12,0.03,0.03,0,0,0.91,0.09,0,26,85,1.0,0.0,0,0,0,0,0,0,normal,21
1,udp,ftp_data,SF,1814,3199,0,0,0,0,0,1,0,0,0,0,0,0,0,0,0,0,12,12,0.01,0.01,0,0,0.98,0.02,0,19,53,0.92,0.08,0,0,0,0,0,0,normal,21
0,tcp,http,REJ,21,0,0,0,0,0,0,0,0,0,0,0,0,0,0,0,0,0,175,378,0.91,0.91,0,0,0.97,0.07,0,255,20,0.06,0,0,0,0.91,0,0,0,neptune,15
1,tcp,domain_u,SF,1590,12901,0,0,0,0,0,0,0,0,0,0,0,0,0,0,0,0,14,10,0.03,0.03,0,0,0.95,0.05,0,53,110,0.85,0.15,0,0,0,0,0,0,normal,21
0,tcp,http,REJ,17,0,0,0,0,0,0,0,0,0,0,0,0,0,0,0,0,0,299,122,0.98,0.98,0,0,0.97,0.03,0,255,38,0.18,0,0,0,0.98,0,0,0,neptune,20
48,tcp,telnet,SF,405,707,0,0,0,2,3,0,0,0,0,0,0,0,0,0,0,0,1,1,0,0,0,0,0,0,0,6,23,0,0,0,0,0,0,0,0,guess_passwd,8
0,icmp,ecr_i,SF,1032,0,0,0,0,0,0,0,0,0,0,0,0,0,0,0,0,0,367,106,0.0,0.0,0,0,0.91,0.03,0,255,255,1.0,0,0,0,0.0,0,0,0,smurf,18
7,udp,domain_u,SF,1317,9928,0,0,0,0,0,0,0,0,0,0,0,0,0,0,0,0,12,9,0.02,0.02,0,0,0.95,0.05,0,157,241,0.89,0.11,0,0,0,0,0,0,normal,21
10,tcp,http,SF,2249,8528,0,0,0,0,0,1,0,0,0,0,0,0,0,0,0,0,2,7,0.02,0.02,0,0,0.9,0.1,0,48,30,0.94,0.06,0,0,0,0,0,0,normal,21
10,tcp,http,SF,583,1052,0,0,0,0,0,1,0,0,0,0,0,0,0,0,0,0,15,9,0.05,0.05,0,0,0.98,0.02,0,76,179,0.94,0.06,0,0,0,0,0,0,normal,21
0,tcp,http,S0,24,0,0,0,0,0,0,0,0,0,0,0,0,0,0,0,0,0,476,254,0.93,0.93,0,0,0.95,0.02,0,255,18,0.2,0,0,0,0.93,0,0,0,back,15
32,tcp,telnet,SF,2528,3889,0,0,0,0,0,1,0,1,1,3,3,0,0,0,0,0,1,1,0,0,0,0,0,0,0,9,8,0,0,0,0,0,0,0,0,rootkit,12
4,tcp,http,SF,2364,12831,0,0,0,0,0,1,0,0,0,0,0,0,0,0,0,0,2,7,0.04,0.04,0,0,0.91,0.09,0,124,253,0.85,0.15,0,0,0,0,0,0,normal,21
6,tcp,ftp_data,SF,1000,1706,0,0,0,0,0,1,0,0,0,0,0,0,0,0,0,0,7,7,0.03,0.03,0,0,0.98,0.02,0,45,108,0.98,0.02,0,0,0,0,0,0,normal,21
0,tcp,private,REJ,11,0,0,0,0,0,0,0,0,0,0,0,0,0,0,0,0,0,166,263,0.89,0.89,0,0,0.95,0.07,0,255,14,0.17,0,0,0,0.89,0,0,0,back,19
0,tcp,http,REJ,5,0,0,0,0,0,0,0,0,0,0,0,0,0,0,0,0,0,472,447,0.85,0.85,0,0,0.94,0.08,0,255,38,0.02,0,0,0,0.85,0,0,0,teardrop,19
4,tcp,ftp_data,SF,1533,3543,0,0,0,0,0,1,0,0,0,0,0,0,0,0,0,0,5,6,0.05,0.05,0,0,0.91,0.09,0,182,234,0.94,0.06,0,0,0,0,0,0,normal,21
0,tcp,http,SF,1640,14948,0,0,0,0,0,1,0,0,0,0,0,0,0,0,0,0,8,8,0.02,0.02,0,0,0.92,0.08,0,247,224,0.93,0.07,0,0,0,0,0,0,normal,21
0,tcp,http,S0,26,0,0,0,0,0,0,0,0,0,0,0,0,0,0,0,0,0,372,165,0.97,0.97,0,0,0.97,0.03,0,255,1,0.06,0,0,0,0.97,0,0,0,back,19
4,udp,http,SF,1398,4603,0,0,0,0,0,1,0,0,0,0,0,0,0,0,0,0,1,11,0.03,0.03,0,0,0.96,0.04,0,118,110,0.87,0.13,0,0,0,0,0,0,normal,21
0,icmp,ecr_i,SF,1032,0,0,0,0,0,0,0,0,0,0,0,0,0,0,0,0,0,353,507,0.0,0.0,0,0,0.96,0.04,0,255,255,1.0,0,0,0,0.0,0,0,0,smurf,20
0,icmp,ecr_i,SF,1032,0,0,0,0,0,0,0,0,0,0,0,0,0,0,0,0,0,474,114,0.0,0.0,0,0,0.97,0.08,0,255,255,1.0,0,0,0,0.0,0,0,0,smurf,15
1,tcp,private,REJ,38,19,0,0,0,0,0,0,0,0,0,0,0,0,0,0,0,0,17,1,0,0,0,0,0.11,0.65,0,178,2,0,0.89,0.94,0,0,0,0,0,ipsweep,17
3,udp,smtp,SF,296,3145,0,0,0,0,0,1,0,0,0,0,0,0,0,0,0,0,6,4,0.05,0.05,0,0,0.99,0.01,0,82,204,0.86,0.14,0,0,0,0,0,0,normal,21
0,tcp,http,S0,9,0,0,0,0,0,0,0,0,0,0,0,0,0,0,0,0,0,111,301,0.95,0.95,0,0,0.92,0.02,0,255,9,0.16,0,0,0,0.95,0,0,0,neptune,16
0,icmp,ecr_i,SF,1032,0,0,0,0,0,0,0,0,0,0,0,0,0,0,0,0,0,382,401,0.0,0.0,0,0,0.94,0.02,0,255,255,1.0,0,0,0,0.0,0,0,0,smurf,17
7,tcp,http,SF,1059,8490,0,0,0,0,0,1,0,0,0,0,0,0,0,0,0,0,15,2,0.01,0.01,0,0,0.93,0.07,0,150,45,0.94,0.06,0,0,0,0,0,0,normal,21
30,tcp,ftp,SF,362,654,0,0,0,1,0,1,0,0,0,0,0,0,0,0,0,1,1,1,0,0,0,0,0,0,0,9,14,0,0,0,0,0,0,0,0,warezclient,11
4,tcp,http,SF,486,13496,0,0,0,0,0,1,0,0,0,0,0,0,0,0,0,0,2,1,0.03,0.03,0,0,1.0,0.0,0,231,63,0.85,0.15,0,0,0,0,0,0,normal,21
2,udp,ftp_data,SF,1932,12762,0,0,0,0,0,1,0,0,0,0,0,0,0,0,0,0,11,5,0.02,0.02,0,0,0.95,0.05,0,62,138,0.88,0.12,0,0,0,0,0,0,normal,21
3,icmp,eco_i,SH,45,9,0,0,0,0,0,0,0,0,0,0,0,0,0,0,0,0,1,1,0,0,0,0,0.17,0.7,0,239,4,0,0.68,0.84,0,0,0,0,0,satan,16
0,tcp,private,S0,30,0,0,0,0,0,0,0,0,0,0,0,0,0,0,0,0,0,214,373,0.95,0.95,0,0,0.96,0.04,0,255,49,0.02,0,0,0,0.95,0,0,0,teardrop,20
9,tcp,http,SF,1227,14945,0,0,0,0,0,1,0,0,0,0,0,0,0,0,0,0,10,6,0.05,0.05,0,0,0.93,0.07,0,86,230,0.87,0.13,0,0,0,0,0,0,normal,21
3,tcp,http,SF,2289,14377,0,0,0,0,0,1,0,0,0,0,0,0,0,0,0,0,2,8,0.02,0.02,0,0,0.99,0.01,0,141,195,0.91,0.09,0,0,0,0,0,0,normal,21
5,icmp,other,REJ,10,43,0,0,0,0,0,0,0,0,0,0,0,0,0,0,0,0,19,1,0,0,0,0,0.18,0.93,0,216,5,0,0.83,0.7,0,0,0,0,0,portsweep,18
0,tcp,http,REJ,16,0,0,0,0,0,0,0,0,0,0,0,0,0,0,0,0,0,176,480,0.91,0.91,0,0,0.93,0.08,0,255,36,0.05,0,0,0,0.91,0,0,0,teardrop,20
8,udp,http,SF,1403,8163,0,0,0,0,0,1,0,0,0,0,0,0,0,0,0,0,5,3,0.05,0.05,0,0,0.91,0.09,0,109,71,0.94,0.06,0,0,0,0,0,0,normal,21
5,udp,http,SF,2367,13049,0,0,0,0,0,1,0,0,0,0,0,0,0,0,0,0,9,10,0.02,0.02,0,0,0.99,0.01,0,35,41,0.85,0.15,0,0,0,0,0,0,normal,21
0,tcp,smtp,SF,1905,4677,0,0,0,0,0,1,0,0,0,0,0,0,0,0,0,0,2,12,0.01,0.01,0,0,0.97,0.03,0,113,233,0.96,0.04,0,0,0,0,0,0,normal,21
0,tcp,http,S0,4,0,0,0,0,0,0,0,0,0,0,0,0,0,0,0,0,0,471,216,1.0,1.0,0,0,0.97,0.09,0,255,46,0.11,0,0,0,1.0,0,0,0,teardrop,15
0,tcp,http,SF,456,7275,0,0,0,0,0,1,0,0,0,0,0,0,0,0,0,0,2,1,0.0,0.0,0,0,0.96,0.04,0,113,196,1.0,0.0,0,0,0,0,0,0,normal,21
6,tcp,smtp,SF,1039,10465,0,0,0,0,0,1,0,0,0,0,0,0,0,0,0,0,4,11,0.04,0.04,0,0,0.95,0.05,0,106,56,0.94,0.06,0,0,0,0,0,0,normal,21
0,icmp,ecr_i,SF,1032,0,0,0,0,0,0,0,0,0,0,0,0,0,0,0,0,0,288,466,0.0,0.0,0,0,0.99,0.05,0,255,255,1.0,0,0,0,0.0,0,0,0,smurf,20
0,icmp,ecr_i,SF,1032,0,0,0,0,0,0,0,0,0,0,0,0,0,0,0,0,0,407,501,0.0,0.0,0,0,0.95,0.09,0,255,255,1.0,0,0,0,0.0,0,0,0,smurf,16
4,icmp,other,REJ,15,12,0,0,0,0,0,0,0,0,0,0,0,0,0,0,0,0,7,1,0,0,0,0,0.11,0.98,0,252,7,0,0.83,0.93,0,0,0,0,0,nmap,14
0,tcp,private,S0,34,0,0,0,0,0,0,0,0,0,0,0,0,0,0,0,0,0,146,240,0.95,0.95,0,0,0.95,0.06,0,255,17,0.03,0,0,0,0.95,0,0,0,neptune,15
5,tcp,smtp,SF,273,5603,0,0,0,0,0,1,0,0,0,0,0,0,0,0,0,0,12,3,0.03,0.03,0,0,0.93,0.07,0,190,150,0.91,0.09,0,0,0,0,0,0,normal,21
5,tcp,other,SF,79,46,0,0,0,0,0,0,0,0,0,0,0,0,0,0,0,0,18,1,0,0,0,0,0.07,0.75,0,228,9,0,0.62,0.62,0,0,0,0,0,portsweep,14
0,tcp,http,SF,327,12280,0,0,0,0,0,1,0,0,0,0,0,0,0,0,0,0,8,4,0.05,0.05,0,0,0.9,0.1,0,14,115,0.98,0.02,0,0,0,0,0,0,normal,21
5,udp,ftp_data,SF,1781,8944,0,0,0,0,0,1,0,0,0,0,0,0,0,0,0,0,5,12,0.04,0.04,0,0,0.94,0.06,0,172,255,0.87,0.13,0,0,0,0,0,0,normal,21
9,tcp,ftp_data,SF,574,12083,0,0,0,0,0,1,0,0,0,0,0,0,0,0,0,0,4,9,0.04,0.04,0,0,0.94,0.06,0,114,220,0.88,0.12,0,0,0,0,0,0,normal,21
1,tcp,eco_i,RSTO,13,45,0,0,0,0,0,0,0,0,0,0,0,0,0,0,0,0,17,1,0,0,0,0,0.18,0.94,0,251,8,0,0.59,0.87,0,0,0,0,0,satan,18
0,icmp,ecr_i,SF,1032,0,0,0,0,0,0,0,0,0,0,0,0,0,0,0,0,0,371,117,0.0,0.0,0,0,0.95,0.04,0,255,255,1.0,0,0,0,0.0,0,0,0,smurf,20
30,tcp,telnet,SF,4972,4298,0,0,0,0,0,1,0,1,1,2,3,0,0,0,0,0,1,1,0,0,0,0,0,0,0,11,4,0,0,0,0,0,0,0,0,rootkit,9
8,udp,http,SF,1867,9725,0,0,0,0,0,1,0,0,0,0,0,0,0,0,0,0,10,11,0.02,0.02,0,0,0.93,0.07,0,232,58,0.86,0.14,0,0,0,0,0,0,normal,21
0,tcp,private,REJ,19,0,0,0,0,0,0,0,0,0,0,0,0,0,0,0,0,0,489,265,0.97,0.97,0,0,0.98,0.03,0,255,42,0.17,0,0,0,0.97,0,0,0,teardrop,17
0,tcp,http,REJ,24,0,0,0,0,0,0,0,0,0,0,0,0,0,0,0,0,0,195,108,0.95,0.95,0,0,0.95,0.08,0,255,13,0.19,0,0,0,0.95,0,0,0,neptune,16
0,icmp,ecr_i,SF,1032,0,0,0,0,0,0,0,0,0,0,0,0,0,0,0,0,0,148,356,0.0,0.0,0,0,1.0,0.08,0,255,255,1.0,0,0,0,0.0,0,0,0,smurf,18
8,tcp,domain_u,SF,1951,9569,0,0,0,0,0,0,0,0,0,0,0,0,0,0,0,0,14,9,0.03,0.03,0,0,0.99,0.01,0,220,204,0.88,0.12,0,0,0,0,0,0,normal,21
7,tcp,smtp,SF,1744,9959,0,0,0,0,0,1,0,0,0,0,0,0,0,0,0,0,7,9,0.03,0.03,0,0,0.94,0.06,0,235,25,0.87,0.13,0,0,0,0,0,0,normal,21
4,tcp,domain_u,SF,1971,14043,0,0,0,0,0,0,0,0,0,0,0,0,0,0,0,0,13,8,0.02,0.02,0,0,0.99,0.01,0,227,63,0.96,0.04,0,0,0,0,0,0,normal,21
8,udp,smtp,SF,1838,12229,0,0,0,0,0,1,0,0,0,0,0,0,0,0,0,0,13,4,0.01,0.01,0,0,0.97,0.03,0,77,153,0.89,0.11,0,0,0,0,0,0,normal,21
0,tcp,private,REJ,31,0,0,0,0,0,0,0,0,0,0,0,0,0,0,0,0,0,112,426,0.88,0.88,0,0,0.97,0.04,0,255,31,0.07,0,0,0,0.88,0,0,0,neptune,20
8,tcp,ftp_data,SF,281,9276,0,0,0,0,0,1,0,0,0,0,0,0,0,0,0,0,2,5,0.05,0.05,0,0,0.99,0.01,0,123,104,0.99,0.01,0,0,0,0,0,0,normal,21
0,udp,http,SF,507,1846,0,0,0,0,0,1,0,0,0,0,0,0,0,0,0,0,10,7,0.03,0.03,0,0,1.0,0.0,0,31,200,0.89,0.11,0,0,0,0,0,0,normal,21
7,udp,http,SF,474,14220,0,0,0,0,0,1,0,0,0,0,0,0,0,0,0,0,13,3,0.04,0.04,0,0,0.94,0.06,0,56,238,0.88,0.12,0,0,0,0,0,0,normal,21
1,icmp,other,RSTO,68,35,0,0,0,0,0,0,0,0,0,0,0,0,0,0,0,0,16,1,0,0,0,0,0.19,0.65,0,161,8,0,0.75,0.89,0,0,0,0,0,portsweep,12
10,tcp,ftp,SF,318,2412,0,0,0,2,0,1,0,0,0,0,0,0,0,0,0,0,1,1,0,0,0,0,0,0,0,3,5,0,0,0,0,0,0,0,0,ftp_write,13
4,icmp,private,SH,75,17,0,0,0,0,0,0,0,0,0,0,0,0,0,0,0,0,12,1,0,0,0,0,0.11,0.67,0,241,3,0,0.81,0.84,0,0,0,0,0,satan,13
83,tcp,telnet,SF,4890,3833,0,0,0,0,0,1,0,1,1,3,2,0,0,0,0,0,1,1,0,0,0,0,0,0,0,11,15,0,0,0,0,0,0,0,0,rootkit,6
0,tcp,private,REJ,29,0,0,0,0,0,0,0,0,0,0,0,0,0,0,0,0,0,139,374,0.81,0.81,0,0,0.93,0.07,0,255,40,0.1,0,0,0,0.81,0,0,0,back,19
8,tcp,http,SF,987,12669,0,0,0,0,0,1,0,0,0,0,0,0,0,0,0,0,1,8,0.03,0.03,0,0,0.94,0.06,0,149,185,0.92,0.08,0,0,0,0,0,0,normal,21
2,icmp,eco_i,SH,64,17,0,0,0,0,0,0,0,0,0,0,0,0,0,0,0,0,5,1,0,0,0,0,0.1,0.83,0,201,4,0,0.8,0.8,0,0,0,0,0,satan,16
0,tcp,http,REJ,3,0,0,0,0,0,0,0,0,0,0,0,0,0,0,0,0,0,264,339,0.89,0.89,0,0,0.9,0.08,0,255,26,0.07,0,0,0,0.89,0,0,0,neptune,18
0,tcp,http,REJ,15,0,0,0,0,0,0,0,0,0,0,0,0,0,0,0,0,0,287,114,0.91,0.91,0,0,0.96,0.01,0,255,17,0.1,0,0,0,0.91,0,0,0,teardrop,19
10,udp,http,SF,1950,1200,0,0,0,0,0,1,0,0,0,0,0,0,0,0,0,0,3,5,0.04,0.04,0,0,0.94,0.06,0,137,158,0.95,0.05,0,0,0,0,0,0,normal,21
0,tcp,private,S0,17,0,0,0,0,0,0,0,0,0,0,0,0,0,0,0,0,0,374,295,0.92,0.92,0,0,0.94,0.06,0,255,9,0.17,0,0,0,0.92,0,0,0,neptune,15
0,tcp,http,REJ,38,0,0,0,0,0,0,0,0,0,0,0,0,0,0,0,0,0,313,310,0.83,0.83,0,0,0.95,0.04,0,255,22,0.12,0,0,0,0.83,0,0,0,teardrop,16
0,tcp,private,SF,15,1,0,0,0,0,0,0,0,0,0,0,0,0,0,0,0,0,5,1,0,0,0,0,0.05,0.65,0,209,6,0,0.56,1.0,0,0,0,0,0,satan,18
5,tcp,ftp_data,SF,2084,12899,0,0,0,0,0,1,0,0,0,0,0,0,0,0,0,0,15,1,0.02,0.02,0,0,0.92,0.08,0,248,85,0.89,0.11,0,0,0,0,0,0,normal,21
0,tcp,http,REJ,11,0,0,0,0,0,0,0,0,0,0,0,0,0,0,0,0,0,497,216,0.9,0.9,0,0,0.96,0.0,0,255,30,0.01,0,0,0,0.9,0,0,0,teardrop,15
1,tcp,http,SF,1449,4310,0,0,0,0,0,1,0,0,0,0,0,0,0,0,0,0,12,8,0.02,0.02,0,0,0.97,0.03,0,200,29,0.98,0.02,0,0,0,0,0,0,normal,21
0,tcp,private,REJ,24,0,0,0,0,0,0,0,0,0,0,0,0,0,0,0,0,0,177,103,0.92,0.92,0,0,0.91,0.09,0,255,7,0.04,0,0,0,0.92,0,0,0,back,19
2,tcp,other,SH,34,23,0,0,0,0,0,0,0,0,0,0,0,0,0,0,0,0,19,1,0,0,0,0,0.15,0.62,0,159,7,0,0.9,0.68,0,0,0,0,0,nmap,13
4,tcp,http,SF,1844,3725,0,0,0,0,0,1,0,0,0,0,0,0,0,0,0,0,3,10,0.04,0.04,0,0,0.95,0.05,0,33,117,0.9,0.1,0,0,0,0,0,0,normal,21
0,tcp,private,S0,38,0,0,0,0,0,0,0,0,0,0,0,0,0,0,0,0,0,464,170,1.0,1.0,0,0,0.92,0.04,0,255,18,0.15,0,0,0,1.0,0,0,0,back,15
1,udp,domain_u,SF,883,10236,0,0,0,0,0,0,0,0,0,0,0,0,0,0,0,0,12,11,0.04,0.04,0,0,0.93,0.07,0,236,185,0.9,0.1,0,0,0,0,0,0,normal,21
4,udp,http,SF,2417,6486,0,0,0,0,0,1,0,0,0,0,0,0,0,0,0,0,8,5,0.02,0.02,0,0,0.93,0.07,0,40,119,0.94,0.06,0,0,0,0,0,0,normal,21
3,tcp,smtp,SF,266,2283,0,0,0,0,0,1,0,0,0,0,0,0,0,0,0,0,6,5,0.05,0.05,0,0,0.97,0.03,0,133,37,0.86,0.14,0,0,0,0,0,0,normal,21
0,icmp,ecr_i,SF,1032,0,0,0,0,0,0,0,0,0,0,0,0,0,0,0,0,0,163,113,0.0,0.0,0,0,1.0,0.01,0,255,255,1.0,0,0,0,0.0,0,0,0,smurf,20
9,tcp,http,SF,512,4409,0,0,0,0,0,1,0,0,0,0,0,0,0,0,0,0,2,11,0.04,0.04,0,0,0.91,0.09,0,194,48,0.92,0.08,0,0,0,0,0,0,normal,21
7,tcp,ftp_data,SF,1717,12116,0,0,0,0,0,1,0,0,0,0,0,0,0,0,0,0,3,9,0.04,0.04,0,0,0.97,0.03,0,167,55,0.96,0.04,0,0,0,0,0,0,normal,21
6,udp,domain_u,SF,2101,10336,0,0,0,0,0,0,0,0,0,0,0,0,0,0,0,0,5,11,0.02,0.02,0,0,0.91,0.09,0,159,20,0.99,0.01,0,0,0,0,0,0,normal,21
5,tcp,private,SH,4,19,0,0,0,0,0,0,0,0,0,0,0,0,0,0,0,0,2,1,0,0,0,0,0.11,0.84,0,181,10,0,0.5,0.95,0,0,0,0,0,portsweep,17
0,tcp,private,S0,22,0,0,0,0,0,0,0,0,0,0,0,0,0,0,0,0,0,221,402,0.8,0.8,0,0,0.96,0.08,0,255,40,0.16,0,0,0,0.8,0,0,0,back,18
76,tcp,telnet,SF,4613,6728,0,0,0,0,0,1,0,1,1,1,3,0,0,0,0,0,1,1,0,0,0,0,0,0,0,1,9,0,0,0,0,0,0,0,0,buffer_overflow,9
7,tcp,domain_u,SF,474,7910,0,0,0,0,0,0,0,0,0,0,0,0,0,0,0,0,15,4,0.03,0.03,0,0,0.92,0.08,0,175,67,0.91,0.09,0,0,0,0,0,0,normal,21
0,tcp,http,REJ,47,0,0,0,0,0,0,0,0,0,0,0,0,0,0,0,0,0,101,364,0.94,0.94,0,0,0.94,0.09,0,255,49,0.2,0,0,0,0.94,0,0,0,back,18
0,tcp,private,S0,4,0,0,0,0,0,0,0,0,0,0,0,0,0,0,0,0,0,275,389,0.88,0.88,0,0,0.93,0.05,0,255,9,0.07,0,0,0,0.88,0,0,0,neptune,15
5,udp,smtp,SF,2443,10524,0,0,0,0,0,1,0,0,0,0,0,0,0,0,0,0,14,1,0.04,0.04,0,0,0.94,0.06,0,250,184,0.87,0.13,0,0,0,0,0,0,normal,21
3,udp,http,SF,2493,11532,0,0,0,0,0,1,0,0,0,0,0,0,0,0,0,0,5,8,0.02,0.02,0,0,0.94,0.06,0,68,232,1.0,0.0,0,0,0,0,0,0,normal,21
9,tcp,ftp_data,SF,450,10187,0,0,0,0,0,1,0,0,0,0,0,0,0,0,0,0,2,7,0.05,0.05,0,0,0.93,0.07,0,199,218,0.91,0.09,0,0,0,0,0,0,normal,21
10,udp,http,SF,1633,12099,0,0,0,0,0,1,0,0,0,0,0,0,0,0,0,0,12,9,0.02,0.02,0,0,0.97,0.03,0,95,106,0.97,0.03,0,0,0,0,0,0,normal,21
6,tcp,http,SF,1339,14356,0,0,0,0,0,1,0,0,0,0,0,0,0,0,0,0,12,11,0.02,0.02,0,0,0.97,0.03,0,127,105,0.99,0.01,0,0,0,0,0,0,normal,21
10,udp,domain_u,SF,672,13695,0,0,0,0,0,0,0,0,0,0,0,0,0,0,0,0,12,7,0.02,0.02,0,0,0.9,0.1,0,198,182,0.9,0.1,0,0,0,0,0,0,normal,21
0,icmp,ecr_i,SF,1032,0,0,0,0,0,0,0,0,0,0,0,0,0,0,0,0,0,282,370,0.0,0.0,0,0,0.97,0.06,0,255,255,1.0,0,0,0,0.0,0,0,0,smurf,15
9,tcp,ftp_data,SF,1854,10926,0,0,0,0,0,1,0,0,0,0,0,0,0,0,0,0,7,9,0.02,0.02,0,0,0.91,0.09,0,148,60,0.91,0.09,0,0,0,0,0,0,normal,21
28,tcp,ftp,SF,547,2185,0,0,0,1,0,1,0,0,0,0,0,0,0,0,0,0,1,1,0,0,0,0,0,0,0,30,1,0,0,0,0,0,0,0,0,ftp_write,13
95,tcp,telnet,SF,3894,4973,0,0,0,0,0,1,0,1,1,4,2,0,0,0,0,0,1,1,0,0,0,0,0,0,0,12,7,0,0,0,0,0,0,0,0,loadmodule,10
0,tcp,private,S0,4,0,0,0,0,0,0,0,0,0,0,0,0,0,0,0,0,0,502,371,0.87,0.87,0,0,1.0,0.03,0,255,12,0.2,0,0,0,0.87,0,0,0,back,19
7,udp,smtp,SF,157,691,0,0,0,0,0,1,0,0,0,0,0,0,0,0,0,0,15,10,0.03,0.03,0,0,0.99,0.01,0,105,166,0.88,0.12,0,0,0,0,0,0,normal,21
1,tcp,ftp_data,SF,899,2771,0,0,0,0,0,1,0,0,0,0,0,0,0,0,0,0,1,2,0.02,0.02,0,0,0.98,0.02,0,159,125,0.98,0.02,0,0,0,0,0,0,normal,21
0,tcp,private,S0,4,0,0,0,0,0,0,0,0,0,0,0,0,0,0,0,0,0,243,293,0.98,0.98,0,0,0.98,0.03,0,255,50,0.18,0,0,0,0.98,0,0,0,neptune,16
1,udp,http,SF,1140,12818,0,0,0,0,0,1,0,0,0,0,0,0,0,0,0,0,1,1,0.03,0.03,0,0,1.0,0.0,0,227,195,0.96,0.04,0,0,0,0,0,0,normal,21
0,tcp,private,REJ,21,0,0,0,0,0,0,0,0,0,0,0,0,0,0,0,0,0,140,169,0.95,0.95,0,0,0.97,0.09,0,255,42,0.15,0,0,0,0.95,0,0,0,neptune,19
0,icmp,ecr_i,SF,1032,0,0,0,0,0,0,0,0,0,0,0,0,0,0,0,0,0,381,213,0.0,0.0,0,0,0.9,0.02,0,255,255,1.0,0,0,0,0.0,0,0,0,smurf,20
5,tcp,eco_i,SF,28,37,0,0,0,0,0,0,0,0,0,0,0,0,0,0,0,0,5,1,0,0,0,0,0.18,0.66,0,179,1,0,0.6,0.72,0,0,0,0,0,portsweep,15
0,tcp,private,S0,45,0,0,0,0,0,0,0,0,0,0,0,0,0,0,0,0,0,430,321,0.87,0.87,0,0,0.98,0.03,0,255,40,0.17,0,0,0,0.87,0,0,0,back,16
0,tcp,private,S0,31,0,0,0,0,0,0,0,0,0,0,0,0,0,0,0,0,0,433,283,0.81,0.81,0,0,0.91,0.06,0,255,29,0.11,0,0,0,0.81,0,0,0,teardrop,18
6,tcp,http,SF,151,2177,0,0,0,0,0,1,0,0,0,0,0,0,0,0,0,0,5,11,0.0,0.0,0,0,0.92,0.08,0,133,152,1.0,0.0,0,0,0,0,0,0,normal,21
6,tcp,smtp,SF,2029,7564,0,0,0,0,0,1,0,0,0,0,0,0,0,0,0,0,1,4,0.03,0.03,0,0,0.92,0.08,0,250,77,0.94,0.06,0,0,0,0,0,0,normal,21
0,icmp,ecr_i,SF,1032,0,0,0,0,0,0,0,0,0,0,0,0,0,0,0,0,0,292,154,0.0,0.0,0,0,0.94,0.02,0,255,255,1.0,0,0,0,0.0,0,0,0,smurf,20
8,tcp,domain_u,SF,2299,2504,0,0,0,0,0,0,0,0,0,0,0,0,0,0,0,0,4,12,0.04,0.04,0,0,0.98,0.02,0,150,118,0.88,0.12,0,0,0,0,0,0,normal,21
1,tcp,http,SF,232,786,0,0,0,0,0,1,0,0,0,0,0,0,0,0,0,0,12,11,0.04,0.04,0,0,0.92,0.08,0,54,12,0.95,0.05,0,0,0,0,0,0,normal,21
6,tcp,http,SF,1627,11086,0,0,0,0,0,1,0,0,0,0,0,0,0,0,0,0,11,1,0.04,0.04,0,0,0.92,0.08,0,98,185,0.99,0.01,0,0,0,0,0,0,normal,21
10,tcp,http,SF,1410,8042,0,0,0,0,0,1,0,0,0,0,0,0,0,0,0,0,13,10,0.03,0.03,0,0,1.0,0.0,0,42,161,0.88,0.12,0,0,0,0,0,0,normal,21
0,tcp,ftp_data,SF,1007,6064,0,0,0,0,0,1,0,0,0,0,0,0,0,0,0,0,10,3,0.03,0.03,0,0,1.0,0.0,0,125,107,0.88,0.12,0,0,0,0,0,0,normal,21
1,tcp,domain_u,SF,1328,4736,0,0,0,0,0,0,0,0,0,0,0,0,0,0,0,0,5,5,0.01,0.01,0,0,0.91,0.09,0,11,191,0.99,0.01,0,0,0,0,0,0,normal,21
4,udp,domain_u,SF,1426,14768,0,0,0,0,0,0,0,0,0,0,0,0,0,0,0,0,2,11,0.04,0.04,0,0,1.0,0.0,0,142,148,0.97,0.03,0,0,0,0,0,0,normal,21
0,tcp,private,S0,45,0,0,0,0,0,0,0,0,0,0,0,0,0,0,0,0,0,165,429,0.8,0.8,0,0,0.98,0.06,0,255,21,0.11,0,0,0,0.8,0,0,0,neptune,18
10,tcp,smtp,SF,1331,8989,0,0,0,0,0,1,0,0,0,0,0,0,0,0,0,0,7,1,0.02,0.02,0,0,1.0,0.0,0,224,208,0.94,0.06,0,0,0,0,0,0,normal,21
6,udp,ftp_data,SF,510,5643,0,0,0,0,0,1,0,0,0,0,0,0,0,0,0,0,15,7,0.02,0.02,0,0,0.91,0.09,0,169,103,0.94,0.06,0,0,0,0,0,0,normal,21
10,udp,smtp,SF,2441,13159,0,0,0,0,0,1,0,0,0,0,0,0,0,0,0,0,11,3,0.01,0.01,0,0,0.93,0.07,0,135,138,0.96,0.04,0,0,0,0,0,0,normal,21
3,udp,http,SF,2015,6231,0,0,0,0,0,1,0,0,0,0,0,0,0,0,0,0,3,4,0.05,0.05,0,0,1.0,0.0,0,89,137,0.96,0.04,0,0,0,0,0,0,normal,21
9,tcp,http,SF,2380,13714,0,0,0,0,0,1,0,0,0,0,0,0,0,0,0,0,1,7,0.03,0.03,0,0,0.98,0.02,0,223,67,0.93,0.07,0,0,0,0,0,0,normal,21
2,tcp,domain_u,SF,1040,7707,0,0,0,0,0,0,0,0,0,0,0,0,0,0,0,0,13,5,0.02,0.02,0,0,0.97,0.03,0,22,114,0.96,0.04,0,0,0,0,0,0,normal,21
0,tcp,private,REJ,48,0,0,0,0,0,0,0,0,0,0,0,0,0,0,0,0,0,141,478,0.95,0.95,0,0,0.92,0.01,0,255,29,0.02,0,0,0,0.95,0,0,0,neptune,16
0,tcp,http,S0,21,0,0,0,0,0,0,0,0,0,0,0,0,0,0,0,0,0,232,439,0.86,0.86,0,0,0.92,0.01,0,255,47,0.07,0,0,0,0.86,0,0,0,teardrop,18
8,tcp,smtp,SF,297,7472,0,0,0,0,0,1,0,0,0,0,0,0,0,0,0,0,9,7,0.0,0.0,0,0,0.95,0.05,0,61,102,0.98,0.02,0,0,0,0,0,0,normal,21
9,tcp,smtp,SF,1639,4589,0,0,0,0,0,1,0,0,0,0,0,0,0,0,0,0,14,10,0.0,0.0,0,0,1.0,0.0,0,133,118,0.91,0.09,0,0,0,0,0,0,normal,21
0,tcp,private,REJ,14,0,0,0,0,0,0,0,0,0,0,0,0,0,0,0,0,0,496,110,0.94,0.94,0,0,0.91,0.0,0,255,47,0.2,0,0,0,0.94,0,0,0,teardrop,17
10,udp,domain_u,SF,2374,2339,0,0,0,0,0,0,0,0,0,0,0,0,0,0,0,0,5,3,0.03,0.03,0,0,0.99,0.01,0,111,39,0.95,0.05,0,0,0,0,0,0,normal,21
0,tcp,private,REJ,15,0,0,0,0,0,0,0,0,0,0,0,0,0,0,0,0,0,184,461,0.86,0.86,0,0,0.96,0.09,0,255,45,0.02,0,0,0,0.86,0,0,0,neptune,20
5,icmp,eco_i,SF,66,2,0,0,0,0,0,0,0,0,0,0,0,0,0,0,0,0,20,1,0,0,0,0,0.1,0.8,0,180,6,0,0.72,0.96,0,0,0,0,0,satan,15
9,tcp,smtp,SF,1649,11453,0,0,0,0,0,1,0,0,0,0,0,0,0,0,0,0,15,11,0.02,0.02,0,0,0.93,0.07,0,242,105,0.93,0.07,0,0,0,0,0,0,normal,21
0,tcp,private,REJ,39,0,0,0,0,0,0,0,0,0,0,0,0,0,0,0,0,0,326,419,0.82,0.82,0,0,0.94,0.08,0,255,41,0.2,0,0,0,0.82,0,0,0,teardrop,17
0,tcp,http,S0,36,0,0,0,0,0,0,0,0,0,0,0,0,0,0,0,0,0,344,462,0.99,0.99,0,0,0.93,0.02,0,255,15,0.09,0,0,0,0.99,0,0,0,neptune,15
0,tcp,private,REJ,39,0,0,0,0,0,0,0,0,0,0,0,0,0,0,0,0,0,491,102,0.81,0.81,0,0,0.96,0.09,0,255,22,0.14,0,0,0,0.81,0,0,0,back,15
0,tcp,http,REJ,34,0,0,0,0,0,0,0,0,0,0,0,0,0,0,0,0,0,339,291,0.9,0.9,0,0,0.92,0.05,0,255,11,0.05,0,0,0,0.9,0,0,0,back,15
0,tcp,private,S0,39,0,0,0,0,0,0,0,0,0,0,0,0,0,0,0,0,0,194,213,0.91,0.91,0,0,0.9,0.09,0,255,21,0.05,0,0,0,0.91,0,0,0,neptune,16
0,tcp,http,S0,24,0,0,0,0,0,0,0,0,0,0,0,0,0,0,0,0,0,455,119,0.82,0.82,0,0,0.93,0.01,0,255,9,0.19,0,0,0,0.82,0,0,0,neptune,15
5,icmp,private,SF,18,44,0,0,0,0,0,0,0,0,0,0,0,0,0,0,0,0,2,1,0,0,0,0,0.15,0.95,0,225,7,0,0.87,0.85,0,0,0,0,0,satan,17
0,tcp,http,S0,8,0,0,0,0,0,0,0,0,0,0,0,0,0,0,0,0,0,155,370,0.8,0.8,0,0,0.95,0.08,0,255,25,0.03,0,0,0,0.8,0,0,0,teardrop,15
0,tcp,private,REJ,24,0,0,0,0,0,0,0,0,0,0,0,0,0,0,0,0,0,350,365,0.91,0.91,0,0,0.97,0.02,0,255,5,0.16,0,0,0,0.91,0,0,0,neptune,18
0,tcp,http,S0,18,0,0,0,0,0,0,0,0,0,0,0,0,0,0,0,0,0,466,223,0.85,0.85,0,0,0.98,0.08,0,255,19,0.2,0,0,0,0.85,0,0,0,neptune,16
0,icmp,ecr_i,SF,1032,0,0,0,0,0,0,0,0,0,0,0,0,0,0,0,0,0,184,270,0.0,0.0,0,0,0.97,0.03,0,255,255,1.0,0,0,0,0.0,0,0,0,smurf,20
5,udp,ftp_data,SF,800,5301,0,0,0,0,0,1,0,0,0,0,0,0,0,0,0,0,2,6,0.03,0.03,0,0,0.94,0.06,0,50,158,0.89,0.11,0,0,0,0,0,0,normal,21
1,udp,ftp_data,SF,1940,7215,0,0,0,0,0,1,0,0,0,0,0,0,0,0,0,0,1,7,0.02,0.02,0,0,0.99,0.01,0,110,20,0.94,0.06,0,0,0,0,0,0,normal,21
2,tcp,http,SF,1343,9918,0,0,0,0,0,1,0,0,0,0,0,0,0,0,0,0,8,12,0.03,0.03,0,0,0.94,0.06,0,252,238,0.96,0.04,0,0,0,0,0,0,normal,21
2,tcp,http,SF,898,13956,0,0,0,0,0,1,0,0,0,0,0,0,0,0,0,0,11,8,0.0,0.0,0,0,0.94,0.06,0,138,108,0.86,0.14,0,0,0,0,0,0,normal,21
0,tcp,private,REJ,33,0,0,0,0,0,0,0,0,0,0,0,0,0,0,0,0,0,348,134,0.83,0.83,0,0,0.99,0.06,0,255,4,0.14,0,0,0,0.83,0,0,0,back,20
10,tcp,ftp_data,SF,424,13651,0,0,0,0,0,1,0,0,0,0,0,0,0,0,0,0,7,7,0.02,0.02,0,0,0.94,0.06,0,223,107,0.91,0.09,0,0,0,0,0,0,normal,21
0,icmp,ecr_i,SF,1032,0,0,0,0,0,0,0,0,0,0,0,0,0,0,0,0,0,313,382,0.0,0.0,0,0,0.92,0.02,0,255,255,1.0,0,0,0,0.0,0,0,0,smurf,18
0,tcp,private,REJ,39,0,0,0,0,0,0,0,0,0,0,0,0,0,0,0,0,0,464,181,0.81,0.81,0,0,1.0,0.08,0,255,49,0.05,0,0,0,0.81,0,0,0,neptune,20
4,tcp,http,SF,1861,13868,0,0,0,0,0,1,0,0,0,0,0,0,0,0,0,0,10,10,0.04,0.04,0,0,0.99,0.01,0,113,78,0.88,0.12,0,0,0,0,0,0,normal,21
9,udp,ftp_data,SF,1718,6728,0,0,0,0,0,1,0,0,0,0,0,0,0,0,0,0,10,10,0.02,0.02,0,0,0.95,0.05,0,101,71,1.0,0.0,0,0,0,0,0,0,normal,21
27,tcp,telnet,SF,496,2940,0,0,0,2,4,0,0,0,0,0,0,0,0,0,0,0,1,1,0,0,0,0,0,0,0,16,23,0,0,0,0,0,0,0,0,guess_passwd,11
0,tcp,private,REJ,36,8,0,0,0,0,0,0,0,0,0,0,0,0,0,0,0,0,17,1,0,0,0,0,0.05,0.92,0,182,1,0,0.85,0.64,0,0,0,0,0,nmap,16
4,tcp,ftp_data,SF,936,7134,0,0,0,0,0,1,0,0,0,0,0,0,0,0,0,0,4,7,0.03,0.03,0,0,0.95,0.05,0,10,243,0.89,0.11,0,0,0,0,0,0,normal,21
0,tcp,private,REJ,14,0,0,0,0,0,0,0,0,0,0,0,0,0,0,0,0,0,209,435,0.92,0.92,0,0,0.97,0.07,0,255,19,0.1,0,0,0,0.92,0,0,0,back,15
1,udp,http,SF,177,2769,0,0,0,0,0,1,0,0,0,0,0,0,0,0,0,0,10,10,0.02,0.02,0,0,0.93,0.07,0,217,151,0.87,0.13,0,0,0,0,0,0,normal,21
47,tcp,telnet,SF,176,1386,0,0,0,3,5,0,0,0,0,0,0,0,0,0,0,0,1,1,0,0,0,0,0,0,0,17,28,0,0,0,0,0,0,0,0,guess_passwd,14
5,udp,http,SF,541,331,0,0,0,0,0,1,0,0,0,0,0,0,0,0,0,0,2,11,0.01,0.01,0,0,0.99,0.01,0,126,49,0.87,0.13,0,0,0,0,0,0,normal,21
0,icmp,ecr_i,SF,1032,0,0,0,0,0,0,0,0,0,0,0,0,0,0,0,0,0,324,453,0.0,0.0,0,0,0.94,0.09,0,255,255,1.0,0,0,0,0.0,0,0,0,smurf,19
6,tcp,smtp,SF,1151,8038,0,0,0,0,0,1,0,0,0,0,0,0,0,0,0,0,1,5,0.0,0.0,0,0,0.99,0.01,0,24,218,0.89,0.11,0,0,0,0,0,0,normal,21
6,tcp,domain_u,SF,1334,620,0,0,0,0,0,0,0,0,0,0,0,0,0,0,0,0,12,4,0.02,0.02,0,0,0.99,0.01,0,72,189,0.88,0.12,0,0,0,0,0,0,normal,21
9,tcp,domain_u,SF,2290,1753,0,0,0,0,0,0,0,0,0,0,0,0,0,0,0,0,13,5,0.02,0.02,0,0,0.92,0.08,0,62,50,0.91,0.09,0,0,0,0,0,0,normal,21
9,tcp,http,SF,676,1724,0,0,0,0,0,1,0,0,0,0,0,0,0,0,0,0,1,9,0.01,0.01,0,0,0.94,0.06,0,198,145,0.85,0.15,0,0,0,0,0,0,normal,21
5,udp,domain_u,SF,1437,3096,0,0,0,0,0,0,0,0,0,0,0,0,0,0,0,0,2,8,0.04,0.04,0,0,0.95,0.05,0,43,83,0.89,0.11,0,0,0,0,0,0,normal,21
3,tcp,other,SF,14,6,0,0,0,0,0,0,0,0,0,0,0,0,0,0,0,0,2,1,0,0,0,0,0.15,0.63,0,216,5,0,0.88,0.63,0,0,0,0,0,portsweep,14
3,udp,http,SF,1954,8456,0,0,0,0,0,1,0,0,0,0,0,0,0,0,0,0,1,4,0.02,0.02,0,0,0.95,0.05,0,35,198,0.92,0.08,0,0,0,0,0,0,normal,21
5,tcp,http,SF,1338,13515,0,0,0,0,0,1,0,0,0,0,0,0,0,0,0,0,3,4,0.03,0.03,0,0,0.99,0.01,0,15,237,0.89,0.11,0,0,0,0,0,0,normal,21
30,tcp,telnet,SF,229,2858,0,0,0,1,1,0,0,0,0,0,0,0,0,0,0,0,1,1,0,0,0,0,0,0,0,6,3,0,0,0,0,0,0,0,0,guess_passwd,10
0,icmp,ecr_i,SF,1032,0,0,0,0,0,0,0,0,0,0,0,0,0,0,0,0,0,431,127,0.0,0.0,0,0,0.94,0.01,0,255,255,1.0,0,0,0,0.0,0,0,0,smurf,20
4,icmp,other,SF,26,43,0,0,0,0,0,0,0,0,0,0,0,0,0,0,0,0,2,1,0,0,0,0,0.15,0.77,0,195,4,0,0.71,0.82,0,0,0,0,0,satan,17
0,icmp,ecr_i,SF,1032,0,0,0,0,0,0,0,0,0,0,0,0,0,0,0,0,0,144,345,0.0,0.0,0,0,0.91,0.01,0,255,255,1.0,0,0,0,0.0,0,0,0,smurf,17
6,udp,http,SF,1156,3685,0,0,0,0,0,1,0,0,0,0,0,0,0,0,0,0,12,5,0.03,0.03,0,0,0.95,0.05,0,12,206,0.93,0.07,0,0,0,0,0,0,normal,21
0,tcp,http,S0,14,0,0,0,0,0,0,0,0,0,0,0,0,0,0,0,0,0,257,491,0.82,0.82,0,0,0.97,0.05,0,255,15,0.09,0,0,0,0.82,0,0,0,neptune,20
6,tcp,ftp_data,SF,1737,12567,0,0,0,0,0,1,0,0,0,0,0,0,0,0,0,0,15,6,0.02,0.02,0,0,0.94,0.06,0,136,15,0.95,0.05,0,0,0,0,0,0,normal,21
10,tcp,http,SF,1481,8017,0,0,0,0,0,1,0,0,0,0,0,0,0,0,0,0,12,4,0.03,0.03,0,0,0.99,0.01,0,252,184,0.98,0.02,0,0,0,0,0,0,normal,21
0,tcp,private,S0,30,0,0,0,0,0,0,0,0,0,0,0,0,0,0,0,0,0,312,363,0.84,0.84,0,0,0.98,0.04,0,255,34,0.01,0,0,0,0.84,0,0,0,neptune,20
5,tcp,http,SF,1436,9260,0,0,0,0,0,1,0,0,0,0,0,0,0,0,0,0,2,10,0.02,0.02,0,0,0.99,0.01,0,112,91,0.92,0.08,0,0,0,0,0,0,normal,21
0,icmp,eco_i,REJ,84,7,0,0,0,0,0,0,0,0,0,0,0,0,0,0,0,0,9,1,0,0,0,0,0.2,0.8,0,169,7,0,0.83,0.96,0,0,0,0,0,satan,13
1,icmp,other,SH,99,31,0,0,0,0,0,0,0,0,0,0,0,0,0,0,0,0,9,1,0,0,0,0,0.09,0.72,0,248,5,0,0.54,0.96,0,0,0,0,0,satan,16
0,tcp,http,S0,36,0,0,0,0,0,0,0,0,0,0,0,0,0,0,0,0,0,217,295,0.99,0.99,0,0,0.98,0.05,0,255,35,0.01,0,0,0,0.99,0,0,0,neptune,20
0,tcp,http,S0,49,0,0,0,0,0,0,0,0,0,0,0,0,0,0,0,0,0,460,340,0.86,0.86,0,0,0.95,0.05,0,255,20,0.1,0,0,0,0.86,0,0,0,back,20
1,tcp,smtp,SF,394,2100,0,0,0,0,0,1,0,0,0,0,0,0,0,0,0,0,4,8,0.02,0.02,0,0,0.96,0.04,0,169,230,1.0,0.0,0,0,0,0,0,0,normal,21
0,tcp,http,S0,34,0,0,0,0,0,0,0,0,0,0,0,0,0,0,0,0,0,165,424,0.97,0.97,0,0,0.98,0.05,0,255,3,0.11,0,0,0,0.97,0,0,0,teardrop,15
9,tcp,ftp_data,SF,1396,1054,0,0,0,0,0,1,0,0,0,0,0,0,0,0,0,0,10,4,0.03,0.03,0,0,0.9,0.1,0,108,63,0.92,0.08,0,0,0,0,0,0,normal,21
6,udp,domain_u,SF,852,10828,0,0,0,0,0,0,0,0,0,0,0,0,0,0,0,0,8,1,0.02,0.02,0,0,0.94,0.06,0,24,28,0.89,0.11,0,0,0,0,0,0,normal,21
5,tcp,private,SH,81,14,0,0,0,0,0,0,0,0,0,0,0,0,0,0,0,0,13,1,0,0,0,0,0.19,0.92,0,226,8,0,0.75,0.85,0,0,0,0,0,portsweep,13
3,tcp,http,SF,2482,4500,0,0,0,0,0,1,0,0,0,0,0,0,0,0,0,0,13,8,0.01,0.01,0,0,0.95,0.05,0,211,235,0.91,0.09,0,0,0,0,0,0,normal,21
10,tcp,http,SF,1274,5693,0,0,0,0,0,1,0,0,0,0,0,0,0,0,0,0,5,6,0.02,0.02,0,0,0.93,0.07,0,127,75,0.95,0.05,0,0,0,0,0,0,normal,21
2,icmp,other,RSTO,59,28,0,0,0,0,0,0,0,0,0,0,0,0,0,0,0,0,1,1,0,0,0,0,0.05,0.89,0,213,8,0,0.83,0.65,0,0,0,0,0,ipsweep,15
25,tcp,ftp,SF,223,2980,0,0,0,1,0,1,0,0,0,0,0,0,0,0,0,1,1,1,0,0,0,0,0,0,0,6,27,0,0,0,0,0,0,0,0,warezclient,14
8,udp,http,SF,553,7248,0,0,0,0,0,1,0,0,0,0,0,0,0,0,0,0,12,12,0.0,0.0,0,0,0.91,0.09,0,162,206,0.96,0.04,0,0,0,0,0,0,normal,21
8,udp,http,SF,1821,12560,0,0,0,0,0,1,0,0,0,0,0,0,0,0,0,0,7,7,0.01,0.01,0,0,0.9,0.1,0,170,70,0.94,0.06,0,0,0,0,0,0,normal,21
0,tcp,private,REJ,14,0,0,0,0,0,0,0,0,0,0,0,0,0,0,0,0,0,198,313,0.87,0.87,0,0,0.98,0.03,0,255,6,0.14,0,0,0,0.87,0,0,0,teardrop,19
1,tcp,smtp,SF,1357,3706,0,0,0,0,0,1,0,0,0,0,0,0,0,0,0,0,7,7,0.02,0.02,0,0,0.94,0.06,0,220,183,0.9,0.1,0,0,0,0,0,0,normal,21
0,tcp,http,REJ,25,0,0,0,0,0,0,0,0,0,0,0,0,0,0,0,0,0,287,266,0.91,0.91,0,0,0.98,0.0,0,255,42,0.02,0,0,0,0.91,0,0,0,neptune,18
0,tcp,http,S0,44,0,0,0,0,0,0,0,0,0,0,0,0,0,0,0,0,0,431,368,0.87,0.87,0,0,0.94,0.08,0,255,28,0.02,0,0,0,0.87,0,0,0,teardrop,16
0,tcp,http,REJ,10,0,0,0,0,0,0,0,0,0,0,0,0,0,0,0,0,0,237,132,0.95,0.95,0,0,0.92,0.01,0,255,2,0.14,0,0,0,0.95,0,0,0,teardrop,20
0,tcp,private,REJ,29,0,0,0,0,0,0,0,0,0,0,0,0,0,0,0,0,0,252,103,0.99,0.99,0,0,0.94,0.09,0,255,28,0.09,0,0,0,0.99,0,0,0,teardrop,19
7,udp,http,SF,1389,12644,0,0,0,0,0,1,0,0,0,0,0,0,0,0,0,0,7,6,0.04,0.04,0,0,0.97,0.03,0,251,69,0.89,0.11,0,0,0,0,0,0,normal,21
91,tcp,telnet,SF,2999,5841,0,0,0,0,0,1,0,1,1,4,1,0,0,0,0,0,1,1,0,0,0,0,0,0,0,5,16,0,0,0,0,0,0,0,0,buffer_overflow,5
0,icmp,ecr_i,SF,1032,0,0,0,0,0,0,0,0,0,0,0,0,0,0,0,0,0,142,189,0.0,0.0,0,0,0.96,0.08,0,255,255,1.0,0,0,0,0.0,0,0,0,smurf,20
4,tcp,private,SH,77,45,0,0,0,0,0,0,0,0,0,0,0,0,0,0,0,0,13,1,0,0,0,0,0.13,0.71,0,221,3,0,0.55,0.98,0,0,0,0,0,portsweep,16
0,icmp,eco_i,RSTO,98,1,0,0,0,0,0,0,0,0,0,0,0,0,0,0,0,0,10,1,0,0,0,0,0.08,0.64,0,226,3,0,0.86,0.64,0,0,0,0,0,ipsweep,15
0,tcp,domain_u,SF,1295,742,0,0,0,0,0,0,0,0,0,0,0,0,0,0,0,0,12,11,0.02,0.02,0,0,0.96,0.04,0,190,57,0.88,0.12,0,0,0,0,0,0,normal,21
0,tcp,http,REJ,17,0,0,0,0,0,0,0,0,0,0,0,0,0,0,0,0,0,213,181,0.96,0.96,0,0,0.96,0.0,0,255,25,0.09,0,0,0,0.96,0,0,0,back,15
0,tcp,http,S0,39,0,0,0,0,0,0,0,0,0,0,0,0,0,0,0,0,0,451,314,0.81,0.81,0,0,0.91,0.08,0,255,42,0.01,0,0,0,0.81,0,0,0,neptune,17
0,tcp,http,SF,279,12826,0,0,0,0,0,1,0,0,0,0,0,0,0,0,0,0,6,1,0.01,0.01,0,0,0.95,0.05,0,17,229,0.94,0.06,0,0,0,0,0,0,normal,21
5,udp,smtp,SF,1493,5414,0,0,0,0,0,1,0,0,0,0,0,0,0,0,0,0,1,5,0.02,0.02,0,0,0.92,0.08,0,160,229,0.85,0.15,0,0,0,0,0,0,normal,21
7,tcp,smtp,SF,578,13837,0,0,0,0,0,1,0,0,0,0,0,0,0,0,0,0,6,11,0.02,0.02,0,0,0.96,0.04,0,194,237,0.99,0.01,0,0,0,0,0,0,normal,21
0,tcp,http,REJ,44,0,0,0,0,0,0,0,0,0,0,0,0,0,0,0,0,0,439,349,0.87,0.87,0,0,0.95,0.03,0,255,42,0.14,0,0,0,0.87,0,0,0,back,17
4,tcp,ftp_data,SF,2297,3847,0,0,0,0,0,1,0,0,0,0,0,0,0,0,0,0,6,12,0.03,0.03,0,0,0.92,0.08,0,153,141,0.98,0.02,0,0,0,0,0,0,normal,21
0,tcp,http,REJ,25,0,0,0,0,0,0,0,0,0,0,0,0,0,0,0,0,0,417,175,0.99,0.99,0,0,0.93,0.09,0,255,20,0.05,0,0,0,0.99,0,0,0,neptune,19
9,tcp,http,SF,2391,11577,0,0,0,0,0,1,0,0,0,0,0,0,0,0,0,0,15,9,0.04,0.04,0,0,0.93,0.07,0,188,60,0.95,0.05,0,0,0,0,0,0,normal,21
10,tcp,http,SF,1073,7621,0,0,0,0,0,1,0,0,0,0,0,0,0,0,0,0,3,1,0.0,0.0,0,0,0.94,0.06,0,35,80,0.9,0.1,0,0,0,0,0,0,normal,21
0,tcp,private,S0,27,0,0,0,0,0,0,0,0,0,0,0,0,0,0,0,0,0,348,392,0.95,0.95,0,0,0.98,0.1,0,255,45,0.12,0,0,0,0.95,0,0,0,back,17
9,tcp,http,SF,1137,10534,0,0,0,0,0,1,0,0,0,0,0,0,0,0,0,0,1,10,0.03,0.03,0,0,0.96,0.04,0,167,174,0.98,0.02,0,0,0,0,0,0,normal,21
1,tcp,http,SF,558,10213,0,0,0,0,0,1,0,0,0,0,0,0,0,0,0,0,10,10,0.02,0.02,0,0,1.0,0.0,0,239,124,0.95,0.05,0,0,0,0,0,0,normal,21
2,tcp,domain_u,SF,1695,3089,0,0,0,0,0,0,0,0,0,0,0,0,0,0,0,0,13,8,0.01,0.01,0,0,0.91,0.09,0,131,72,0.94,0.06,0,0,0,0,0,0,normal,21
3,tcp,smtp,SF,647,10865,0,0,0,0,0,1,0,0,0,0,0,0,0,0,0,0,15,4,0.03,0.03,0,0,0.95,0.05,0,139,203,0.97,0.03,0,0,0,0,0,0,normal,21
1,udp,http,SF,2342,3007,0,0,0,0,0,1,0,0,0,0,0,0,0,0,0,0,9,1,0.0,0.0,0,0,0.96,0.04,0,93,85,0.98,0.02,0,0,0,0,0,0,normal,21
8,tcp,domain_u,SF,885,6999,0,0,0,0,0,0,0,0,0,0,0,0,0,0,0,0,11,2,0.02,0.02,0,0,0.93,0.07,0,224,106,0.88,0.12,0,0,0,0,0,0,normal,21
0,tcp,eco_i,RSTO,32,43,0,0,0,0,0,0,0,0,0,0,0,0,0,0,0,0,16,1,0,0,0,0,0.2,0.8,0,245,4,0,0.6,0.85,0,0,0,0,0,portsweep,14
0,tcp,private,REJ,7,0,0,0,0,0,0,0,0,0,0,0,0,0,0,0,0,0,214,247,0.89,0.89,0,0,0.95,0.05,0,255,43,0.15,0,0,0,0.89,0,0,0,back,15
9,udp,ftp_data,SF,2352,14434,0,0,0,0,0,1,0,0,0,0,0,0,0,0,0,0,11,12,0.05,0.05,0,0,0.96,0.04,0,139,114,0.99,0.01,0,0,0,0,0,0,normal,21
10,tcp,domain_u,SF,318,7156,0,0,0,0,0,0,0,0,0,0,0,0,0,0,0,0,8,10,0.01,0.01,0,0,0.98,0.02,0,212,196,0.9,0.1,0,0,0,0,0,0,normal,21
2,icmp,eco_i,SH,33,1,0,0,0,0,0,0,0,0,0,0,0,0,0,0,0,0,17,1,0,0,0,0,0.15,0.87,0,152,8,0,0.81,0.79,0,0,0,0,0,ipsweep,13
2,udp,ftp_data,SF,1278,11517,0,0,0,0,0,1,0,0,0,0,0,0,0,0,0,0,2,9,0.03,0.03,0,0,0.91,0.09,0,145,153,0.99,0.01,0,0,0,0,0,0,normal,21
0,tcp,http,REJ,18,0,0,0,0,0,0,0,0,0,0,0,0,0,0,0,0,0,430,458,0.93,0.93,0,0,0.99,0.02,0,255,15,0.01,0,0,0,0.93,0,0,0,teardrop,16
8,tcp,domain_u,SF,1419,6488,0,0,0,0,0,0,0,0,0,0,0,0,0,0,0,0,13,9,0.05,0.05,0,0,0.9,0.1,0,29,120,0.87,0.13,0,0,0,0,0,0,normal,21
0,tcp,ftp_data,SF,1182,13778,0,0,0,0,0,1,0,0,0,0,0,0,0,0,0,0,5,1,0.02,0.02,0,0,0.91,0.09,0,249,253,0.9,0.1,0,0,0,0,0,0,normal,21
0,tcp,private,REJ,42,0,0,0,0,0,0,0,0,0,0,0,0,0,0,0,0,0,146,103,0.98,0.98,0,0,0.97,0.04,0,255,21,0.03,0,0,0,0.98,0,0,0,teardrop,15
5,icmp,eco_i,SF,11,38,0,0,0,0,0,0,0,0,0,0,0,0,0,0,0,0,7,1,0,0,0,0,0.17,0.69,0,228,9,0,0.51,0.62,0,0,0,0,0,satan,13
0,tcp,http,S0,3,0,0,0,0,0,0,0,0,0,0,0,0,0,0,0,0,0,510,170,0.8,0.8,0,0,0.92,0.08,0,255,38,0.15,0,0,0,0.8,0,0,0,teardrop,17
0,tcp,http,REJ,35,0,0,0,0,0,0,0,0,0,0,0,0,0,0,0,0,0,213,122,0.85,0.85,0,0,0.97,0.02,0,255,39,0.12,0,0,0,0.85,0,0,0,back,20
5,tcp,ftp_data,SF,2356,14140,0,0,0,0,0,1,0,0,0,0,0,0,0,0,0,0,1,5,0.02,0.02,0,0,0.98,0.02,0,174,161,0.89,0.11,0,0,0,0,0,0,normal,21
0,icmp,ecr_i,SF,1032,0,0,0,0,0,0,0,0,0,0,0,0,0,0,0,0,0,203,135,0.0,0.0,0,0,0.99,0.09,0,255,255,1.0,0,0,0,0.0,0,0,0,smurf,19
2,tcp,eco_i,SH,28,10,0,0,0,0,0,0,0,0,0,0,0,0,0,0,0,0,6,1,0,0,0,0,0.17,0.72,0,185,9,0,0.84,0.93,0,0,0,0,0,nmap,12
5,tcp,domain_u,SF,299,9392,0,0,0,0,0,0,0,0,0,0,0,0,0,0,0,0,8,10,0.02,0.02,0,0,0.94,0.06,0,57,86,0.86,0.14,0,0,0,0,0,0,normal,21
8,udp,ftp_data,SF,307,12654,0,0,0,0,0,1,0,0,0,0,0,0,0,0,0,0,4,7,0.04,0.04,0,0,0.98,0.02,0,100,38,0.88,0.12,0,0,0,0,0,0,normal,21
0,tcp,private,SH,12,21,0,0,0,0,0,0,0,0,0,0,0,0,0,0,0,0,15,1,0,0,0,0,0.1,0.63,0,206,8,0,0.72,0.64,0,0,0,0,0,nmap,17
7,udp,smtp,SF,2042,14293,0,0,0,0,0,1,0,0,0,0,0,0,0,0,0,0,14,5,0.02,0.02,0,0,0.95,0.05,0,204,76,0.88,0.12,0,0,0,0,0,0,normal,21
2,tcp,smtp,SF,152,606,0,0,0,0,0,1,0,0,0,0,0,0,0,0,0,0,6,10,0.05,0.05,0,0,0.91,0.09,0,209,40,0.85,0.15,0,0,0,0,0,0,normal,21
3,udp,domain_u,SF,2055,11999,0,0,0,0,0,0,0,0,0,0,0,0,0,0,0,0,6,2,0.03,0.03,0,0,0.99,0.01,0,218,156,0.94,0.06,0,0,0,0,0,0,normal,21
0,icmp,ecr_i,SF,1032,0,0,0,0,0,0,0,0,0,0,0,0,0,0,0,0,0,443,273,0.0,0.0,0,0,0.99,0.07,0,255,255,1.0,0,0,0,0.0,0,0,0,smurf,16
115,tcp,telnet,SF,1920,3131,0,0,0,0,0,1,0,1,1,1,3,0,0,0,0,0,1,1,0,0,0,0,0,0,0,16,3,0,0,0,0,0,0,0,0,loadmodule,5
1,tcp,ftp_data,SF,2211,5732,0,0,0,0,0,1,0,0,0,0,0,0,0,0,0,0,5,8,0.01,0.01,0,0,0.96,0.04,0,209,178,0.86,0.14,0,0,0,0,0,0,normal,21
5,tcp,domain_u,SF,593,2555,0,0,0,0,0,0,0,0,0,0,0,0,0,0,0,0,4,10,0.03,0.03,0,0,0.94,0.06,0,172,72,0.94,0.06,0,0,0,0,0,0,normal,21
1,udp,domain_u,SF,910,1184,0,0,0,0,0,0,0,0,0,0,0,0,0,0,0,0,7,8,0.03,0.03,0,0,0.91,0.09,0,42,221,0.86,0.14,0,0,0,0,0,0,normal,21
5,tcp,private,SF,73,9,0,0,0,0,0,0,0,0,0,0,0,0,0,0,0,0,11,1,0,0,0,0,0.18,0.92,0,248,3,0,0.62,0.64,0,0,0,0,0,ipsweep,14
9,tcp,ftp_data,SF,1461,9863,0,0,0,0,0,1,0,0,0,0,0,0,0,0,0,0,3,7,0.03,0.03,0,0,0.98,0.02,0,247,154,0.99,0.01,0,0,0,0,0,0,normal,21
10,tcp,domain_u,SF,996,10819,0,0,0,0,0,0,0,0,0,0,0,0,0,0,0,0,3,5,0.01,0.01,0,0,0.96,0.04,0,180,243,0.92,0.08,0,0,0,0,0,0,normal,21
4,tcp,private,REJ,38,9,0,0,0,0,0,0,0,0,0,0,0,0,0,0,0,0,19,1,0,0,0,0,0.11,0.83,0,197,2,0,0.59,0.89,0,0,0,0,0,ipsweep,12
3,tcp,http,SF,1858,13838,0,0,0,0,0,1,0,0,0,0,0,0,0,0,0,0,9,10,0.01,0.01,0,0,1.0,0.0,0,139,72,0.99,0.01,0,0,0,0,0,0,normal,21
0,icmp,private,SF,8,34,0,0,0,0,0,0,0,0,0,0,0,0,0,0,0,0,3,1,0,0,0,0,0.14,0.63,0,223,1,0,0.87,0.83,0,0,0,0,0,portsweep,18
2,tcp,eco_i,SH,40,25,0,0,0,0,0,0,0,0,0,0,0,0,0,0,0,0,5,1,0,0,0,0,0.11,0.97,0,203,3,0,0.85,0.8,0,0,0,0,0,satan,16
0,tcp,http,REJ,40,0,0,0,0,0,0,0,0,0,0,0,0,0,0,0,0,0,200,257,0.81,0.81,0,0,0.9,0.05,0,255,44,0.14,0,0,0,0.81,0,0,0,back,17
4,tcp,ftp_data,SF,2462,1148,0,0,0,0,0,1,0,0,0,0,0,0,0,0,0,0,15,2,0.01,0.01,0,0,0.9,0.1,0,192,22,0.86,0.14,0,0,0,0,0,0,normal,21
4,udp,domain_u,SF,1052,6529,0,0,0,0,0,0,0,0,0,0,0,0,0,0,0,0,2,8,0.03,0.03,0,0,0.98,0.02,0,86,50,0.95,0.05,0,0,0,0,0,0,normal,21
0,tcp,http,REJ,29,0,0,0,0,0,0,0,0,0,0,0,0,0,0,0,0,0,319,380,0.94,0.94,0,0,1.0,0.1,0,255,27,0.02,0,0,0,0.94,0,0,0,teardrop,20
5,tcp,smtp,SF,660,8510,0,0,0,0,0,1,0,0,0,0,0,0,0,0,0,0,4,5,0.05,0.05,0,0,0.9,0.1,0,201,56,1.0,0.0,0,0,0,0,0,0,normal,21
9,tcp,ftp_data,SF,1140,14824,0,0,0,0,0,1,0,0,0,0,0,0,0,0,0,0,2,12,0.01,0.01,0,0,0.98,0.02,0,95,197,0.86,0.14,0,0,0,0,0,0,normal,21
8,tcp,smtp,SF,1128,5997,0,0,0,0,0,1,0,0,0,0,0,0,0,0,0,0,11,5,0.01,0.01,0,0,0.92,0.08,0,140,52,0.98,0.02,0,0,0,0,0,0,normal,21
0,tcp,http,S0,17,0,0,0,0,0,0,0,0,0,0,0,0,0,0,0,0,0,465,220,0.83,0.83,0,0,0.99,0.02,0,255,6,0.09,0,0,0,0.83,0,0,0,back,15
0,icmp,ecr_i,SF,1032,0,0,0,0,0,0,0,0,0,0,0,0,0,0,0,0,0,483,166,0.0,0.0,0,0,0.95,0.0,0,255,255,1.0,0,0,0,0.0,0,0,0,smurf,16
0,icmp,ecr_i,SF,1032,0,0,0,0,0,0,0,0,0,0,0,0,0,0,0,0,0,176,303,0.0,0.0,0,0,0.91,0.0,0,255,255,1.0,0,0,0,0.0,0,0,0,smurf,18
10,udp,smtp,SF,2186,620,0,0,0,0,0,1,0,0,0,0,0,0,0,0,0,0,6,4,0.0,0.0,0,0,0.96,0.04,0,59,61,0.98,0.02,0,0,0,0,0,0,normal,21
0,tcp,private,REJ,24,0,0,0,0,0,0,0,0,0,0,0,0,0,0,0,0,0,430,507,0.86,0.86,0,0,0.96,0.05,0,255,50,0.04,0,0,0,0.86,0,0,0,back,16
25,tcp,ftp,SF,522,1227,0,0,0,3,0,1,0,0,0,0,0,0,0,0,0,1,1,1,0,0,0,0,0,0,0,28,20,0,0,0,0,0,0,0,0,warezclient,11
0,tcp,private,REJ,36,0,0,0,0,0,0,0,0,0,0,0,0,0,0,0,0,0,209,508,0.92,0.92,0,0,0.95,0.01,0,255,2,0.07,0,0,0,0.92,0,0,0,neptune,20
0,tcp,http,S0,19,0,0,0,0,0,0,0,0,0,0,0,0,0,0,0,0,0,448,368,0.81,0.81,0,0,0.98,0.07,0,255,46,0.13,0,0,0,0.81,0,0,0,back,20
8,tcp,http,SF,912,3621,0,0,0,0,0,1,0,0,0,0,0,0,0,0,0,0,14,12,0.0,0.0,0,0,0.97,0.03,0,22,55,0.93,0.07,0,0,0,0,0,0,normal,21
10,udp,domain_u,SF,1342,6287,0,0,0,0,0,0,0,0,0,0,0,0,0,0,0,0,2,12,0.0,0.0,0,0,0.91,0.09,0,242,155,1.0,0.0,0,0,0,0,0,0,normal,21
6,udp,domain_u,SF,526,10660,0,0,0,0,0,0,0,0,0,0,0,0,0,0,0,0,14,6,0.0,0.0,0,0,0.96,0.04,0,149,134,0.99,0.01,0,0,0,0,0,0,normal,21
6,tcp,http,SF,1474,5606,0,0,0,0,0,1,0,0,0,0,0,0,0,0,0,0,5,6,0.05,0.05,0,0,0.95,0.05,0,56,188,0.96,0.04,0,0,0,0,0,0,normal,21
0,tcp,private,REJ,28,0,0,0,0,0,0,0,0,0,0,0,0,0,0,0,0,0,155,317,0.96,0.96,0,0,0.92,0.09,0,255,50,0.13,0,0,0,0.96,0,0,0,neptune,18
2,tcp,domain_u,SF,1300,9413,0,0,0,0,0,0,0,0,0,0,0,0,0,0,0,0,5,6,0.01,0.01,0,0,0.97,0.03,0,188,249,0.92,0.08,0,0,0,0,0,0,normal,21
5,tcp,smtp,SF,1387,7717,0,0,0,0,0,1,0,0,0,0,0,0,0,0,0,0,9,5,0.02,0.02,0,0,0.96,0.04,0,250,144,0.87,0.13,0,0,0,0,0,0,normal,21
1,tcp,other,SH,16,7,0,0,0,0,0,0,0,0,0,0,0,0,0,0,0,0,15,1,0,0,0,0,0.13,0.87,0,157,10,0,0.51,0.92,0,0,0,0,0,nmap,16
0,icmp,ecr_i,SF,1032,0,0,0,0,0,0,0,0,0,0,0,0,0,0,0,0,0,484,503,0.0,0.0,0,0,0.93,0.03,0,255,255,1.0,0,0,0,0.0,0,0,0,smurf,20
23,tcp,telnet,SF,2175,4223,0,0,0,0,0,1,0,1,1,5,3,0,0,0,0,0,1,1,0,0,0,0,0,0,0,6,17,0,0,0,0,0,0,0,0,buffer_overflow,10
5,tcp,ftp_data,SF,280,12202,0,0,0,0,0,1,0,0,0,0,0,0,0,0,0,0,9,11,0.03,0.03,0,0,0.94,0.06,0,38,217,0.96,0.04,0,0,0,0,0,0,normal,21
24,tcp,ftp,SF,785,2013,0,0,0,1,0,1,0,0,0,0,0,0,0,0,0,1,1,1,0,0,0,0,0,0,0,21,3,0,0,0,0,0,0,0,0,warezclient,14
27,tcp,ftp,SF,326,2828,0,0,0,2,0,1,0,0,0,0,0,0,0,0,0,1,1,1,0,0,0,0,0,0,0,20,27,0,0,0,0,0,0,0,0,warezclient,8
8,tcp,http,SF,2444,1735,0,0,0,0,0,1,0,0,0,0,0,0,0,0,0,0,1,12,0.0,0.0,0,0,0.92,0.08,0,166,39,0.97,0.03,0,0,0,0,0,0,normal,21
0,tcp,http,REJ,9,0,0,0,0,0,0,0,0,0,0,0,0,0,0,0,0,0,462,191,0.95,0.95,0,0,0.93,0.07,0,255,25,0.07,0,0,0,0.95,0,0,0,neptune,17
53,tcp,telnet,SF,399,527,0,0,0,1,4,0,0,0,0,0,0,0,0,0,0,0,1,1,0,0,0,0,0,0,0,21,21,0,0,0,0,0,0,0,0,guess_passwd,14
7,tcp,http,SF,677,10305,0,0,0,0,0,1,0,0,0,0,0,0,0,0,0,0,14,12,0.03,0.03,0,0,0.94,0.06,0,26,16,0.86,0.14,0,0,0,0,0,0,normal,21
2,tcp,ftp_data,SF,2341,14398,0,0,0,0,0,1,0,0,0,0,0,0,0,0,0,0,6,9,0.04,0.04,0,0,0.9,0.1,0,164,163,1.0,0.0,0,0,0,0,0,0,normal,21
0,tcp,private,REJ,28,0,0,0,0,0,0,0,0,0,0,0,0,0,0,0,0,0,338,440,0.9,0.9,0,0,0.92,0.04,0,255,17,0.09,0,0,0,0.9,0,0,0,teardrop,15
0,icmp,ecr_i,SF,1032,0,0,0,0,0,0,0,0,0,0,0,0,0,0,0,0,0,289,251,0.0,0.0,0,0,0.91,0.09,0,255,255,1.0,0,0,0,0.0,0,0,0,smurf,18
0,tcp,http,S0,33,0,0,0,0,0,0,0,0,0,0,0,0,0,0,0,0,0,240,105,0.94,0.94,0,0,0.97,0.09,0,255,7,0.11,0,0,0,0.94,0,0,0,neptune,18
2,udp,smtp,SF,1759,10876,0,0,0,0,0,1,0,0,0,0,0,0,0,0,0,0,10,11,0.02,0.02,0,0,0.93,0.07,0,26,25,0.99,0.01,0,0,0,0,0,0,normal,21
7,tcp,http,SF,480,3072,0,0,0,0,0,1,0,0,0,0,0,0,0,0,0,0,2,5,0.01,0.01,0,0,0.93,0.07,0,207,126,0.96,0.04,0,0,0,0,0,0,normal,21
0,tcp,private,S0,33,0,0,0,0,0,0,0,0,0,0,0,0,0,0,0,0,0,134,379,0.88,0.88,0,0,0.95,0.02,0,255,32,0.19,0,0,0,0.88,0,0,0,back,16
10,udp,ftp_data,SF,399,3371,0,0,0,0,0,1,0,0,0,0,0,0,0,0,0,0,12,11,0.04,0.04,0,0,0.99,0.01,0,159,253,0.96,0.04,0,0,0,0,0,0,normal,21
6,tcp,smtp,SF,573,14699,0,0,0,0,0,1,0,0,0,0,0,0,0,0,0,0,4,12,0.01,0.01,0,0,0.91,0.09,0,24,117,0.95,0.05,0,0,0,0,0,0,normal,21
0,tcp,private,REJ,48,0,0,0,0,0,0,0,0,0,0,0,0,0,0,0,0,0,289,227,0.81,0.81,0,0,0.98,0.1,0,255,50,0.15,0,0,0,0.81,0,0,0,back,17
8,udp,domain_u,SF,1982,10501,0,0,0,0,0,0,0,0,0,0,0,0,0,0,0,0,2,3,0.04,0.04,0,0,0.93,0.07,0,19,69,0.91,0.09,0,0,0,0,0,0,normal,21
2,tcp,smtp,SF,2460,2397,0,0,0,0,0,1,0,0,0,0,0,0,0,0,0,0,1,2,0.04,0.04,0,0,0.96,0.04,0,167,49,0.95,0.05,0,0,0,0,0,0,normal,21
9,udp,http,SF,819,7408,0,0,0,0,0,1,0,0,0,0,0,0,0,0,0,0,8,4,0.04,0.04,0,0,0.94,0.06,0,161,151,0.97,0.03,0,0,0,0,0,0,normal,21
7,tcp,domain_u,SF,1839,13249,0,0,0,0,0,0,0,0,0,0,0,0,0,0,0,0,14,4,0.02,0.02,0,0,0.94,0.06,0,212,165,0.87,0.13,0,0,0,0,0,0,normal,21
0,icmp,ecr_i,SF,1032,0,0,0,0,0,0,0,0,0,0,0,0,0,0,0,0,0,339,323,0.0,0.0,0,0,0.94,0.01,0,255,255,1.0,0,0,0,0.0,0,0,0,smurf,16
0,tcp,http,SF,377,5024,0,0,0,0,0,1,0,0,0,0,0,0,0,0,0,0,8,10,0.03,0.03,0,0,0.95,0.05,0,63,216,0.87,0.13,0,0,0,0,0,0,normal,21
0,icmp,ecr_i,SF,1032,0,0,0,0,0,0,0,0,0,0,0,0,0,0,0,0,0,404,131,0.0,0.0,0,0,0.93,0.07,0,255,255,1.0,0,0,0,0.0,0,0,0,smurf,19
1,tcp,private,REJ,38,21,0,0,0,0,0,0,0,0,0,0,0,0,0,0,0,0,15,1,0,0,0,0,0.05,0.79,0,236,5,0,0.76,0.77,0,0,0,0,0,ipsweep,15
0,icmp,ecr_i,SF,1032,0,0,0,0,0,0,0,0,0,0,0,0,0,0,0,0,0,391,438,0.0,0.0,0,0,0.91,0.1,0,255,255,1.0,0,0,0,0.0,0,0,0,smurf,16
4,udp,http,SF,820,13236,0,0,0,0,0,1,0,0,0,0,0,0,0,0,0,0,5,8,0.02,0.02,0,0,0.92,0.08,0,133,67,0.89,0.11,0,0,0,0,0,0,normal,21
0,icmp,other,RSTO,59,28,0,0,0,0,0,0,0,0,0,0,0,0,0,0,0,0,9,1,0,0,0,0,0.06,0.87,0,207,5,0,0.8,0.62,0,0,0,0,0,satan,17
0,tcp,http,REJ,18,0,0,0,0,0,0,0,0,0,0,0,0,0,0,0,0,0,130,385,0.96,0.96,0,0,0.93,0.02,0,255,35,0.16,0,0,0,0.96,0,0,0,back,18
1,udp,smtp,SF,475,6986,0,0,0,0,0,1,0,0,0,0,0,0,0,0,0,0,6,9,0.02,0.02,0,0,1.0,0.0,0,163,27,0.88,0.12,0,0,0,0,0,0,normal,21
10,tcp,http,SF,2459,5405,0,0,0,0,0,1,0,0,0,0,0,0,0,0,0,0,2,2,0.0,0.0,0,0,0.91,0.09,0,98,166,0.93,0.07,0,0,0,0,0,0,normal,21
0,icmp,ecr_i,SF,1032,0,0,0,0,0,0,0,0,0,0,0,0,0,0,0,0,0,498,395,0.0,0.0,0,0,0.91,0.03,0,255,255,1.0,0,0,0,0.0,0,0,0,smurf,19
3,tcp,smtp,SF,978,10615,0,0,0,0,0,1,0,0,0,0,0,0,0,0,0,0,8,6,0.0,0.0,0,0,0.97,0.03,0,106,48,0.99,0.01,0,0,0,0,0,0,normal,21
103,tcp,telnet,SF,5351,4923,0,0,0,0,0,1,0,1,1,3,3,0,0,0,0,0,1,1,0,0,0,0,0,0,0,16,13,0,0,0,0,0,0,0,0,rootkit,5
6,tcp,ftp_data,SF,2080,7394,0,0,0,0,0,1,0,0,0,0,0,0,0,0,0,0,13,12,0.02,0.02,0,0,0.99,0.01,0,47,249,0.91,0.09,0,0,0,0,0,0,normal,21
4,tcp,eco_i,RSTO,98,44,0,0,0,0,0,0,0,0,0,0,0,0,0,0,0,0,15,1,0,0,0,0,0.16,0.77,0,169,4,0,0.8,0.91,0,0,0,0,0,nmap,13
4,tcp,smtp,SF,2204,8844,0,0,0,0,0,1,0,0,0,0,0,0,0,0,0,0,11,8,0.02,0.02,0,0,0.99,0.01,0,19,161,0.98,0.02,0,0,0,0,0,0,normal,21
0,icmp,ecr_i,SF,1032,0,0,0,0,0,0,0,0,0,0,0,0,0,0,0,0,0,255,352,0.0,0.0,0,0,0.93,0.03,0,255,255,1.0,0,0,0,0.0,0,0,0,smurf,19
0,icmp,ecr_i,SF,1032,0,0,0,0,0,0,0,0,0,0,0,0,0,0,0,0,0,371,156,0.0,0.0,0,0,0.97,0.1,0,255,255,1.0,0,0,0,0.0,0,0,0,smurf,19
1,tcp,http,SF,1222,14175,0,0,0,0,0,1,0,0,0,0,0,0,0,0,0,0,11,11,0.02,0.02,0,0,0.93,0.07,0,241,59,1.0,0.0,0,0,0,0,0,0,normal,21
0,icmp,ecr_i,SF,1032,0,0,0,0,0,0,0,0,0,0,0,0,0,0,0,0,0,497,130,0.0,0.0,0,0,0.95,0.1,0,255,255,1.0,0,0,0,0.0,0,0,0,smurf,19
6,tcp,domain_u,SF,486,14200,0,0,0,0,0,0,0,0,0,0,0,0,0,0,0,0,11,12,0.02,0.02,0,0,0.93,0.07,0,147,107,0.99,0.01,0,0,0,0,0,0,normal,21
0,tcp,private,RSTO,35,1,0,0,0,0,0,0,0,0,0,0,0,0,0,0,0,0,3,1,0,0,0,0,0.05,0.86,0,241,7,0,0.8,0.69,0,0,0,0,0,satan,16
0,tcp,http,REJ,8,0,0,0,0,0,0,0,0,0,0,0,0,0,0,0,0,0,314,323,0.8,0.8,0,0,0.9,0.03,0,255,1,0.18,0,0,0,0.8,0,0,0,neptune,15
1,udp,ftp_data,SF,2471,10731,0,0,0,0,0,1,0,0,0,0,0,0,0,0,0,0,11,12,0.01,0.01,0,0,0.92,0.08,0,62,148,0.91,0.09,0,0,0,0,0,0,normal,21
4,icmp,other,RSTO,96,49,0,0,0,0,0,0,0,0,0,0,0,0,0,0,0,0,16,1,0,0,0,0,0.11,0.86,0,221,2,0,0.66,0.87,0,0,0,0,0,satan,12
37,tcp,ftp,SF,206,335,0,0,0,4,0,1,0,0,0,0,0,0,0,0,0,1,1,1,0,0,0,0,0,0,0,14,12,0,0,0,0,0,0,0,0,warezclient,10
2,tcp,other,SH,53,11,0,0,0,0,0,0,0,0,0,0,0,0,0,0,0,0,2,1,0,0,0,0,0.12,0.69,0,167,7,0,0.82,0.9,0,0,0,0,0,portsweep,12
3,tcp,ftp_data,SF,1651,11951,0,0,0,0,0,1,0,0,0,0,0,0,0,0,0,0,15,4,0.03,0.03,0,0,0.97,0.03,0,162,228,0.86,0.14,0,0,0,0,0,0,normal,21
1,tcp,smtp,SF,1627,332,0,0,0,0,0,1,0,0,0,0,0,0,0,0,0,0,13,8,0.02,0.02,0,0,0.99,0.01,0,209,73,0.91,0.09,0,0,0,0,0,0,normal,21
10,tcp,http,SF,303,6694,0,0,0,0,0,1,0,0,0,0,0,0,0,0,0,0,15,8,0.03,0.03,0,0,0.97,0.03,0,137,132,0.94,0.06,0,0,0,0,0,0,normal,21
2,tcp,ftp_data,SF,2012,5746,0,0,0,0,0,1,0,0,0,0,0,0,0,0,0,0,11,5,0.04,0.04,0,0,0.95,0.05,0,102,235,0.89,0.11,0,0,0,0,0,0,normal,21
0,tcp,private,REJ,48,0,0,0,0,0,0,0,0,0,0,0,0,0,0,0,0,0,401,398,0.82,0.82,0,0,0.92,0.01,0,255,27,0.07,0,0,0,0.82,0,0,0,neptune,16
5,tcp,http,SF,723,2997,0,0,0,0,0,1,0,0,0,0,0,0,0,0,0,0,13,12,0.02,0.02,0,0,0.97,0.03,0,106,227,0.98,0.02,0,0,0,0,0,0,normal,21
30,tcp,ftp,SF,622,2829,0,0,0,2,0,1,0,0,0,0,0,0,0,0,0,0,1,1,0,0,0,0,0,0,0,3,28,0,0,0,0,0,0,0,0,ftp_write,13
4,udp,http,SF,996,10236,0,0,0,0,0,1,0,0,0,0,0,0,0,0,0,0,13,7,0.04,0.04,0,0,0.99,0.01,0,30,201,0.99,0.01,0,0,0,0,0,0,normal,21
56,tcp,telnet,SF,5134,4563,0,0,0,0,0,1,0,1,1,2,1,0,0,0,0,0,1,1,0,0,0,0,0,0,0,1,17,0,0,0,0,0,0,0,0,loadmodule,8
2,icmp,eco_i,RSTO,16,10,0,0,0,0,0,0,0,0,0,0,0,0,0,0,0,0,10,1,0,0,0,0,0.06,0.91,0,251,4,0,0.58,0.97,0,0,0,0,0,ipsweep,16
2,icmp,eco_i,REJ,26,27,0,0,0,0,0,0,0,0,0,0,0,0,0,0,0,0,2,1,0,0,0,0,0.15,0.83,0,242,5,0,0.59,0.87,0,0,0,0,0,portsweep,18
4,tcp,http,SF,1771,13226,0,0,0,0,0,1,0,0,0,0,0,0,0,0,0,0,12,7,0.0,0.0,0,0,0.93,0.07,0,252,180,0.88,0.12,0,0,0,0,0,0,normal,21
0,icmp,ecr_i,SF,1032,0,0,0,0,0,0,0,0,0,0,0,0,0,0,0,0,0,226,510,0.0,0.0,0,0,0.95,0.02,0,255,255,1.0,0,0,0,0.0,0,0,0,smurf,16
10,tcp,smtp,SF,1178,13063,0,0,0,0,0,1,0,0,0,0,0,0,0,0,0,0,6,12,0.01,0.01,0,0,0.95,0.05,0,238,50,0.9,0.1,0,0,0,0,0,0,normal,21
1,icmp,other,REJ,72,1,0,0,0,0,0,0,0,0,0,0,0,0,0,0,0,0,20,1,0,0,0,0,0.09,0.62,0,212,7,0,0.73,0.72,0,0,0,0,0,portsweep,17
0,tcp,private,S0,38,0,0,0,0,0,0,0,0,0,0,0,0,0,0,0,0,0,186,106,0.81,0.81,0,0,0.96,0.07,0,255,26,0.13,0,0,0,0.81,0,0,0,back,15
0,tcp,http,REJ,19,0,0,0,0,0,0,0,0,0,0,0,0,0,0,0,0,0,249,299,0.98,0.98,0,0,0.98,0.1,0,255,7,0.04,0,0,0,0.98,0,0,0,neptune,18
6,tcp,ftp_data,SF,1521,6337,0,0,0,0,0,1,0,0,0,0,0,0,0,0,0,0,9,1,0.04,0.04,0,0,0.9,0.1,0,177,78,0.98,0.02,0,0,0,0,0,0,normal,21
4,tcp,http,SF,1895,2403,0,0,0,0,0,1,0,0,0,0,0,0,0,0,0,0,12,4,0.04,0.04,0,0,0.99,0.01,0,203,236,0.9,0.1,0,0,0,0,0,0,normal,21
7,udp,domain_u,SF,1517,3613,0,0,0,0,0,0,0,0,0,0,0,0,0,0,0,0,11,8,0.03,0.03,0,0,0.99,0.01,0,109,151,0.92,0.08,0,0,0,0,0,0,normal,21
9,tcp,smtp,SF,796,5362,0,0,0,0,0,1,0,0,0,0,0,0,0,0,0,0,2,9,0.01,0.01,0,0,0.98,0.02,0,181,192,0.89,0.11,0,0,0,0,0,0,normal,21
2,tcp,private,SF,75,9,0,0,0,0,0,0,0,0,0,0,0,0,0,0,0,0,6,1,0,0,0,0,0.14,0.75,0,255,9,0,0.72,0.76,0,0,0,0,0,satan,15
9,tcp,domain_u,SF,2114,4030,0,0,0,0,0,0,0,0,0,0,0,0,0,0,0,0,8,6,0.02,0.02,0,0,0.91,0.09,0,152,54,0.9,0.1,0,0,0,0,0,0,normal,21
1,tcp,http,SF,411,5428,0,0,0,0,0,1,0,0,0,0,0,0,0,0,0,0,3,6,0.0,0.0,0,0,0.97,0.03,0,153,107,0.88,0.12,0,0,0,0,0,0,normal,21
0,icmp,ecr_i,SF,1032,0,0,0,0,0,0,0,0,0,0,0,0,0,0,0,0,0,424,435,0.0,0.0,0,0,0.94,0.06,0,255,255,1.0,0,0,0,0.0,0,0,0,smurf,16
5,tcp,ftp_data,SF,998,3382,0,0,0,0,0,1,0,0,0,0,0,0,0,0,0,0,10,5,0.04,0.04,0,0,1.0,0.0,0,130,197,0.9,0.1,0,0,0,0,0,0,normal,21
3,tcp,http,SF,1032,7512,0,0,0,0,0,1,0,0,0,0,0,0,0,0,0,0,5,9,0.02,0.02,0,0,0.93,0.07,0,147,31,0.96,0.04,0,0,0,0,0,0,normal,21
0,tcp,http,S0,29,0,0,0,0,0,0,0,0,0,0,0,0,0,0,0,0,0,277,295,0.8,0.8,0,0,0.98,0.04,0,255,37,0.08,0,0,0,0.8,0,0,0,back,15
8,tcp,http,SF,249,246,0,0,0,0,0,1,0,0,0,0,0,0,0,0,0,0,15,11,0.01,0.01,0,0,0.92,0.08,0,100,93,0.89,0.11,0,0,0,0,0,0,normal,21
0,tcp,http,REJ,50,0,0,0,0,0,0,0,0,0,0,0,0,0,0,0,0,0,473,370,0.99,0.99,0,0,0.97,0.08,0,255,22,0.13,0,0,0,0.99,0,0,0,neptune,17
50,tcp,telnet,SF,315,2882,0,0,0,4,3,0,0,0,0,0,0,0,0,0,0,0,1,1,0,0,0,0,0,0,0,29,16,0,0,0,0,0,0,0,0,guess_passwd,12
0,tcp,domain_u,SF,2257,13733,0,0,0,0,0,0,0,0,0,0,0,0,0,0,0,0,2,6,0.02,0.02,0,0,0.96,0.04,0,158,123,0.98,0.02,0,0,0,0,0,0,normal,21
5,udp,domain_u,SF,860,5496,0,0,0,0,0,0,0,0,0,0,0,0,0,0,0,0,6,4,0.02,0.02,0,0,0.99,0.01,0,59,95,0.94,0.06,0,0,0,0,0,0,normal,21
10,tcp,http,SF,2174,10238,0,0,0,0,0,1,0,0,0,0,0,0,0,0,0,0,15,5,0.03,0.03,0,0,0.99,0.01,0,130,82,0.95,0.05,0,0,0,0,0,0,normal,21
1,tcp,http,SF,2440,13857,0,0,0,0,0,1,0,0,0,0,0,0,0,0,0,0,14,1,0.03,0.03,0,0,0.96,0.04,0,227,133,0.99,0.01,0,0,0,0,0,0,normal,21
32,tcp,telnet,SF,605,2773,0,0,0,3,3,0,0,0,0,0,0,0,0,0,0,0,1,1,0,0,0,0,0,0,0,15,3,0,0,0,0,0,0,0,0,guess_passwd,12
1,udp,domain_u,SF,1260,768,0,0,0,0,0,0,0,0,0,0,0,0,0,0,0,0,15,7,0.01,0.01,0,0,0.99,0.01,0,135,243,0.87,0.13,0,0,0,0,0,0,normal,21
10,udp,http,SF,1516,9043,0,0,0,0,0,1,0,0,0,0,0,0,0,0,0,0,15,10,0.05,0.05,0,0,0.92,0.08,0,53,255,0.9,0.1,0,0,0,0,0,0,normal,21
0,icmp,ecr_i,SF,1032,0,0,0,0,0,0,0,0,0,0,0,0,0,0,0,0,0,325,212,0.0,0.0,0,0,0.93,0.07,0,255,255,1.0,0,0,0,0.0,0,0,0,smurf,17
6,tcp,smtp,SF,386,6594,0,0,0,0,0,1,0,0,0,0,0,0,0,0,0,0,11,5,0.04,0.04,0,0,1.0,0.0,0,83,29,0.91,0.09,0,0,0,0,0,0,normal,21
0,tcp,http,S0,49,0,0,0,0,0,0,0,0,0,0,0,0,0,0,0,0,0,187,277,0.88,0.88,0,0,0.91,0.05,0,255,48,0.17,0,0,0,0.88,0,0,0,back,20
0,tcp,http,REJ,49,0,0,0,0,0,0,0,0,0,0,0,0,0,0,0,0,0,347,162,0.98,0.98,0,0,0.96,0.04,0,255,11,0.14,0,0,0,0.98,0,0,0,neptune,17
1,tcp,domain_u,SF,1553,4259,0,0,0,0,0,0,0,0,0,0,0,0,0,0,0,0,10,3,0.01,0.01,0,0,0.99,0.01,0,95,149,0.91,0.09,0,0,0,0,0,0,normal,21
9,tcp,http,SF,1695,10334,0,0,0,0,0,1,0,0,0,0,0,0,0,0,0,0,5,7,0.02,0.02,0,0,0.96,0.04,0,129,111,0.91,0.09,0,0,0,0,0,0,normal,21
0,tcp,private,S0,6,0,0,0,0,0,0,0,0,0,0,0,0,0,0,0,0,0,319,247,0.92,0.92,0,0,0.91,0.01,0,255,17,0.09,0,0,0,0.92,0,0,0,back,19
0,icmp,ecr_i,SF,1032,0,0,0,0,0,0,0,0,0,0,0,0,0,0,0,0,0,397,497,0.0,0.0,0,0,0.99,0.03,0,255,255,1.0,0,0,0,0.0,0,0,0,smurf,15
0,tcp,http,REJ,29,0,0,0,0,0,0,0,0,0,0,0,0,0,0,0,0,0,215,389,0.97,0.97,0,0,0.99,0.02,0,255,23,0.17,0,0,0,0.97,0,0,0,neptune,19
3,tcp,http,SF,345,5878,0,0,0,0,0,1,0,0,0,0,0,0,0,0,0,0,2,9,0.0,0.0,0,0,0.95,0.05,0,18,183,0.92,0.08,0,0,0,0,0,0,normal,21
0,tcp,private,REJ,6,0,0,0,0,0,0,0,0,0,0,0,0,0,0,0,0,0,367,471,0.92,0.92,0,0,0.99,0.04,0,255,33,0.04,0,0,0,0.92,0,0,0,teardrop,17
5,tcp,http,SF,459,3717,0,0,0,0,0,1,0,0,0,0,0,0,0,0,0,0,13,1,0.04,0.04,0,0,0.91,0.09,0,203,102,0.92,0.08,0,0,0,0,0,0,normal,21
5,tcp,private,SF,26,28,0,0,0,0,0,0,0,0,0,0,0,0,0,0,0,0,16,1,0,0,0,0,0.16,0.64,0,216,8,0,0.54,0.77,0,0,0,0,0,portsweep,15
5,tcp,other,SH,38,20,0,0,0,0,0,0,0,0,0,0,0,0,0,0,0,0,1,1,0,0,0,0,0.17,0.69,0,236,9,0,0.82,0.97,0,0,0,0,0,ipsweep,14
52,tcp,telnet,SF,145,1572,0,0,0,4,5,0,0,0,0,0,0,0,0,0,0,0,1,1,0,0,0,0,0,0,0,24,23,0,0,0,0,0,0,0,0,guess_passwd,11
5,tcp,smtp,SF,501,6046,0,0,0,0,0,1,0,0,0,0,0,0,0,0,0,0,14,3,0.04,0.04,0,0,0.95,0.05,0,123,34,0.99,0.01,0,0,0,0,0,0,normal,21
0,tcp,private,REJ,1,0,0,0,0,0,0,0,0,0,0,0,0,0,0,0,0,0,460,193,1.0,1.0,0,0,0.93,0.04,0,255,5,0.07,0,0,0,1.0,0,0,0,back,19
10,tcp,ftp_data,SF,2159,400,0,0,0,0,0,1,0,0,0,0,0,0,0,0,0,0,14,1,0.03,0.03,0,0,0.99,0.01,0,106,111,0.98,0.02,0,0,0,0,0,0,normal,21
0,tcp,http,SF,1301,13161,0,0,0,0,0,1,0,0,0,0,0,0,0,0,0,0,4,11,0.0,0.0,0,0,0.98,0.02,0,44,220,0.9,0.1,0,0,0,0,0,0,normal,21
8,tcp,domain_u,SF,1335,11173,0,0,0,0,0,0,0,0,0,0,0,0,0,0,0,0,11,1,0.02,0.02,0,0,0.98,0.02,0,69,224,0.94,0.06,0,0,0,0,0,0,normal,21
8,tcp,http,SF,1873,7441,0,0,0,0,0,1,0,0,0,0,0,0,0,0,0,0,2,4,0.04,0.04,0,0,0.99,0.01,0,174,238,0.91,0.09,0,0,0,0,0,0,normal,21
9,udp,smtp,SF,2028,1840,0,0,0,0,0,1,0,0,0,0,0,0,0,0,0,0,15,12,0.01,0.01,0,0,1.0,0.0,0,114,104,0.97,0.03,0,0,0,0,0,0,normal,21
3,tcp,domain_u,SF,1562,12828,0,0,0,0,0,0,0,0,0,0,0,0,0,0,0,0,11,2,0.01,0.01,0,0,0.98,0.02,0,17,255,0.98,0.02,0,0,0,0,0,0,normal,21
10,tcp,ftp_data,SF,2206,8322,0,0,0,0,0,1,0,0,0,0,0,0,0,0,0,0,6,11,0.05,0.05,0,0,0.91,0.09,0,154,229,0.88,0.12,0,0,0,0,0,0,normal,21
58,tcp,ftp,SF,700,2793,0,0,0,4,0,1,0,0,0,0,0,0,0,0,0,0,1,1,0,0,0,0,0,0,0,15,27,0,0,0,0,0,0,0,0,ftp_write,8
2,tcp,private,RSTO,46,42,0,0,0,0,0,0,0,0,0,0,0,0,0,0,0,0,13,1,0,0,0,0,0.19,0.88,0,184,2,0,0.82,0.69,0,0,0,0,0,portsweep,14
0,icmp,ecr_i,SF,1032,0,0,0,0,0,0,0,0,0,0,0,0,0,0,0,0,0,410,511,0.0,0.0,0,0,0.91,0.08,0,255,255,1.0,0,0,0,0.0,0,0,0,smurf,20
3,icmp,other,SF,35,28,0,0,0,0,0,0,0,0,0,0,0,0,0,0,0,0,15,1,0,0,0,0,0.05,0.99,0,153,5,0,0.68,0.95,0,0,0,0,0,ipsweep,17
8,tcp,domain_u,SF,1209,871,0,0,0,0,0,0,0,0,0,0,0,0,0,0,0,0,1,2,0.05,0.05,0,0,0.98,0.02,0,201,255,0.89,0.11,0,0,0,0,0,0,normal,21
9,tcp,ftp_data,SF,885,3576,0,0,0,0,0,1,0,0,0,0,0,0,0,0,0,0,7,5,0.03,0.03,0,0,0.98,0.02,0,118,37,0.96,0.04,0,0,0,0,0,0,normal,21
0,tcp,http,REJ,45,0,0,0,0,0,0,0,0,0,0,0,0,0,0,0,0,0,446,158,0.92,0.92,0,0,0.93,0.03,0,255,3,0.17,0,0,0,0.92,0,0,0,back,18
0,tcp,http,SF,1502,12130,0,0,0,0,0,1,0,0,0,0,0,0,0,0,0,0,5,3,0.02,0.02,0,0,1.0,0.0,0,194,50,0.92,0.08,0,0,0,0,0,0,normal,21
7,tcp,smtp,SF,667,4053,0,0,0,0,0,1,0,0,0,0,0,0,0,0,0,0,3,6,0.05,0.05,0,0,0.94,0.06,0,124,42,0.97,0.03,0,0,0,0,0,0,normal,21
2,udp,http,SF,1617,9924,0,0,0,0,0,1,0,0,0,0,0,0,0,0,0,0,9,1,0.03,0.03,0,0,0.91,0.09,0,253,244,0.93,0.07,0,0,0,0,0,0,normal,21
0,tcp,private,S0,48,0,0,0,0,0,0,0,0,0,0,0,0,0,0,0,0,0,386,474,0.99,0.99,0,0,0.98,0.08,0,255,18,0.07,0,0,0,0.99,0,0,0,teardrop,17
0,tcp,http,REJ,3,0,0,0,0,0,0,0,0,0,0,0,0,0,0,0,0,0,434,356,0.87,0.87,0,0,0.97,0.01,0,255,28,0.13,0,0,0,0.87,0,0,0,neptune,15
7,udp,http,SF,2317,2698,0,0,0,0,0,1,0,0,0,0,0,0,0,0,0,0,13,10,0.02,0.02,0,0,0.92,0.08,0,201,92,0.89,0.11,0,0,0,0,0,0,normal,21
6,tcp,smtp,SF,2120,1662,0,0,0,0,0,1,0,0,0,0,0,0,0,0,0,0,12,11,0.01,0.01,0,0,0.97,0.03,0,26,99,0.86,0.14,0,0,0,0,0,0,normal,21
10,tcp,smtp,SF,671,14668,0,0,0,0,0,1,0,0,0,0,0,0,0,0,0,0,4,5,0.04,0.04,0,0,0.9,0.1,0,129,222,0.92,0.08,0,0,0,0,0,0,normal,21
0,tcp,http,REJ,7,0,0,0,0,0,0,0,0,0,0,0,0,0,0,0,0,0,133,414,0.85,0.85,0,0,0.95,0.06,0,255,48,0.2,0,0,0,0.85,0,0,0,back,16
9,tcp,ftp_data,SF,1246,12220,0,0,0,0,0,1,0,0,0,0,0,0,0,0,0,0,12,9,0.01,0.01,0,0,0.97,0.03,0,119,93,0.89,0.11,0,0,0,0,0,0,normal,21
0,tcp,private,REJ,27,0,0,0,0,0,0,0,0,0,0,0,0,0,0,0,0,0,366,217,0.96,0.96,0,0,0.92,0.05,0,255,28,0.12,0,0,0,0.96,0,0,0,neptune,15
0,icmp,ecr_i,SF,1032,0,0,0,0,0,0,0,0,0,0,0,0,0,0,0,0,0,300,337,0.0,0.0,0,0,0.98,0.03,0,255,255,1.0,0,0,0,0.0,0,0,0,smurf,19
0,tcp,private,REJ,2,0,0,0,0,0,0,0,0,0,0,0,0,0,0,0,0,0,169,479,0.99,0.99,0,0,0.91,0.01,0,255,22,0.15,0,0,0,0.99,0,0,0,neptune,20
0,tcp,private,REJ,25,0,0,0,0,0,0,0,0,0,0,0,0,0,0,0,0,0,473,199,0.92,0.92,0,0,0.99,0.03,0,255,44,0.17,0,0,0,0.92,0,0,0,neptune,19
7,tcp,smtp,SF,1027,6195,0,0,0,0,0,1,0,0,0,0,0,0,0,0,0,0,2,4,0.0,0.0,0,0,0.96,0.04,0,190,57,0.92,0.08,0,0,0,0,0,0,normal,21
4,udp,domain_u,SF,1491,10907,0,0,0,0,0,0,0,0,0,0,0,0,0,0,0,0,4,10,0.04,0.04,0,0,0.96,0.04,0,137,57,0.94,0.06,0,0,0,0,0,0,normal,21
0,tcp,private,REJ,48,0,0,0,0,0,0,0,0,0,0,0,0,0,0,0,0,0,282,165,0.9,0.9,0,0,0.98,0.1,0,255,44,0.11,0,0,0,0.9,0,0,0,back,18
4,icmp,private,RSTO,23,46,0,0,0,0,0,0,0,0,0,0,0,0,0,0,0,0,4,1,0,0,0,0,0.1,0.61,0,170,9,0,0.82,0.77,0,0,0,0,0,satan,15
0,icmp,ecr_i,SF,1032,0,0,0,0,0,0,0,0,0,0,0,0,0,0,0,0,0,125,304,0.0,0.0,0,0,0.94,0.06,0,255,255,1.0,0,0,0,0.0,0,0,0,smurf,16
9,tcp,http,SF,246,7447,0,0,0,0,0,1,0,0,0,0,0,0,0,0,0,0,9,7,0.03,0.03,0,0,0.98,0.02,0,97,176,0.86,0.14,0,0,0,0,0,0,normal,21
5,tcp,http,SF,1572,12180,0,0,0,0,0,1,0,0,0,0,0,0,0,0,0,0,7,10,0.04,0.04,0,0,0.94,0.06,0,243,144,0.91,0.09,0,0,0,0,0,0,normal,21
23,tcp,telnet,SF,234,2556,0,0,0,4,4,0,0,0,0,0,0,0,0,0,0,0,1,1,0,0,0,0,0,0,0,1,29,0,0,0,0,0,0,0,0,guess_passwd,14
5,udp,domain_u,SF,2247,4029,0,0,0,0,0,0,0,0,0,0,0,0,0,0,0,0,7,5,0.02,0.02,0,0,0.97,0.03,0,87,89,0.9,0.1,0,0,0,0,0,0,normal,21
0,icmp,eco_i,RSTO,67,49,0,0,0,0,0,0,0,0,0,0,0,0,0,0,0,0,1,1,0,0,0,0,0.14,0.87,0,207,8,0,0.59,1.0,0,0,0,0,0,portsweep,17
0,tcp,http,S0,22,0,0,0,0,0,0,0,0,0,0,0,0,0,0,0,0,0,370,335,0.83,0.83,0,0,0.91,0.08,0,255,37,0.2,0,0,0,0.83,0,0,0,back,18
0,tcp,domain_u,SF,2211,5860,0,0,0,0,0,0,0,0,0,0,0,0,0,0,0,0,4,1,0.04,0.04,0,0,0.98,0.02,0,242,115,0.86,0.14,0,0,0,0,0,0,normal,21
0,tcp,private,REJ,49,0,0,0,0,0,0,0,0,0,0,0,0,0,0,0,0,0,408,193,0.93,0.93,0,0,0.91,0.05,0,255,40,0.19,0,0,0,0.93,0,0,0,neptune,17
5,tcp,http,SF,2358,2816,0,0,0,0,0,1,0,0,0,0,0,0,0,0,0,0,3,6,0.03,0.03,0,0,0.96,0.04,0,81,10,0.89,0.11,0,0,0,0,0,0,normal,21
10,udp,http,SF,327,9610,0,0,0,0,0,1,0,0,0,0,0,0,0,0,0,0,5,4,0.04,0.04,0,0,0.91,0.09,0,133,28,0.89,0.11,0,0,0,0,0,0,normal,21
0,icmp,ecr_i,SF,1032,0,0,0,0,0,0,0,0,0,0,0,0,0,0,0,0,0,492,171,0.0,0.0,0,0,0.93,0.06,0,255,255,1.0,0,0,0,0.0,0,0,0,smurf,20
3,udp,http,SF,432,4601,0,0,0,0,0,1,0,0,0,0,0,0,0,0,0,0,10,4,0.04,0.04,0,0,1.0,0.0,0,102,124,0.97,0.03,0,0,0,0,0,0,normal,21
4,tcp,other,SH,66,45,0,0,0,0,0,0,0,0,0,0,0,0,0,0,0,0,11,1,0,0,0,0,0.06,0.97,0,203,8,0,0.63,0.93,0,0,0,0,0,satan,17
3,tcp,http,SF,2347,3143,0,0,0,0,0,1,0,0,0,0,0,0,0,0,0,0,12,11,0.03,0.03,0,0,0.98,0.02,0,231,12,0.89,0.11,0,0,0,0,0,0,normal,21
85,tcp,telnet,SF,2142,6348,0,0,0,0,0,1,0,1,1,4,1,0,0,0,0,0,1,1,0,0,0,0,0,0,0,19,14,0,0,0,0,0,0,0,0,buffer_overflow,9
10,udp,domain_u,SF,1125,1370,0,0,0,0,0,0,0,0,0,0,0,0,0,0,0,0,11,2,0.01,0.01,0,0,0.99,0.01,0,126,127,0.86,0.14,0,0,0,0,0,0,normal,21
0,icmp,ecr_i,SF,1032,0,0,0,0,0,0,0,0,0,0,0,0,0,0,0,0,0,118,399,0.0,0.0,0,0,0.99,0.06,0,255,255,1.0,0,0,0,0.0,0,0,0,smurf,15
0,tcp,private,REJ,28,0,0,0,0,0,0,0,0,0,0,0,0,0,0,0,0,0,489,304,0.84,0.84,0,0,0.92,0.05,0,255,42,0.14,0,0,0,0.84,0,0,0,back,16
2,udp,domain_u,SF,1387,1783,0,0,0,0,0,0,0,0,0,0,0,0,0,0,0,0,6,9,0.03,0.03,0,0,0.91,0.09,0,42,215,0.85,0.15,0,0,0,0,0,0,normal,21
7,udp,smtp,SF,1723,539,0,0,0,0,0,1,0,0,0,0,0,0,0,0,0,0,14,9,0.01,0.01,0,0,0.91,0.09,0,14,73,0.91,0.09,0,0,0,0,0,0,normal,21
1,tcp,eco_i,RSTO,63,3,0,0,0,0,0,0,0,0,0,0,0,0,0,0,0,0,10,1,0,0,0,0,0.14,0.89,0,228,7,0,0.92,0.74,0,0,0,0,0,nmap,14
1,udp,http,SF,2342,6932,0,0,0,0,0,1,0,0,0,0,0,0,0,0,0,0,14,9,0.01,0.01,0,0,0.94,0.06,0,124,182,1.0,0.0,0,0,0,0,0,0,normal,21
5,tcp,domain_u,SF,1489,3529,0,0,0,0,0,0,0,0,0,0,0,0,0,0,0,0,7,11,0.03,0.03,0,0,0.91,0.09,0,49,14,0.88,0.12,0,0,0,0,0,0,normal,21
4,tcp,domain_u,SF,350,5868,0,0,0,0,0,0,0,0,0,0,0,0,0,0,0,0,12,9,0.05,0.05,0,0,0.92,0.08,0,199,155,0.96,0.04,0,0,0,0,0,0,normal,21
0,icmp,ecr_i,SF,1032,0,0,0,0,0,0,0,0,0,0,0,0,0,0,0,0,0,253,298,0.0,0.0,0,0,0.92,0.05,0,255,255,1.0,0,0,0,0.0,0,0,0,smurf,18
0,icmp,ecr_i,SF,1032,0,0,0,0,0,0,0,0,0,0,0,0,0,0,0,0,0,277,383,0.0,0.0,0,0,0.91,0.09,0,255,255,1.0,0,0,0,0.0,0,0,0,smurf,15
6,tcp,http,SF,1349,5886,0,0,0,0,0,1,0,0,0,0,0,0,0,0,0,0,5,7,0.0,0.0,0,0,0.97,0.03,0,136,220,0.91,0.09,0,0,0,0,0,0,normal,21
6,udp,smtp,SF,1567,2777,0,0,0,0,0,1,0,0,0,0,0,0,0,0,0,0,15,4,0.03,0.03,0,0,0.94,0.06,0,158,166,0.96,0.04,0,0,0,0,0,0,normal,21
0,icmp,ecr_i,SF,1032,0,0,0,0,0,0,0,0,0,0,0,0,0,0,0,0,0,450,350,0.0,0.0,0,0,0.96,0.07,0,255,255,1.0,0,0,0,0.0,0,0,0,smurf,16
10,tcp,http,SF,597,1949,0,0,0,0,0,1,0,0,0,0,0,0,0,0,0,0,3,7,0.0,0.0,0,0,0.94,0.06,0,97,24,0.94,0.06,0,0,0,0,0,0,normal,21
0,tcp,http,S0,7,0,0,0,0,0,0,0,0,0,0,0,0,0,0,0,0,0,427,157,0.93,0.93,0,0,0.96,0.09,0,255,30,0.11,0,0,0,0.93,0,0,0,teardrop,20
114,tcp,telnet,SF,3583,9994,0,0,0,0,0,1,0,1,1,2,1,0,0,0,0,0,1,1,0,0,0,0,0,0,0,17,17,0,0,0,0,0,0,0,0,buffer_overflow,7
0,tcp,http,S0,30,0,0,0,0,0,0,0,0,0,0,0,0,0,0,0,0,0,307,184,0.86,0.86,0,0,0.97,0.07,0,255,29,0.05,0,0,0,0.86,0,0,0,back,15
0,tcp,http,S0,19,0,0,0,0,0,0,0,0,0,0,0,0,0,0,0,0,0,147,146,0.81,0.81,0,0,0.93,0.07,0,255,6,0.09,0,0,0,0.81,0,0,0,neptune,17
10,tcp,http,SF,2221,12693,0,0,0,0,0,1,0,0,0,0,0,0,0,0,0,0,2,12,0.03,0.03,0,0,0.99,0.01,0,84,84,0.98,0.02,0,0,0,0,0,0,normal,21
10,tcp,domain_u,SF,392,511,0,0,0,0,0,0,0,0,0,0,0,0,0,0,0,0,4,5,0.03,0.03,0,0,0.95,0.05,0,70,143,0.97,0.03,0,0,0,0,0,0,normal,21
1,tcp,eco_i,SH,93,3,0,0,0,0,0,0,0,0,0,0,0,0,0,0,0,0,18,1,0,0,0,0,0.16,0.84,0,218,1,0,0.64,0.67,0,0,0,0,0,portsweep,17
8,udp,domain_u,SF,931,9882,0,0,0,0,0,0,0,0,0,0,0,0,0,0,0,0,5,2,0.04,0.04,0,0,0.99,0.01,0,146,38,0.9,0.1,0,0,0,0,0,0,normal,21
10,tcp,domain_u,SF,1691,10297,0,0,0,0,0,0,0,0,0,0,0,0,0,0,0,0,8,8,0.02,0.02,0,0,0.9,0.1,0,117,58,0.9,0.1,0,0,0,0,0,0,normal,21
6,tcp,smtp,SF,237,6317,0,0,0,0,0,1,0,0,0,0,0,0,0,0,0,0,4,11,0.01,0.01,0,0,0.9,0.1,0,115,200,0.89,0.11,0,0,0,0,0,0,normal,21
9,udp,smtp,SF,1945,9391,0,0,0,0,0,1,0,0,0,0,0,0,0,0,0,0,10,2,0.04,0.04,0,0,0.95,0.05,0,192,211,0.95,0.05,0,0,0,0,0,0,normal,21
4,udp,http,SF,2167,12842,0,0,0,0,0,1,0,0,0,0,0,0,0,0,0,0,2,5,0.04,0.04,0,0,0.94,0.06,0,118,128,1.0,0.0,0,0,0,0,0,0,normal,21
10,tcp,http,SF,1132,13604,0,0,0,0,0,1,0,0,0,0,0,0,0,0,0,0,13,3,0.02,0.02,0,0,0.9,0.1,0,92,130,0.9,0.1,0,0,0,0,0,0,normal,21
0,tcp,private,REJ,23,0,0,0,0,0,0,0,0,0,0,0,0,0,0,0,0,0,325,483,0.86,0.86,0,0,0.94,0.01,0,255,48,0.12,0,0,0,0.86,0,0,0,teardrop,15
1,udp,http,SF,2103,8779,0,0,0,0,0,1,0,0,0,0,0,0,0,0,0,0,8,7,0.04,0.04,0,0,0.98,0.02,0,63,19,0.99,0.01,0,0,0,0,0,0,normal,21
1,tcp,private,REJ,9,34,0,0,0,0,0,0,0,0,0,0,0,0,0,0,0,0,16,1,0,0,0,0,0.06,0.87,0,157,5,0,0.75,0.89,0,0,0,0,0,nmap,17
1,icmp,other,REJ,88,21,0,0,0,0,0,0,0,0,0,0,0,0,0,0,0,0,16,1,0,0,0,0,0.17,0.83,0,219,10,0,0.93,0.99,0,0,0,0,0,nmap,17
3,tcp,http,SF,1403,13418,0,0,0,0,0,1,0,0,0,0,0,0,0,0,0,0,7,6,0.02,0.02,0,0,0.95,0.05,0,239,223,0.88,0.12,0,0,0,0,0,0,normal,21
0,icmp,eco_i,REJ,26,45,0,0,0,0,0,0,0,0,0,0,0,0,0,0,0,0,19,1,0,0,0,0,0.1,0.7,0,244,5,0,0.73,0.74,0,0,0,0,0,satan,13
82,tcp,telnet,SF,3496,4205,0,0,0,0,0,1,0,1,1,4,2,0,0,0,0,0,1,1,0,0,0,0,0,0,0,18,11,0,0,0,0,0,0,0,0,loadmodule,10
8,udp,ftp_data,SF,833,8071,0,0,0,0,0,1,0,0,0,0,0,0,0,0,0,0,8,12,0.01,0.01,0,0,0.94,0.06,0,173,144,0.91,0.09,0,0,0,0,0,0,normal,21
5,tcp,domain_u,SF,446,12460,0,0,0,0,0,0,0,0,0,0,0,0,0,0,0,0,1,9,0.04,0.04,0,0,0.91,0.09,0,215,232,0.95,0.05,0,0,0,0,0,0,normal,21
6,tcp,http,SF,2150,1203,0,0,0,0,0,1,0,0,0,0,0,0,0,0,0,0,8,8,0.02,0.02,0,0,0.92,0.08,0,24,202,0.87,0.13,0,0,0,0,0,0,normal,21
26,tcp,ftp,SF,334,1303,0,0,0,1,0,1,0,0,0,0,0,0,0,0,0,1,1,1,0,0,0,0,0,0,0,24,13,0,0,0,0,0,0,0,0,warezclient,9
4,udp,http,SF,2191,5704,0,0,0,0,0,1,0,0,0,0,0,0,0,0,0,0,1,12,0.01,0.01,0,0,0.98,0.02,0,229,25,0.87,0.13,0,0,0,0,0,0,normal,21
4,tcp,ftp_data,SF,1849,12767,0,0,0,0,0,1,0,0,0,0,0,0,0,0,0,0,12,9,0.01,0.01,0,0,0.91,0.09,0,62,67,0.85,0.15,0,0,0,0,0,0,normal,21
0,icmp,other,REJ,63,47,0,0,0,0,0,0,0,0,0,0,0,0,0,0,0,0,14,1,0,0,0,0,0.12,0.86,0,201,10,0,0.61,0.89,0,0,0,0,0,nmap,13
0,tcp,http,S0,3,0,0,0,0,0,0,0,0,0,0,0,0,0,0,0,0,0,240,370,0.91,0.91,0,0,0.96,0.06,0,255,23,0.02,0,0,0,0.91,0,0,0,teardrop,18
4,tcp,http,SF,390,603,0,0,0,0,0,1,0,0,0,0,0,0,0,0,0,0,6,2,0.02,0.02,0,0,0.96,0.04,0,20,209,0.88,0.12,0,0,0,0,0,0,normal,21
5,udp,http,SF,394,10593,0,0,0,0,0,1,0,0,0,0,0,0,0,0,0,0,8,3,0.04,0.04,0,0,0.94,0.06,0,202,101,0.9,0.1,0,0,0,0,0,0,normal,21
0,tcp,http,S0,43,0,0,0,0,0,0,0,0,0,0,0,0,0,0,0,0,0,282,452,0.95,0.95,0,0,0.97,0.06,0,255,12,0.03,0,0,0,0.95,0,0,0,neptune,18
5,icmp,eco_i,RSTO,72,8,0,0,0,0,0,0,0,0,0,0,0,0,0,0,0,0,13,1,0,0,0,0,0.16,0.67,0,253,8,0,0.8,0.96,0,0,0,0,0,satan,18
4,tcp,http,SF,1478,1538,0,0,0,0,0,1,0,0,0,0,0,0,0,0,0,0,2,7,0.01,0.01,0,0,0.96,0.04,0,248,237,0.91,0.09,0,0,0,0,0,0,normal,21
0,tcp,http,S0,37,0,0,0,0,0,0,0,0,0,0,0,0,0,0,0,0,0,331,227,0.92,0.92,0,0,0.93,0.03,0,255,39,0.19,0,0,0,0.92,0,0,0,teardrop,18
3,tcp,private,REJ,23,21,0,0,0,0,0,0,0,0,0,0,0,0,0,0,0,0,8,1,0,0,0,0,0.16,0.79,0,156,8,0,0.85,0.62,0,0,0,0,0,ipsweep,15
10,tcp,ftp_data,SF,1057,2377,0,0,0,0,0,1,0,0,0,0,0,0,0,0,0,0,7,4,0.04,0.04,0,0,0.9,0.1,0,187,188,0.9,0.1,0,0,0,0,0,0,normal,21
4,tcp,smtp,SF,515,6197,0,0,0,0,0,1,0,0,0,0,0,0,0,0,0,0,13,2,0.01,0.01,0,0,0.96,0.04,0,252,65,0.98,0.02,0,0,0,0,0,0,normal,21
8,udp,ftp_data,SF,1072,255,0,0,0,0,0,1,0,0,0,0,0,0,0,0,0,0,10,2,0.02,0.02,0,0,0.95,0.05,0,181,142,0.97,0.03,0,0,0,0,0,0,normal,21
3,tcp,other,RSTO,9,44,0,0,0,0,0,0,0,0,0,0,0,0,0,0,0,0,1,1,0,0,0,0,0.06,0.85,0,164,8,0,0.68,0.68,0,0,0,0,0,satan,17
7,udp,smtp,SF,2135,8835,0,0,0,0,0,1,0,0,0,0,0,0,0,0,0,0,5,12,0.0,0.0,0,0,0.98,0.02,0,237,177,0.96,0.04,0,0,0,0,0,0,normal,21
1,tcp,domain_u,SF,1967,13070,0,0,0,0,0,0,0,0,0,0,0,0,0,0,0,0,5,1,0.03,0.03,0,0,0.98,0.02,0,42,42,0.92,0.08,0,0,0,0,0,0,normal,21
7,tcp,domain_u,SF,1639,6168,0,0,0,0,0,0,0,0,0,0,0,0,0,0,0,0,10,3,0.0,0.0,0,0,0.95,0.05,0,129,110,0.87,0.13,0,0,0,0,0,0,normal,21
9,tcp,domain_u,SF,1991,7827,0,0,0,0,0,0,0,0,0,0,0,0,0,0,0,0,15,8,0.04,0.04,0,0,0.91,0.09,0,222,17,1.0,0.0,0,0,0,0,0,0,normal,21
0,tcp,http,S0,34,0,0,0,0,0,0,0,0,0,0,0,0,0,0,0,0,0,110,239,0.88,0.88,0,0,0.9,0.0,0,255,35,0.18,0,0,0,0.88,0,0,0,teardrop,17
6,tcp,http,SF,1365,2998,0,0,0,0,0,1,0,0,0,0,0,0,0,0,0,0,9,7,0.03,0.03,0,0,0.92,0.08,0,199,47,0.95,0.05,0,0,0,0,0,0,normal,21
4,udp,http,SF,2074,6152,0,0,0,0,0,1,0,0,0,0,0,0,0,0,0,0,7,9,0.04,0.04,0,0,0.94,0.06,0,159,24,0.96,0.04,0,0,0,0,0,0,normal,21
0,tcp,ftp_data,SF,2434,13972,0,0,0,0,0,1,0,0,0,0,0,0,0,0,0,0,7,2,0.02,0.02,0,0,0.91,0.09,0,209,248,0.92,0.08,0,0,0,0,0,0,normal,21
24,tcp,ftp,SF,758,2363,0,0,0,3,0,1,0,0,0,0,0,0,0,0,0,0,1,1,0,0,0,0,0,0,0,25,8,0,0,0,0,0,0,0,0,ftp_write,9
0,tcp,http,REJ,43,0,0,0,0,0,0,0,0,0,0,0,0,0,0,0,0,0,369,144,0.84,0.84,0,0,0.91,0.07,0,255,9,0.05,0,0,0,0.84,0,0,0,back,18
3,udp,smtp,SF,847,10023,0,0,0,0,0,1,0,0,0,0,0,0,0,0,0,0,14,1,0.01,0.01,0,0,0.93,0.07,0,189,117,0.97,0.03,0,0,0,0,0,0,normal,21
3,tcp,eco_i,SF,71,18,0,0,0,0,0,0,0,0,0,0,0,0,0,0,0,0,17,1,0,0,0,0,0.18,0.76,0,201,9,0,0.9,0.63,0,0,0,0,0,ipsweep,18
0,icmp,ecr_i,SF,1032,0,0,0,0,0,0,0,0,0,0,0,0,0,0,0,0,0,112,137,0.0,0.0,0,0,0.97,0.04,0,255,255,1.0,0,0,0,0.0,0,0,0,smurf,16
4,tcp,ftp_data,SF,2054,973,0,0,0,0,0,1,0,0,0,0,0,0,0,0,0,0,14,10,0.01,0.01,0,0,0.91,0.09,0,47,219,0.92,0.08,0,0,0,0,0,0,normal,21
0,icmp,eco_i,RSTO,99,14,0,0,0,0,0,0,0,0,0,0,0,0,0,0,0,0,18,1,0,0,0,0,0.06,0.62,0,224,8,0,0.8,0.8,0,0,0,0,0,ipsweep,16
9,udp,http,SF,1297,13717,0,0,0,0,0,1,0,0,0,0,0,0,0,0,0,0,10,3,0.02,0.02,0,0,0.92,0.08,0,202,179,0.86,0.14,0,0,0,0,0,0,normal,21
0,tcp,http,REJ,41,0,0,0,0,0,0,0,0,0,0,0,0,0,0,0,0,0,351,226,0.82,0.82,0,0,0.95,0.0,0,255,50,0.14,0,0,0,0.82,0,0,0,back,16
5,udp,domain_u,SF,1607,12669,0,0,0,0,0,0,0,0,0,0,0,0,0,0,0,0,12,12,0.0,0.0,0,0,0.99,0.01,0,243,132,0.89,0.11,0,0,0,0,0,0,normal,21
0,icmp,ecr_i,SF,1032,0,0,0,0,0,0,0,0,0,0,0,0,0,0,0,0,0,405,337,0.0,0.0,0,0,0.93,0.02,0,255,255,1.0,0,0,0,0.0,0,0,0,smurf,19
0,tcp,ftp_data,SF,456,4172,0,0,0,0,0,1,0,0,0,0,0,0,0,0,0,0,14,11,0.04,0.04,0,0,0.9,0.1,0,186,131,0.9,0.1,0,0,0,0,0,0,normal,21
0,tcp,private,REJ,28,0,0,0,0,0,0,0,0,0,0,0,0,0,0,0,0,0,447,474,0.94,0.94,0,0,0.91,0.01,0,255,28,0.06,0,0,0,0.94,0,0,0,back,15
0,tcp,http,REJ,5,0,0,0,0,0,0,0,0,0,0,0,0,0,0,0,0,0,246,204,0.86,0.86,0,0,0.94,0.01,0,255,38,0.03,0,0,0,0.86,0,0,0,teardrop,17
9,tcp,http,SF,830,3410,0,0,0,0,0,1,0,0,0,0,0,0,0,0,0,0,13,4,0.01,0.01,0,0,0.95,0.05,0,55,18,0.98,0.02,0,0,0,0,0,0,normal,21
0,icmp,ecr_i,SF,1032,0,0,0,0,0,0,0,0,0,0,0,0,0,0,0,0,0,416,253,0.0,0.0,0,0,0.93,0.07,0,255,255,1.0,0,0,0,0.0,0,0,0,smurf,19
0,tcp,private,S0,24,0,0,0,0,0,0,0,0,0,0,0,0,0,0,0,0,0,381,106,0.95,0.95,0,0,1.0,0.02,0,255,16,0.07,0,0,0,0.95,0,0,0,teardrop,19
6,tcp,domain_u,SF,626,2722,0,0,0,0,0,0,0,0,0,0,0,0,0,0,0,0,14,2,0.04,0.04,0,0,0.99,0.01,0,145,120,0.88,0.12,0,0,0,0,0,0,normal,21
0,tcp,http,REJ,27,0,0,0,0,0,0,0,0,0,0,0,0,0,0,0,0,0,408,143,0.95,0.95,0,0,0.92,0.05,0,255,24,0.12,0,0,0,0.95,0,0,0,teardrop,16
5,icmp,private,RSTO,84,39,0,0,0,0,0,0,0,0,0,0,0,0,0,0,0,0,7,1,0,0,0,0,0.11,0.75,0,202,8,0,0.88,0.64,0,0,0,0,0,nmap,18
0,tcp,http,S0,9,0,0,0,0,0,0,0,0,0,0,0,0,0,0,0,0,0,207,108,0.93,0.93,0,0,0.91,0.06,0,255,18,0.04,0,0,0,0.93,0,0,0,back,16
0,tcp,http,REJ,25,0,0,0,0,0,0,0,0,0,0,0,0,0,0,0,0,0,398,297,0.83,0.83,0,0,0.96,0.02,0,255,3,0.2,0,0,0,0.83,0,0,0,neptune,16
6,tcp,domain_u,SF,1140,7990,0,0,0,0,0,0,0,0,0,0,0,0,0,0,0,0,2,3,0.02,0.02,0,0,0.96,0.04,0,33,199,0.86,0.14,0,0,0,0,0,0,normal,21
3,tcp,eco_i,RSTO,23,15,0,0,0,0,0,0,0,0,0,0,0,0,0,0,0,0,13,1,0,0,0,0,0.18,0.63,0,170,3,0,0.82,0.8,0,0,0,0,0,satan,13
2,tcp,private,SH,74,11,0,0,0,0,0,0,0,0,0,0,0,0,0,0,0,0,3,1,0,0,0,0,0.1,0.65,0,162,3,0,0.75,0.78,0,0,0,0,0,ipsweep,16
0,tcp,http,REJ,36,0,0,0,0,0,0,0,0,0,0,0,0,0,0,0,0,0,491,353,0.86,0.86,0,0,0.93,0.04,0,255,6,0.01,0,0,0,0.86,0,0,0,neptune,19
1,tcp,other,SF,71,15,0,0,0,0,0,0,0,0,0,0,0,0,0,0,0,0,16,1,0,0,0,0,0.06,0.66,0,254,10,0,0.67,0.95,0,0,0,0,0,nmap,15
0,icmp,ecr_i,SF,1032,0,0,0,0,0,0,0,0,0,0,0,0,0,0,0,0,0,376,199,0.0,0.0,0,0,0.94,0.02,0,255,255,1.0,0,0,0,0.0,0,0,0,smurf,20
2,udp,smtp,SF,660,7417,0,0,0,0,0,1,0,0,0,0,0,0,0,0,0,0,12,12,0.04,0.04,0,0,0.9,0.1,0,84,97,0.88,0.12,0,0,0,0,0,0,normal,21
0,tcp,http,SF,956,2278,0,0,0,0,0,1,0,0,0,0,0,0,0,0,0,0,3,3,0.01,0.01,0,0,0.98,0.02,0,113,25,0.91,0.09,0,0,0,0,0,0,normal,21
10,tcp,http,SF,2056,13188,0,0,0,0,0,1,0,0,0,0,0,0,0,0,0,0,3,1,0.01,0.01,0,0,0.97,0.03,0,194,205,0.91,0.09,0,0,0,0,0,0,normal,21
3,tcp,http,SF,1929,7691,0,0,0,0,0,1,0,0,0,0,0,0,0,0,0,0,5,3,0.03,0.03,0,0,0.9,0.1,0,239,179,0.97,0.03,0,0,0,0,0,0,normal,21
0,tcp,http,S0,26,0,0,0,0,0,0,0,0,0,0,0,0,0,0,0,0,0,444,406,0.92,0.92,0,0,0.98,0.01,0,255,7,0.09,0,0,0,0.92,0,0,0,back,20
7,tcp,http,SF,532,9170,0,0,0,0,0,1,0,0,0,0,0,0,0,0,0,0,11,1,0.05,0.05,0,0,0.93,0.07,0,57,224,0.97,0.03,0,0,0,0,0,0,normal,21
0,tcp,http,REJ,31,0,0,0,0,0,0,0,0,0,0,0,0,0,0,0,0,0,434,316,0.89,0.89,0,0,0.91,0.07,0,255,38,0.02,0,0,0,0.89,0,0,0,back,20
0,tcp,private,REJ,0,0,0,0,0,0,0,0,0,0,0,0,0,0,0,0,0,0,465,193,0.81,0.81,0,0,0.98,0.04,0,255,19,0.11,0,0,0,0.81,0,0,0,back,18
2,tcp,domain_u,SF,900,10753,0,0,0,0,0,0,0,0,0,0,0,0,0,0,0,0,5,9,0.04,0.04,0,0,0.95,0.05,0,219,117,0.94,0.06,0,0,0,0,0,0,normal,21
1,tcp,domain_u,SF,690,11354,0,0,0,0,0,0,0,0,0,0,0,0,0,0,0,0,12,1,0.03,0.03,0,0,0.95,0.05,0,135,110,0.93,0.07,0,0,0,0,0,0,normal,21
3,tcp,http,SF,2348,6980,0,0,0,0,0,1,0,0,0,0,0,0,0,0,0,0,10,9,0.02,0.02,0,0,0.94,0.06,0,39,254,0.97,0.03,0,0,0,0,0,0,normal,21
7,tcp,ftp_data,SF,402,5408,0,0,0,0,0,1,0,0,0,0,0,0,0,0,0,0,13,1,0.03,0.03,0,0,0.93,0.07,0,224,245,0.93,0.07,0,0,0,0,0,0,normal,21
0,tcp,http,REJ,11,0,0,0,0,0,0,0,0,0,0,0,0,0,0,0,0,0,373,252,0.97,0.97,0,0,0.93,0.08,0,255,9,0.12,0,0,0,0.97,0,0,0,neptune,19
3,tcp,eco_i,RSTO,48,28,0,0,0,0,0,0,0,0,0,0,0,0,0,0,0,0,2,1,0,0,0,0,0.16,0.9,0,163,5,0,0.92,0.73,0,0,0,0,0,nmap,12
1,tcp,other,RSTO,96,31,0,0,0,0,0,0,0,0,0,0,0,0,0,0,0,0,15,1,0,0,0,0,0.13,0.88,0,204,1,0,0.73,0.99,0,0,0,0,0,nmap,17
2,udp,http,SF,1529,11820,0,0,0,0,0,1,0,0,0,0,0,0,0,0,0,0,4,12,0.04,0.04,0,0,0.94,0.06,0,56,73,0.99,0.01,0,0,0,0,0,0,normal,21
5,udp,http,SF,186,364,0,0,0,0,0,1,0,0,0,0,0,0,0,0,0,0,3,2,0.02,0.02,0,0,1.0,0.0,0,180,135,0.92,0.08,0,0,0,0,0,0,normal,21
8,tcp,http,SF,1887,7305,0,0,0,0,0,1,0,0,0,0,0,0,0,0,0,0,10,11,0.0,0.0,0,0,0.93,0.07,0,106,191,0.89,0.11,0,0,0,0,0,0,normal,21
0,icmp,ecr_i,SF,1032,0,0,0,0,0,0,0,0,0,0,0,0,0,0,0,0,0,275,444,0.0,0.0,0,0,0.99,0.1,0,255,255,1.0,0,0,0,0.0,0,0,0,smurf,17
5,tcp,domain_u,SF,585,7698,0,0,0,0,0,0,0,0,0,0,0,0,0,0,0,0,15,6,0.01,0.01,0,0,0.92,0.08,0,42,241,0.96,0.04,0,0,0,0,0,0,normal,21
0,tcp,http,S0,38,0,0,0,0,0,0,0,0,0,0,0,0,0,0,0,0,0,211,371,0.87,0.87,0,0,0.97,0.05,0,255,2,0.09,0,0,0,0.87,0,0,0,teardrop,18
1,tcp,smtp,SF,1403,646,0,0,0,0,0,1,0,0,0,0,0,0,0,0,0,0,4,1,0.03,0.03,0,0,0.99,0.01,0,18,39,0.87,0.13,0,0,0,0,0,0,normal,21
43,tcp,telnet,SF,160,1980,0,0,0,4,2,0,0,0,0,0,0,0,0,0,0,0,1,1,0,0,0,0,0,0,0,9,3,0,0,0,0,0,0,0,0,guess_passwd,8
21,tcp,ftp,SF,444,1648,0,0,0,1,0,1,0,0,0,0,0,0,0,0,0,0,1,1,0,0,0,0,0,0,0,23,28,0,0,0,0,0,0,0,0,ftp_write,8
4,tcp,http,SF,1790,12237,0,0,0,0,0,1,0,0,0,0,0,0,0,0,0,0,10,4,0.04,0.04,0,0,0.95,0.05,0,114,36,0.89,0.11,0,0,0,0,0,0,normal,21
0,icmp,ecr_i,SF,1032,0,0,0,0,0,0,0,0,0,0,0,0,0,0,0,0,0,112,489,0.0,0.0,0,0,0.93,0.07,0,255,255,1.0,0,0,0,0.0,0,0,0,smurf,18
7,udp,domain_u,SF,2363,6264,0,0,0,0,0,0,0,0,0,0,0,0,0,0,0,0,7,12,0.04,0.04,0,0,0.95,0.05,0,21,209,0.94,0.06,0,0,0,0,0,0,normal,21
10,tcp,http,SF,1054,12612,0,0,0,0,0,1,0,0,0,0,0,0,0,0,0,0,3,6,0.04,0.04,0,0,0.95,0.05,0,69,182,0.94,0.06,0,0,0,0,0,0,normal,21
4,icmp,other,REJ,29,9,0,0,0,0,0,0,0,0,0,0,0,0,0,0,0,0,1,1,0,0,0,0,0.06,0.87,0,185,8,0,0.54,0.9,0,0,0,0,0,nmap,12
0,tcp,domain_u,SF,1407,10047,0,0,0,0,0,0,0,0,0,0,0,0,0,0,0,0,8,11,0.0,0.0,0,0,0.92,0.08,0,25,163,0.96,0.04,0,0,0,0,0,0,normal,21
0,tcp,domain_u,SF,1549,13702,0,0,0,0,0,0,0,0,0,0,0,0,0,0,0,0,6,6,0.0,0.0,0,0,0.92,0.08,0,130,70,0.88,0.12,0,0,0,0,0,0,normal,21
4,tcp,http,SF,2440,4095,0,0,0,0,0,1,0,0,0,0,0,0,0,0,0,0,2,8,0.03,0.03,0,0,0.91,0.09,0,127,59,0.96,0.04,0,0,0,0,0,0,normal,21
1,udp,http,SF,1397,2321,0,0,0,0,0,1,0,0,0,0,0,0,0,0,0,0,6,3,0.03,0.03,0,0,0.96,0.04,0,242,27,0.99,0.01,0,0,0,0,0,0,normal,21
3,tcp,smtp,SF,1746,9858,0,0,0,0,0,1,0,0,0,0,0,0,0,0,0,0,9,9,0.04,0.04,0,0,0.91,0.09,0,119,87,0.93,0.07,0,0,0,0,0,0,normal,21
1,icmp,other,RSTO,3,8,0,0,0,0,0,0,0,0,0,0,0,0,0,0,0,0,9,1,0,0,0,0,0.14,0.64,0,237,2,0,0.79,0.8,0,0,0,0,0,nmap,13
0,tcp,ftp_data,SF,356,5127,0,0,0,0,0,1,0,0,0,0,0,0,0,0,0,0,14,12,0.02,0.02,0,0,0.93,0.07,0,229,41,0.87,0.13,0,0,0,0,0,0,normal,21
99,tcp,telnet,SF,3680,4139,0,0,0,0,0,1,0,1,1,3,1,0,0,0,0,0,1,1,0,0,0,0,0,0,0,13,2,0,0,0,0,0,0,0,0,loadmodule,5
17,tcp,telnet,SF,504,908,0,0,0,2,3,0,0,0,0,0,0,0,0,0,0,0,1,1,0,0,0,0,0,0,0,26,18,0,0,0,0,0,0,0,0,guess_passwd,8
0,tcp,http,REJ,48,0,0,0,0,0,0,0,0,0,0,0,0,0,0,0,0,0,383,203,0.88,0.88,0,0,0.99,0.09,0,255,5,0.12,0,0,0,0.88,0,0,0,neptune,18
4,tcp,other,REJ,68,19,0,0,0,0,0,0,0,0,0,0,0,0,0,0,0,0,17,1,0,0,0,0,0.08,0.91,0,214,7,0,0.54,0.85,0,0,0,0,0,portsweep,17
0,tcp,private,S0,25,0,0,0,0,0,0,0,0,0,0,0,0,0,0,0,0,0,400,453,0.87,0.87,0,0,0.95,0.02,0,255,18,0.05,0,0,0,0.87,0,0,0,back,16
0,tcp,private,S0,28,0,0,0,0,0,0,0,0,0,0,0,0,0,0,0,0,0,294,327,0.96,0.96,0,0,0.95,0.04,0,255,41,0.19,0,0,0,0.96,0,0,0,neptune,19
2,tcp,domain_u,SF,1423,10627,0,0,0,0,0,0,0,0,0,0,0,0,0,0,0,0,11,2,0.0,0.0,0,0,0.91,0.09,0,245,205,0.89,0.11,0,0,0,0,0,0,normal,21
0,tcp,private,REJ,34,0,0,0,0,0,0,0,0,0,0,0,0,0,0,0,0,0,220,347,0.9,0.9,0,0,0.99,0.07,0,255,46,0.18,0,0,0,0.9,0,0,0,neptune,15
2,tcp,http,SF,212,6520,0,0,0,0,0,1,0,0,0,0,0,0,0,0,0,0,9,10,0.04,0.04,0,0,0.91,0.09,0,227,83,0.88,0.12,0,0,0,0,0,0,normal,21
7,tcp,smtp,SF,1819,3106,0,0,0,0,0,1,0,0,0,0,0,0,0,0,0,0,5,2,0.03,0.03,0,0,0.9,0.1,0,183,20,0.89,0.11,0,0,0,0,0,0,normal,21
0,icmp,ecr_i,SF,1032,0,0,0,0,0,0,0,0,0,0,0,0,0,0,0,0,0,257,118,0.0,0.0,0,0,0.96,0.01,0,255,255,1.0,0,0,0,0.0,0,0,0,smurf,19
10,udp,domain_u,SF,2208,5537,0,0,0,0,0,0,0,0,0,0,0,0,0,0,0,0,3,12,0.04,0.04,0,0,0.99,0.01,0,70,57,0.87,0.13,0,0,0,0,0,0,normal,21
0,icmp,private,REJ,92,33,0,0,0,0,0,0,0,0,0,0,0,0,0,0,0,0,12,1,0,0,0,0,0.15,0.84,0,233,8,0,0.66,0.92,0,0,0,0,0,ipsweep,18
4,udp,ftp_data,SF,1256,4346,0,0,0,0,0,1,0,0,0,0,0,0,0,0,0,0,9,2,0.04,0.04,0,0,0.93,0.07,0,115,250,0.99,0.01,0,0,0,0,0,0,normal,21
9,udp,http,SF,392,3575,0,0,0,0,0,1,0,0,0,0,0,0,0,0,0,0,13,3,0.02,0.02,0,0,0.92,0.08,0,197,36,0.88,0.12,0,0,0,0,0,0,normal,21
8,tcp,http,SF,1349,11662,0,0,0,0,0,1,0,0,0,0,0,0,0,0,0,0,6,9,0.04,0.04,0,0,0.97,0.03,0,164,113,0.89,0.11,0,0,0,0,0,0,normal,21
0,tcp,http,S0,41,0,0,0,0,0,0,0,0,0,0,0,0,0,0,0,0,0,302,457,0.93,0.93,0,0,0.97,0.04,0,255,48,0.07,0,0,0,0.93,0,0,0,back,17
0,tcp,http,S0,35,0,0,0,0,0,0,0,0,0,0,0,0,0,0,0,0,0,395,467,0.98,0.98,0,0,0.97,0.02,0,255,17,0.04,0,0,0,0.98,0,0,0,teardrop,19
0,tcp,private,S0,40,0,0,0,0,0,0,0,0,0,0,0,0,0,0,0,0,0,407,225,0.88,0.88,0,0,0.95,0.07,0,255,29,0.06,0,0,0,0.88,0,0,0,teardrop,17
9,tcp,ftp_data,SF,460,3833,0,0,0,0,0,1,0,0,0,0,0,0,0,0,0,0,11,2,0.04,0.04,0,0,0.94,0.06,0,36,37,0.93,0.07,0,0,0,0,0,0,normal,21
0,tcp,http,SF,2217,8415,0,0,0,0,0,1,0,0,0,0,0,0,0,0,0,0,10,2,0.0,0.0,0,0,0.93,0.07,0,43,218,0.98,0.02,0,0,0,0,0,0,normal,21
2,icmp,eco_i,SF,24,47,0,0,0,0,0,0,0,0,0,0,0,0,0,0,0,0,3,1,0,0,0,0,0.18,0.67,0,249,1,0,0.82,0.78,0,0,0,0,0,portsweep,13
43,tcp,ftp,SF,450,2715,0,0,0,3,0,1,0,0,0,0,0,0,0,0,0,1,1,1,0,0,0,0,0,0,0,12,29,0,0,0,0,0,0,0,0,warezclient,10
2,tcp,other,SH,92,44,0,0,0,0,0,0,0,0,0,0,0,0,0,0,0,0,19,1,0,0,0,0,0.09,0.77,0,170,9,0,0.56,0.7,0,0,0,0,0,satan,15
0,tcp,private,REJ,39,0,0,0,0,0,0,0,0,0,0,0,0,0,0,0,0,0,314,482,0.98,0.98,0,0,0.94,0.09,0,255,29,0.19,0,0,0,0.98,0,0,0,neptune,18
10,tcp,domain_u,SF,870,12184,0,0,0,0,0,0,0,0,0,0,0,0,0,0,0,0,8,9,0.05,0.05,0,0,0.98,0.02,0,60,46,0.89,0.11,0,0,0,0,0,0,normal,21
0,tcp,http,REJ,16,0,0,0,0,0,0,0,0,0,0,0,0,0,0,0,0,0,216,386,0.84,0.84,0,0,0.91,0.08,0,255,49,0.19,0,0,0,0.84,0,0,0,neptune,20
0,tcp,private,REJ,7,0,0,0,0,0,0,0,0,0,0,0,0,0,0,0,0,0,242,431,0.84,0.84,0,0,0.92,0.06,0,255,32,0.06,0,0,0,0.84,0,0,0,neptune,19
6,tcp,http,SF,1573,8366,0,0,0,0,0,1,0,0,0,0,0,0,0,0,0,0,3,4,0.03,0.03,0,0,0.97,0.03,0,187,249,0.9,0.1,0,0,0,0,0,0,normal,21
2,udp,http,SF,2160,9868,0,0,0,0,0,1,0,0,0,0,0,0,0,0,0,0,13,4,0.04,0.04,0,0,0.93,0.07,0,94,16,0.88,0.12,0,0,0,0,0,0,normal,21
6,tcp,smtp,SF,435,12557,0,0,0,0,0,1,0,0,0,0,0,0,0,0,0,0,1,4,0.03,0.03,0,0,0.92,0.08,0,195,194,0.99,0.01,0,0,0,0,0,0,normal,21
4,udp,http,SF,2347,5150,0,0,0,0,0,1,0,0,0,0,0,0,0,0,0,0,1,8,0.01,0.01,0,0,0.99,0.01,0,52,223,0.97,0.03,0,0,0,0,0,0,normal,21
0,tcp,http,REJ,5,0,0,0,0,0,0,0,0,0,0,0,0,0,0,0,0,0,130,165,0.94,0.94,0,0,0.97,0.04,0,255,12,0.14,0,0,0,0.94,0,0,0,back,18
6,tcp,domain_u,SF,2354,6861,0,0,0,0,0,0,0,0,0,0,0,0,0,0,0,0,15,10,0.03,0.03,0,0,0.98,0.02,0,186,153,0.87,0.13,0,0,0,0,0,0,normal,21
5,tcp,smtp,SF,1294,10511,0,0,0,0,0,1,0,0,0,0,0,0,0,0,0,0,4,9,0.01,0.01,0,0,0.94,0.06,0,99,41,0.88,0.12,0,0,0,0,0,0,normal,21
7,udp,domain_u,SF,213,14430,0,0,0,0,0,0,0,0,0,0,0,0,0,0,0,0,8,11,0.04,0.04,0,0,0.93,0.07,0,212,73,0.88,0.12,0,0,0,0,0,0,normal,21
0,tcp,smtp,SF,1320,8568,0,0,0,0,0,1,0,0,0,0,0,0,0,0,0,0,6,1,0.04,0.04,0,0,0.94,0.06,0,33,96,0.87,0.13,0,0,0,0,0,0,normal,21
10,tcp,http,SF,684,10830,0,0,0,0,0,1,0,0,0,0,0,0,0,0,0,0,10,9,0.01,0.01,0,0,0.93,0.07,0,148,142,0.87,0.13,0,0,0,0,0,0,normal,21
0,tcp,http,REJ,43,0,0,0,0,0,0,0,0,0,0,0,0,0,0,0,0,0,416,108,0.97,0.97,0,0,1.0,0.03,0,255,10,0.12,0,0,0,0.97,0,0,0,back,15
22,tcp,ftp,SF,476,1757,0,0,0,1,0,1,0,0,0,0,0,0,0,0,0,1,1,1,0,0,0,0,0,0,0,24,1,0,0,0,0,0,0,0,0,warezclient,13
0,tcp,private,S0,47,0,0,0,0,0,0,0,0,0,0,0,0,0,0,0,0,0,147,426,0.9,0.9,0,0,0.96,0.01,0,255,21,0.11,0,0,0,0.9,0,0,0,back,17
9,tcp,http,SF,2453,4855,0,0,0,0,0,1,0,0,0,0,0,0,0,0,0,0,10,9,0.01,0.01,0,0,0.96,0.04,0,24,221,0.93,0.07,0,0,0,0,0,0,normal,21
0,icmp,ecr_i,SF,1032,0,0,0,0,0,0,0,0,0,0,0,0,0,0,0,0,0,475,346,0.0,0.0,0,0,0.95,0.04,0,255,255,1.0,0,0,0,0.0,0,0,0,smurf,20
0,tcp,http,S0,23,0,0,0,0,0,0,0,0,0,0,0,0,0,0,0,0,0,392,297,0.96,0.96,0,0,0.99,0.09,0,255,38,0.04,0,0,0,0.96,0,0,0,teardrop,15
52,tcp,telnet,SF,1749,9661,0,0,0,0,0,1,0,1,1,4,3,0,0,0,0,0,1,1,0,0,0,0,0,0,0,7,7,0,0,0,0,0,0,0,0,buffer_overflow,6
8,udp,domain_u,SF,235,14811,0,0,0,0,0,0,0,0,0,0,0,0,0,0,0,0,4,7,0.02,0.02,0,0,0.96,0.04,0,213,33,0.95,0.05,0,0,0,0,0,0,normal,21
9,tcp,domain_u,SF,1739,14534,0,0,0,0,0,0,0,0,0,0,0,0,0,0,0,0,7,10,0.03,0.03,0,0,0.92,0.08,0,108,94,0.96,0.04,0,0,0,0,0,0,normal,21
5,udp,http,SF,943,3550,0,0,0,0,0,1,0,0,0,0,0,0,0,0,0,0,6,7,0.02,0.02,0,0,0.91,0.09,0,233,227,0.98,0.02,0,0,0,0,0,0,normal,21
4,udp,smtp,SF,1092,14736,0,0,0,0,0,1,0,0,0,0,0,0,0,0,0,0,4,8,0.05,0.05,0,0,0.98,0.02,0,118,25,0.95,0.05,0,0,0,0,0,0,normal,21
8,tcp,ftp_data,SF,844,12140,0,0,0,0,0,1,0,0,0,0,0,0,0,0,0,0,10,7,0.02,0.02,0,0,0.99,0.01,0,187,86,0.86,0.14,0,0,0,0,0,0,normal,21
30,tcp,ftp,SF,562,1647,0,0,0,1,0,1,0,0,0,0,0,0,0,0,0,0,1,1,0,0,0,0,0,0,0,24,27,0,0,0,0,0,0,0,0,ftp_write,10
4,udp,smtp,SF,856,8595,0,0,0,0,0,1,0,0,0,0,0,0,0,0,0,0,13,12,0.01,0.01,0,0,0.99,0.01,0,241,60,0.97,0.03,0,0,0,0,0,0,normal,21
0,tcp,http,S0,1,0,0,0,0,0,0,0,0,0,0,0,0,0,0,0,0,0,155,189,0.96,0.96,0,0,0.96,0.05,0,255,35,0.18,0,0,0,0.96,0,0,0,back,18
0,tcp,http,REJ,44,0,0,0,0,0,0,0,0,0,0,0,0,0,0,0,0,0,429,449,0.82,0.82,0,0,0.97,0.01,0,255,49,0.05,0,0,0,0.82,0,0,0,back,20
9,tcp,http,SF,2178,6666,0,0,0,0,0,1,0,0,0,0,0,0,0,0,0,0,2,6,0.01,0.01,0,0,0.93,0.07,0,204,74,1.0,0.0,0,0,0,0,0,0,normal,21
2,tcp,ftp_data,SF,1279,14206,0,0,0,0,0,1,0,0,0,0,0,0,0,0,0,0,3,9,0.05,0.05,0,0,1.0,0.0,0,172,55,0.85,0.15,0,0,0,0,0,0,normal,21
10,tcp,ftp_data,SF,1270,8573,0,0,0,0,0,1,0,0,0,0,0,0,0,0,0,0,15,6,0.02,0.02,0,0,0.98,0.02,0,134,139,0.92,0.08,0,0,0,0,0,0,normal,21
2,tcp,http,SF,2457,5728,0,0,0,0,0,1,0,0,0,0,0,0,0,0,0,0,12,12,0.03,0.03,0,0,0.98,0.02,0,11,15,0.92,0.08,0,0,0,0,0,0,normal,21
3,udp,http,SF,1507,4874,0,0,0,0,0,1,0,0,0,0,0,0,0,0,0,0,9,6,0.01,0.01,0,0,0.99,0.01,0,23,147,0.95,0.05,0,0,0,0,0,0,normal,21
0,tcp,http,S0,48,0,0,0,0,0,0,0,0,0,0,0,0,0,0,0,0,0,438,212,0.89,0.89,0,0,0.93,0.01,0,255,31,0.02,0,0,0,0.89,0,0,0,back,20
3,tcp,http,SF,1718,9214,0,0,0,0,0,1,0,0,0,0,0,0,0,0,0,0,8,8,0.03,0.03,0,0,0.91,0.09,0,208,179,0.89,0.11,0,0,0,0,0,0,normal,21
0,tcp,private,S0,40,0,0,0,0,0,0,0,0,0,0,0,0,0,0,0,0,0,111,274,0.84,0.84,0,0,0.93,0.04,0,255,4,0.04,0,0,0,0.84,0,0,0,teardrop,15
8,tcp,http,SF,532,13857,0,0,0,0,0,1,0,0,0,0,0,0,0,0,0,0,15,4,0.02,0.02,0,0,0.96,0.04,0,47,62,0.94,0.06,0,0,0,0,0,0,normal,21
7,tcp,ftp_data,SF,874,1441,0,0,0,0,0,1,0,0,0,0,0,0,0,0,0,0,12,6,0.03,0.03,0,0,0.99,0.01,0,188,132,0.89,0.11,0,0,0,0,0,0,normal,21
0,tcp,private,REJ,22,0,0,0,0,0,0,0,0,0,0,0,0,0,0,0,0,0,401,427,0.98,0.98,0,0,0.9,0.05,0,255,48,0.09,0,0,0,0.98,0,0,0,back,20
0,tcp,private,S0,47,0,0,0,0,0,0,0,0,0,0,0,0,0,0,0,0,0,302,413,0.85,0.85,0,0,0.96,0.1,0,255,12,0.13,0,0,0,0.85,0,0,0,teardrop,15
0,tcp,http,S0,27,0,0,0,0,0,0,0,0,0,0,0,0,0,0,0,0,0,471,355,0.89,0.89,0,0,0.98,0.09,0,255,8,0.19,0,0,0,0.89,0,0,0,teardrop,15
0,tcp,http,REJ,1,0,0,0,0,0,0,0,0,0,0,0,0,0,0,0,0,0,299,446,0.83,0.83,0,0,0.91,0.04,0,255,31,0.19,0,0,0,0.83,0,0,0,teardrop,20
9,udp,domain_u,SF,2483,990,0,0,0,0,0,0,0,0,0,0,0,0,0,0,0,0,9,2,0.01,0.01,0,0,0.93,0.07,0,142,102,0.97,0.03,0,0,0,0,0,0,normal,21
20,tcp,telnet,SF,702,897,0,0,0,2,3,0,0,0,0,0,0,0,0,0,0,0,1,1,0,0,0,0,0,0,0,12,22,0,0,0,0,0,0,0,0,guess_passwd,9
3,udp,domain_u,SF,229,203,0,0,0,0,0,0,0,0,0,0,0,0,0,0,0,0,8,4,0.01,0.01,0,0,0.92,0.08,0,86,145,1.0,0.0,0,0,0,0,0,0,normal,21
7,tcp,http,SF,1539,14465,0,0,0,0,0,1,0,0,0,0,0,0,0,0,0,0,13,12,0.04,0.04,0,0,0.97,0.03,0,118,211,0.99,0.01,0,0,0,0,0,0,normal,21
5,icmp,other,RSTO,18,22,0,0,0,0,0,0,0,0,0,0,0,0,0,0,0,0,9,1,0,0,0,0,0.11,0.87,0,231,6,0,0.86,0.74,0,0,0,0,0,ipsweep,16
5,udp,ftp_data,SF,1166,4183,0,0,0,0,0,1,0,0,0,0,0,0,0,0,0,0,14,2,0.02,0.02,0,0,1.0,0.0,0,112,208,0.85,0.15,0,0,0,0,0,0,normal,21
0,tcp,http,SF,1388,13414,0,0,0,0,0,1,0,0,0,0,0,0,0,0,0,0,2,4,0.04,0.04,0,0,0.94,0.06,0,178,134,0.94,0.06,0,0,0,0,0,0,normal,21
0,icmp,ecr_i,SF,1032,0,0,0,0,0,0,0,0,0,0,0,0,0,0,0,0,0,417,152,0.0,0.0,0,0,0.96,0.08,0,255,255,1.0,0,0,0,0.0,0,0,0,smurf,16
0,tcp,http,SF,1238,8733,0,0,0,0,0,1,0,0,0,0,0,0,0,0,0,0,13,11,0.02,0.02,0,0,0.96,0.04,0,101,115,0.97,0.03,0,0,0,0,0,0,normal,21
3,tcp,domain_u,SF,2213,14812,0,0,0,0,0,0,0,0,0,0,0,0,0,0,0,0,2,9,0.04,0.04,0,0,0.9,0.1,0,24,226,0.93,0.07,0,0,0,0,0,0,normal,21
0,tcp,private,REJ,37,0,0,0,0,0,0,0,0,0,0,0,0,0,0,0,0,0,240,233,0.86,0.86,0,0,0.99,0.09,0,255,8,0.04,0,0,0,0.86,0,0,0,teardrop,16
0,icmp,ecr_i,SF,1032,0,0,0,0,0,0,0,0,0,0,0,0,0,0,0,0,0,175,201,0.0,0.0,0,0,0.92,0.06,0,255,255,1.0,0,0,0,0.0,0,0,0,smurf,16
0,tcp,http,S0,9,0,0,0,0,0,0,0,0,0,0,0,0,0,0,0,0,0,290,444,0.91,0.91,0,0,0.95,0.05,0,255,23,0.13,0,0,0,0.91,0,0,0,neptune,16
0,tcp,private,S0,2,0,0,0,0,0,0,0,0,0,0,0,0,0,0,0,0,0,414,444,0.95,0.95,0,0,0.92,0.07,0,255,33,0.16,0,0,0,0.95,0,0,0,back,15
0,tcp,http,REJ,0,0,0,0,0,0,0,0,0,0,0,0,0,0,0,0,0,0,257,262,0.88,0.88,0,0,0.93,0.03,0,255,11,0.11,0,0,0,0.88,0,0,0,neptune,15
0,tcp,ftp_data,SF,2279,12585,0,0,0,0,0,1,0,0,0,0,0,0,0,0,0,0,4,7,0.01,0.01,0,0,0.92,0.08,0,134,63,0.91,0.09,0,0,0,0,0,0,normal,21
0,icmp,ecr_i,SF,1032,0,0,0,0,0,0,0,0,0,0,0,0,0,0,0,0,0,139,253,0.0,0.0,0,0,0.94,0.06,0,255,255,1.0,0,0,0,0.0,0,0,0,smurf,17
0,tcp,http,REJ,4,0,0,0,0,0,0,0,0,0,0,0,0,0,0,0,0,0,128,178,0.86,0.86,0,0,1.0,0.02,0,255,41,0.12,0,0,0,0.86,0,0,0,neptune,18
3,icmp,private,REJ,6,0,0,0,0,0,0,0,0,0,0,0,0,0,0,0,0,0,9,1,0,0,0,0,0.15,0.68,0,216,10,0,0.66,0.63,0,0,0,0,0,nmap,16
4,tcp,ftp_data,SF,709,9520,0,0,0,0,0,1,0,0,0,0,0,0,0,0,0,0,3,5,0.03,0.03,0,0,0.95,0.05,0,211,96,0.92,0.08,0,0,0,0,0,0,normal,21
0,tcp,http,S0,25,0,0,0,0,0,0,0,0,0,0,0,0,0,0,0,0,0,441,278,0.93,0.93,0,0,0.94,0.06,0,255,13,0.16,0,0,0,0.93,0,0,0,teardrop,17
1,tcp,ftp_data,SF,941,10568,0,0,0,0,0,1,0,0,0,0,0,0,0,0,0,0,5,10,0.02,0.02,0,0,0.92,0.08,0,53,176,0.98,0.02,0,0,0,0,0,0,normal,21
0,tcp,private,REJ,15,0,0,0,0,0,0,0,0,0,0,0,0,0,0,0,0,0,145,449,0.92,0.92,0,0,0.92,0.05,0,255,28,0.08,0,0,0,0.92,0,0,0,back,16
1,icmp,eco_i,SF,8,41,0,0,0,0,0,0,0,0,0,0,0,0,0,0,0,0,7,1,0,0,0,0,0.17,0.64,0,197,2,0,0.9,0.61,0,0,0,0,0,portsweep,14
0,icmp,ecr_i,SF,1032,0,0,0,0,0,0,0,0,0,0,0,0,0,0,0,0,0,175,159,0.0,0.0,0,0,0.94,0.07,0,255,255,1.0,0,0,0,0.0,0,0,0,smurf,17
4,tcp,telnet,SF,294,1054,0,0,0,1,2,0,0,0,0,0,0,0,0,0,0,0,1,1,0,0,0,0,0,0,0,17,8,0,0,0,0,0,0,0,0,guess_passwd,9
5,tcp,other,REJ,5,47,0,0,0,0,0,0,0,0,0,0,0,0,0,0,0,0,9,1,0,0,0,0,0.16,0.62,0,214,1,0,0.87,0.75,0,0,0,0,0,portsweep,16
9,tcp,ftp_data,SF,2100,5472,0,0,0,0,0,1,0,0,0,0,0,0,0,0,0,0,9,4,0.05,0.05,0,0,0.93,0.07,0,168,155,0.94,0.06,0,0,0,0,0,0,normal,21
4,icmp,private,SH,7,9,0,0,0,0,0,0,0,0,0,0,0,0,0,0,0,0,5,1,0,0,0,0,0.05,0.66,0,215,1,0,0.89,0.62,0,0,0,0,0,nmap,18
0,tcp,http,S0,16,0,0,0,0,0,0,0,0,0,0,0,0,0,0,0,0,0,184,403,0.92,0.92,0,0,0.95,0.05,0,255,43,0.14,0,0,0,0.92,0,0,0,back,20
0,tcp,http,S0,8,0,0,0,0,0,0,0,0,0,0,0,0,0,0,0,0,0,511,341,0.84,0.84,0,0,0.91,0.02,0,255,11,0.11,0,0,0,0.84,0,0,0,teardrop,17
9,tcp,smtp,SF,1773,12756,0,0,0,0,0,1,0,0,0,0,0,0,0,0,0,0,12,11,0.02,0.02,0,0,0.97,0.03,0,234,155,0.87,0.13,0,0,0,0,0,0,normal,21
0,icmp,ecr_i,SF,1032,0,0,0,0,0,0,0,0,0,0,0,0,0,0,0,0,0,230,134,0.0,0.0,0,0,0.9,0.01,0,255,255,1.0,0,0,0,0.0,0,0,0,smurf,20
6,tcp,http,SF,2084,8317,0,0,0,0,0,1,0,0,0,0,0,0,0,0,0,0,3,12,0.0,0.0,0,0,0.94,0.06,0,249,153,0.9,0.1,0,0,0,0,0,0,normal,21
0,tcp,private,REJ,42,0,0,0,0,0,0,0,0,0,0,0,0,0,0,0,0,0,386,441,0.88,0.88,0,0,0.99,0.02,0,255,17,0.02,0,0,0,0.88,0,0,0,back,17
4,tcp,domain_u,SF,2271,3499,0,0,0,0,0,0,0,0,0,0,0,0,0,0,0,0,3,5,0.03,0.03,0,0,0.99,0.01,0,110,179,1.0,0.0,0,0,0,0,0,0,normal,21
0,tcp,private,S0,40,0,0,0,0,0,0,0,0,0,0,0,0,0,0,0,0,0,390,424,0.86,0.86,0,0,0.99,0.03,0,255,35,0.12,0,0,0,0.86,0,0,0,teardrop,19
0,tcp,private,REJ,17,0,0,0,0,0,0,0,0,0,0,0,0,0,0,0,0,0,442,243,0.88,0.88,0,0,0.94,0.05,0,255,16,0.19,0,0,0,0.88,0,0,0,teardrop,16
10,udp,ftp_data,SF,2173,8429,0,0,0,0,0,1,0,0,0,0,0,0,0,0,0,0,8,1,0.01,0.01,0,0,0.98,0.02,0,75,237,0.99,0.01,0,0,0,0,0,0,normal,21
0,icmp,ecr_i,SF,1032,0,0,0,0,0,0,0,0,0,0,0,0,0,0,0,0,0,122,405,0.0,0.0,0,0,1.0,0.03,0,255,255,1.0,0,0,0,0.0,0,0,0,smurf,20
0,icmp,ecr_i,SF,1032,0,0,0,0,0,0,0,0,0,0,0,0,0,0,0,0,0,123,443,0.0,0.0,0,0,1.0,0.05,0,255,255,1.0,0,0,0,0.0,0,0,0,smurf,19
0,icmp,ecr_i,SF,1032,0,0,0,0,0,0,0,0,0,0,0,0,0,0,0,0,0,293,327,0.0,0.0,0,0,0.91,0.08,0,255,255,1.0,0,0,0,0.0,0,0,0,smurf,19
0,tcp,private,S0,34,0,0,0,0,0,0,0,0,0,0,0,0,0,0,0,0,0,333,170,0.99,0.99,0,0,0.98,0.05,0,255,14,0.11,0,0,0,0.99,0,0,0,back,20
4,tcp,domain_u,SF,1764,1170,0,0,0,0,0,0,0,0,0,0,0,0,0,0,0,0,8,5,0.03,0.03,0,0,0.97,0.03,0,83,100,0.91,0.09,0,0,0,0,0,0,normal,21
0,tcp,http,S0,17,0,0,0,0,0,0,0,0,0,0,0,0,0,0,0,0,0,457,425,0.99,0.99,0,0,0.99,0.07,0,255,25,0.02,0,0,0,0.99,0,0,0,neptune,17
4,tcp,ftp,SF,658,892,0,0,0,1,0,1,0,0,0,0,0,0,0,0,0,1,1,1,0,0,0,0,0,0,0,13,4,0,0,0,0,0,0,0,0,warezclient,8
10,udp,ftp_data,SF,570,10818,0,0,0,0,0,1,0,0,0,0,0,0,0,0,0,0,1,5,0.04,0.04,0,0,0.91,0.09,0,18,209,0.95,0.05,0,0,0,0,0,0,normal,21
7,tcp,http,SF,371,10708,0,0,0,0,0,1,0,0,0,0,0,0,0,0,0,0,14,9,0.05,0.05,0,0,0.99,0.01,0,66,130,0.99,0.01,0,0,0,0,0,0,normal,21
23,tcp,telnet,SF,675,936,0,0,0,3,3,0,0,0,0,0,0,0,0,0,0,0,1,1,0,0,0,0,0,0,0,20,20,0,0,0,0,0,0,0,0,guess_passwd,12
5,tcp,http,SF,2040,12794,0,0,0,0,0,1,0,0,0,0,0,0,0,0,0,0,15,1,0.03,0.03,0,0,0.99,0.01,0,44,85,0.91,0.09,0,0,0,0,0,0,normal,21
10,tcp,smtp,SF,2194,10439,0,0,0,0,0,1,0,0,0,0,0,0,0,0,0,0,12,1,0.04,0.04,0,0,0.91,0.09,0,176,147,0.97,0.03,0,0,0,0,0,0,normal,21
8,tcp,ftp_data,SF,1158,9444,0,0,0,0,0,1,0,0,0,0,0,0,0,0,0,0,5,11,0.03,0.03,0,0,0.95,0.05,0,59,75,1.0,0.0,0,0,0,0,0,0,normal,21
2,tcp,http,SF,859,3052,0,0,0,0,0,1,0,0,0,0,0,0,0,0,0,0,15,1,0.03,0.03,0,0,0.92,0.08,0,55,133,0.94,0.06,0,0,0,0,0,0,normal,21
7,udp,http,SF,1369,13835,0,0,0,0,0,1,0,0,0,0,0,0,0,0,0,0,2,1,0.03,0.03,0,0,0.97,0.03,0,91,240,0.89,0.11,0,0,0,0,0,0,normal,21
7,tcp,smtp,SF,1862,4006,0,0,0,0,0,1,0,0,0,0,0,0,0,0,0,0,11,9,0.01,0.01,0,0,0.97,0.03,0,193,208,0.92,0.08,0,0,0,0,0,0,normal,21
0,udp,ftp_data,SF,2055,3493,0,0,0,0,0,1,0,0,0,0,0,0,0,0,0,0,3,9,0.04,0.04,0,0,0.94,0.06,0,252,179,0.95,0.05,0,0,0,0,0,0,normal,21
7,udp,http,SF,2193,6498,0,0,0,0,0,1,0,0,0,0,0,0,0,0,0,0,2,8,0.01,0.01,0,0,1.0,0.0,0,45,215,0.93,0.07,0,0,0,0,0,0,normal,21
7,udp,ftp_data,SF,640,4808,0,0,0,0,0,1,0,0,0,0,0,0,0,0,0,0,7,11,0.05,0.05,0,0,0.94,0.06,0,226,253,0.98,0.02,0,0,0,0,0,0,normal,21
8,tcp,ftp_data,SF,426,13461,0,0,0,0,0,1,0,0,0,0,0,0,0,0,0,0,12,4,0.02,0.02,0,0,0.98,0.02,0,69,113,0.89,0.11,0,0,0,0,0,0,normal,21
0,icmp,ecr_i,SF,1032,0,0,0,0,0,0,0,0,0,0,0,0,0,0,0,0,0,336,162,0.0,0.0,0,0,0.96,0.05,0,255,255,1.0,0,0,0,0.0,0,0,0,smurf,20
2,tcp,smtp,SF,335,10451,0,0,0,0,0,1,0,0,0,0,0,0,0,0,0,0,4,10,0.02,0.02,0,0,0.95,0.05,0,122,156,0.92,0.08,0,0,0,0,0,0,normal,21
8,tcp,http,SF,1604,5176,0,0,0,0,0,1,0,0,0,0,0,0,0,0,0,0,7,7,0.01,0.01,0,0,0.99,0.01,0,84,224,0.99,0.01,0,0,0,0,0,0,normal,21
9,tcp,http,SF,1023,4380,0,0,0,0,0,1,0,0,0,0,0,0,0,0,0,0,7,5,0.01,0.01,0,0,0.95,0.05,0,107,108,0.93,0.07,0,0,0,0,0,0,normal,21
7,udp,ftp_data,SF,1137,1548,0,0,0,0,0,1,0,0,0,0,0,0,0,0,0,0,15,8,0.03,0.03,0,0,0.95,0.05,0,82,180,0.95,0.05,0,0,0,0,0,0,normal,21
8,tcp,smtp,SF,702,10777,0,0,0,0,0,1,0,0,0,0,0,0,0,0,0,0,11,1,0.05,0.05,0,0,0.95,0.05,0,142,78,0.91,0.09,0,0,0,0,0,0,normal,21
3,tcp,http,SF,1521,4665,0,0,0,0,0,1,0,0,0,0,0,0,0,0,0,0,6,9,0.0,0.0,0,0,0.96,0.04,0,111,195,0.96,0.04,0,0,0,0,0,0,normal,21
0,tcp,private,REJ,38,0,0,0,0,0,0,0,0,0,0,0,0,0,0,0,0,0,468,321,0.99,0.99,0,0,0.96,0.09,0,255,4,0.04,0,0,0,0.99,0,0,0,teardrop,15
2,icmp,private,SH,15,37,0,0,0,0,0,0,0,0,0,0,0,0,0,0,0,0,8,1,0,0,0,0,0.14,0.7,0,157,8,0,0.64,0.98,0,0,0,0,0,satan,13
1,tcp,private,RSTO,10,34,0,0,0,0,0,0,0,0,0,0,0,0,0,0,0,0,4,1,0,0,0,0,0.06,0.88,0,178,8,0,0.77,0.73,0,0,0,0,0,nmap,14
0,icmp,ecr_i,SF,1032,0,0,0,0,0,0,0,0,0,0,0,0,0,0,0,0,0,431,378,0.0,0.0,0,0,0.91,0.01,0,255,255,1.0,0,0,0,0.0,0,0,0,smurf,18
2,tcp,http,SF,1135,8224,0,0,0,0,0,1,0,0,0,0,0,0,0,0,0,0,15,1,0.0,0.0,0,0,0.94,0.06,0,196,104,0.97,0.03,0,0,0,0,0,0,normal,21
4,icmp,eco_i,RSTO,48,22,0,0,0,0,0,0,0,0,0,0,0,0,0,0,0,0,14,1,0,0,0,0,0.12,0.73,0,208,5,0,0.54,0.83,0,0,0,0,0,ipsweep,14
0,icmp,other,RSTO,26,12,0,0,0,0,0,0,0,0,0,0,0,0,0,0,0,0,13,1,0,0,0,0,0.14,0.75,0,238,7,0,0.59,0.67,0,0,0,0,0,ipsweep,18
0,tcp,http,REJ,15,0,0,0,0,0,0,0,0,0,0,0,0,0,0,0,0,0,359,138,0.82,0.82,0,0,0.9,0.09,0,255,42,0.05,0,0,0,0.82,0,0,0,back,17
2,tcp,ftp_data,SF,2466,6614,0,0,0,0,0,1,0,0,0,0,0,0,0,0,0,0,8,10,0.02,0.02,0,0,0.91,0.09,0,110,177,0.9,0.1,0,0,0,0,0,0,normal,21
0,tcp,ftp_data,SF,1470,11681,0,0,0,0,0,1,0,0,0,0,0,0,0,0,0,0,2,9,0.04,0.04,0,0,0.98,0.02,0,217,18,0.87,0.13,0,0,0,0,0,0,normal,21
10,tcp,smtp,SF,719,8443,0,0,0,0,0,1,0,0,0,0,0,0,0,0,0,0,1,5,0.01,0.01,0,0,0.95,0.05,0,116,60,0.99,0.01,0,0,0,0,0,0,normal,21
6,udp,http,SF,2274,2669,0,0,0,0,0,1,0,0,0,0,0,0,0,0,0,0,10,4,0.0,0.0,0,0,0.91,0.09,0,169,128,0.99,0.01,0,0,0,0,0,0,normal,21
0,icmp,ecr_i,SF,1032,0,0,0,0,0,0,0,0,0,0,0,0,0,0,0,0,0,293,155,0.0,0.0,0,0,0.93,0.04,0,255,255,1.0,0,0,0,0.0,0,0,0,smurf,16
18,tcp,ftp,SF,636,1621,0,0,0,3,0,1,0,0,0,0,0,0,0,0,0,1,1,1,0,0,0,0,0,0,0,9,3,0,0,0,0,0,0,0,0,warezclient,8
2,udp,domain_u,SF,1014,8426,0,0,0,0,0,0,0,0,0,0,0,0,0,0,0,0,11,8,0.03,0.03,0,0,0.96,0.04,0,40,60,0.93,0.07,0,0,0,0,0,0,normal,21
8,tcp,domain_u,SF,1365,7201,0,0,0,0,0,0,0,0,0,0,0,0,0,0,0,0,11,5,0.01,0.01,0,0,1.0,0.0,0,49,41,0.87,0.13,0,0,0,0,0,0,normal,21
0,tcp,private,S0,48,0,0,0,0,0,0,0,0,0,0,0,0,0,0,0,0,0,345,290,0.9,0.9,0,0,0.96,0.04,0,255,48,0.08,0,0,0,0.9,0,0,0,back,19
0,icmp,ecr_i,SF,1032,0,0,0,0,0,0,0,0,0,0,0,0,0,0,0,0,0,293,199,0.0,0.0,0,0,0.94,0.02,0,255,255,1.0,0,0,0,0.0,0,0,0,smurf,16
2,udp,domain_u,SF,2354,6340,0,0,0,0,0,0,0,0,0,0,0,0,0,0,0,0,6,3,0.04,0.04,0,0,0.91,0.09,0,78,126,0.95,0.05,0,0,0,0,0,0,normal,21
4,tcp,ftp_data,SF,206,8311,0,0,0,0,0,1,0,0,0,0,0,0,0,0,0,0,10,2,0.03,0.03,0,0,0.94,0.06,0,140,72,0.93,0.07,0,0,0,0,0,0,normal,21
2,icmp,other,SF,68,36,0,0,0,0,0,0,0,0,0,0,0,0,0,0,0,0,13,1,0,0,0,0,0.08,0.88,0,178,4,0,0.66,0.69,0,0,0,0,0,ipsweep,17
27,tcp,telnet,SF,461,2817,0,0,0,2,4,0,0,0,0,0,0,0,0,0,0,0,1,1,0,0,0,0,0,0,0,3,22,0,0,0,0,0,0,0,0,guess_passwd,11
0,tcp,private,S0,45,0,0,0,0,0,0,0,0,0,0,0,0,0,0,0,0,0,400,435,0.93,0.93,0,0,0.97,0.01,0,255,49,0.07,0,0,0,0.93,0,0,0,neptune,16
0,icmp,eco_i,SF,38,7,0,0,0,0,0,0,0,0,0,0,0,0,0,0,0,0,13,1,0,0,0,0,0.1,0.87,0,174,6,0,0.74,0.9,0,0,0,0,0,satan,14
10,udp,http,SF,308,13076,0,0,0,0,0,1,0,0,0,0,0,0,0,0,0,0,15,7,0.05,0.05,0,0,0.92,0.08,0,215,172,0.9,0.1,0,0,0,0,0,0,normal,21
2,icmp,eco_i,SH,30,0,0,0,0,0,0,0,0,0,0,0,0,0,0,0,0,0,9,1,0,0,0,0,0.14,0.63,0,165,5,0,0.91,0.73,0,0,0,0,0,ipsweep,14
0,icmp,ecr_i,SF,1032,0,0,0,0,0,0,0,0,0,0,0,0,0,0,0,0,0,292,184,0.0,0.0,0,0,0.92,0.05,0,255,255,1.0,0,0,0,0.0,0,0,0,smurf,16
10,tcp,http,SF,1534,14732,0,0,0,0,0,1,0,0,0,0,0,0,0,0,0,0,11,11,0.01,0.01,0,0,0.98,0.02,0,111,102,0.86,0.14,0,0,0,0,0,0,normal,21
6,tcp,smtp,SF,810,12620,0,0,0,0,0,1,0,0,0,0,0,0,0,0,0,0,10,7,0.02,0.02,0,0,0.99,0.01,0,170,240,0.96,0.04,0,0,0,0,0,0,normal,21
9,tcp,smtp,SF,2308,2531,0,0,0,0,0,1,0,0,0,0,0,0,0,0,0,0,4,6,0.01,0.01,0,0,0.97,0.03,0,180,111,0.95,0.05,0,0,0,0,0,0,normal,21
0,udp,ftp_data,SF,1039,4907,0,0,0,0,0,1,0,0,0,0,0,0,0,0,0,0,14,7,0.02,0.02,0,0,0.94,0.06,0,241,48,0.94,0.06,0,0,0,0,0,0,normal,21
10,udp,smtp,SF,1860,7530,0,0,0,0,0,1,0,0,0,0,0,0,0,0,0,0,14,6,0.03,0.03,0,0,0.92,0.08,0,120,127,0.92,0.08,0,0,0,0,0,0,normal,21
1,udp,http,SF,1313,11851,0,0,0,0,0,1,0,0,0,0,0,0,0,0,0,0,13,11,0.02,0.02,0,0,0.97,0.03,0,133,50,0.95,0.05,0,0,0,0,0,0,normal,21
0,icmp,ecr_i,SF,1032,0,0,0,0,0,0,0,0,0,0,0,0,0,0,0,0,0,477,348,0.0,0.0,0,0,1.0,0.1,0,255,255,1.0,0,0,0,0.0,0,0,0,smurf,15
0,icmp,ecr_i,SF,1032,0,0,0,0,0,0,0,0,0,0,0,0,0,0,0,0,0,432,502,0.0,0.0,0,0,1.0,0.03,0,255,255,1.0,0,0,0,0.0,0,0,0,smurf,17
10,tcp,http,SF,1287,13966,0,0,0,0,0,1,0,0,0,0,0,0,0,0,0,0,8,12,0.01,0.01,0,0,0.95,0.05,0,25,186,0.97,0.03,0,0,0,0,0,0,normal,21
3,icmp,private,REJ,59,25,0,0,0,0,0,0,0,0,0,0,0,0,0,0,0,0,10,1,0,0,0,0,0.09,0.61,0,163,10,0,0.58,0.85,0,0,0,0,0,portsweep,17
3,tcp,smtp,SF,2363,5881,0,0,0,0,0,1,0,0,0,0,0,0,0,0,0,0,2,11,0.01,0.01,0,0,0.91,0.09,0,254,116,0.85,0.15,0,0,0,0,0,0,normal,21
7,tcp,ftp_data,SF,1251,812,0,0,0,0,0,1,0,0,0,0,0,0,0,0,0,0,7,12,0.04,0.04,0,0,0.96,0.04,0,193,187,0.87,0.13,0,0,0,0,0,0,normal,21
2,icmp,private,RSTO,66,13,0,0,0,0,0,0,0,0,0,0,0,0,0,0,0,0,5,1,0,0,0,0,0.16,0.76,0,221,7,0,0.56,0.89,0,0,0,0,0,nmap,17
0,icmp,ecr_i,SF,1032,0,0,0,0,0,0,0,0,0,0,0,0,0,0,0,0,0,492,209,0.0,0.0,0,0,0.92,0.03,0,255,255,1.0,0,0,0,0.0,0,0,0,smurf,18
0,tcp,http,S0,11,0,0,0,0,0,0,0,0,0,0,0,0,0,0,0,0,0,458,465,0.98,0.98,0,0,0.92,0.02,0,255,47,0.2,0,0,0,0.98,0,0,0,back,15
2,tcp,domain_u,SF,1777,8424,0,0,0,0,0,0,0,0,0,0,0,0,0,0,0,0,3,12,0.03,0.03,0,0,0.96,0.04,0,118,147,0.91,0.09,0,0,0,0,0,0,normal,21
1,tcp,domain_u,SF,684,5700,0,0,0,0,0,0,0,0,0,0,0,0,0,0,0,0,15,5,0.02,0.02,0,0,0.98,0.02,0,157,60,0.99,0.01,0,0,0,0,0,0,normal,21
0,icmp,ecr_i,SF,1032,0,0,0,0,0,0,0,0,0,0,0,0,0,0,0,0,0,299,184,0.0,0.0,0,0,0.96,0.07,0,255,255,1.0,0,0,0,0.0,0,0,0,smurf,19
10,tcp,http,SF,649,5245,0,0,0,0,0,1,0,0,0,0,0,0,0,0,0,0,6,2,0.05,0.05,0,0,0.92,0.08,0,179,203,0.9,0.1,0,0,0,0,0,0,normal,21
9,udp,smtp,SF,2037,8014,0,0,0,0,0,1,0,0,0,0,0,0,0,0,0,0,15,2,0.0,0.0,0,0,0.94,0.06,0,173,54,0.92,0.08,0,0,0,0,0,0,normal,21
117,tcp,telnet,SF,3457,7677,0,0,0,0,0,1,0,1,1,1,3,0,0,0,0,0,1,1,0,0,0,0,0,0,0,17,12,0,0,0,0,0,0,0,0,rootkit,10
0,icmp,ecr_i,SF,1032,0,0,0,0,0,0,0,0,0,0,0,0,0,0,0,0,0,406,433,0.0,0.0,0,0,0.92,0.09,0,255,255,1.0,0,0,0,0.0,0,0,0,smurf,18
1,tcp,eco_i,SH,20,0,0,0,0,0,0,0,0,0,0,0,0,0,0,0,0,0,17,1,0,0,0,0,0.15,0.87,0,171,4,0,0.95,0.85,0,0,0,0,0,satan,18
8,udp,ftp_data,SF,2242,10304,0,0,0,0,0,1,0,0,0,0,0,0,0,0,0,0,5,6,0.03,0.03,0,0,0.91,0.09,0,59,176,0.99,0.01,0,0,0,0,0,0,normal,21
0,tcp,http,REJ,10,0,0,0,0,0,0,0,0,0,0,0,0,0,0,0,0,0,255,472,0.89,0.89,0,0,0.97,0.07,0,255,33,0.19,0,0,0,0.89,0,0,0,teardrop,15
0,tcp,http,REJ,4,0,0,0,0,0,0,0,0,0,0,0,0,0,0,0,0,0,234,484,0.96,0.96,0,0,0.96,0.1,0,255,12,0.05,0,0,0,0.96,0,0,0,neptune,19
3,icmp,other,SF,10,41,0,0,0,0,0,0,0,0,0,0,0,0,0,0,0,0,8,1,0,0,0,0,0.17,0.69,0,157,6,0,0.82,0.6,0,0,0,0,0,ipsweep,18
0,icmp,ecr_i,SF,1032,0,0,0,0,0,0,0,0,0,0,0,0,0,0,0,0,0,227,180,0.0,0.0,0,0,0.98,0.03,0,255,255,1.0,0,0,0,0.0,0,0,0,smurf,16
0,tcp,private,REJ,13,0,0,0,0,0,0,0,0,0,0,0,0,0,0,0,0,0,280,147,1.0,1.0,0,0,0.98,0.04,0,255,37,0.05,0,0,0,1.0,0,0,0,back,20
0,udp,domain_u,SF,2210,9678,0,0,0,0,0,0,0,0,0,0,0,0,0,0,0,0,4,2,0.04,0.04,0,0,1.0,0.0,0,206,236,0.99,0.01,0,0,0,0,0,0,normal,21
39,tcp,ftp,SF,380,1926,0,0,0,2,0,1,0,0,0,0,0,0,0,0,0,0,1,1,0,0,0,0,0,0,0,20,23,0,0,0,0,0,0,0,0,ftp_write,10
0,tcp,ftp_data,SF,1557,13607,0,0,0,0,0,1,0,0,0,0,0,0,0,0,0,0,12,1,0.03,0.03,0,0,0.99,0.01,0,137,158,0.86,0.14,0,0,0,0,0,0,normal,21
3,udp,http,SF,2138,8059,0,0,0,0,0,1,0,0,0,0,0,0,0,0,0,0,10,10,0.0,0.0,0,0,0.93,0.07,0,17,126,0.97,0.03,0,0,0,0,0,0,normal,21
5,udp,ftp_data,SF,789,9842,0,0,0,0,0,1,0,0,0,0,0,0,0,0,0,0,2,11,0.02,0.02,0,0,0.92,0.08,0,36,20,0.88,0.12,0,0,0,0,0,0,normal,21
0,tcp,http,S0,22,0,0,0,0,0,0,0,0,0,0,0,0,0,0,0,0,0,212,204,0.93,0.93,0,0,0.99,0.03,0,255,25,0.07,0,0,0,0.93,0,0,0,neptune,19
2,icmp,private,SH,3,28,0,0,0,0,0,0,0,0,0,0,0,0,0,0,0,0,15,1,0,0,0,0,0.15,0.97,0,157,2,0,0.61,0.83,0,0,0,0,0,portsweep,14
0,tcp,http,REJ,7,0,0,0,0,0,0,0,0,0,0,0,0,0,0,0,0,0,394,427,0.96,0.96,0,0,0.98,0.09,0,255,18,0.11,0,0,0,0.96,0,0,0,back,17
5,tcp,smtp,SF,2458,1946,0,0,0,0,0,1,0,0,0,0,0,0,0,0,0,0,5,12,0.01,0.01,0,0,0.97,0.03,0,240,161,0.87,0.13,0,0,0,0,0,0,normal,21
0,tcp,private,S0,10,0,0,0,0,0,0,0,0,0,0,0,0,0,0,0,0,0,418,249,0.93,0.93,0,0,1.0,0.06,0,255,31,0.14,0,0,0,0.93,0,0,0,teardrop,19
0,tcp,http,REJ,9,0,0,0,0,0,0,0,0,0,0,0,0,0,0,0,0,0,181,382,0.89,0.89,0,0,0.91,0.09,0,255,2,0.06,0,0,0,0.89,0,0,0,teardrop,19
7,tcp,http,SF,1217,9624,0,0,0,0,0,1,0,0,0,0,0,0,0,0,0,0,15,12,0.01,0.01,0,0,0.97,0.03,0,87,110,0.9,0.1,0,0,0,0,0,0,normal,21
2,udp,ftp_data,SF,2277,4680,0,0,0,0,0,1,0,0,0,0,0,0,0,0,0,0,6,12,0.04,0.04,0,0,0.91,0.09,0,118,109,0.98,0.02,0,0,0,0,0,0,normal,21
0,tcp,http,REJ,36,0,0,0,0,0,0,0,0,0,0,0,0,0,0,0,0,0,189,497,0.88,0.88,0,0,0.95,0.08,0,255,14,0.11,0,0,0,0.88,0,0,0,back,16
7,udp,http,SF,2364,11428,0,0,0,0,0,1,0,0,0,0,0,0,0,0,0,0,5,1,0.02,0.02,0,0,0.96,0.04,0,209,206,0.92,0.08,0,0,0,0,0,0,normal,21
5,tcp,ftp,SF,418,2415,0,0,0,2,0,1,0,0,0,0,0,0,0,0,0,0,1,1,0,0,0,0,0,0,0,12,17,0,0,0,0,0,0,0,0,ftp_write,13
1,tcp,other,SF,32,3,0,0,0,0,0,0,0,0,0,0,0,0,0,0,0,0,18,1,0,0,0,0,0.11,0.68,0,241,8,0,0.67,0.74,0,0,0,0,0,nmap,15
2,udp,domain_u,SF,539,12182,0,0,0,0,0,0,0,0,0,0,0,0,0,0,0,0,1,1,0.02,0.02,0,0,0.98,0.02,0,75,98,0.96,0.04,0,0,0,0,0,0,normal,21
1,tcp,ftp_data,SF,1122,2245,0,0,0,0,0,1,0,0,0,0,0,0,0,0,0,0,1,8,0.04,0.04,0,0,0.95,0.05,0,176,20,0.99,0.01,0,0,0,0,0,0,normal,21
11,tcp,ftp,SF,480,379,0,0,0,4,0,1,0,0,0,0,0,0,0,0,0,1,1,1,0,0,0,0,0,0,0,13,19,0,0,0,0,0,0,0,0,warezclient,12
0,tcp,private,REJ,45,0,0,0,0,0,0,0,0,0,0,0,0,0,0,0,0,0,392,497,0.95,0.95,0,0,0.99,0.07,0,255,13,0.07,0,0,0,0.95,0,0,0,back,17
2,tcp,private,RSTO,87,45,0,0,0,0,0,0,0,0,0,0,0,0,0,0,0,0,13,1,0,0,0,0,0.06,0.86,0,187,7,0,0.69,0.83,0,0,0,0,0,satan,17
7,tcp,domain_u,SF,1036,10827,0,0,0,0,0,0,0,0,0,0,0,0,0,0,0,0,1,3,0.04,0.04,0,0,0.99,0.01,0,190,84,0.86,0.14,0,0,0,0,0,0,normal,21
5,tcp,private,SH,96,8,0,0,0,0,0,0,0,0,0,0,0,0,0,0,0,0,4,1,0,0,0,0,0.12,0.65,0,192,3,0,0.54,0.97,0,0,0,0,0,satan,17
9,udp,smtp,SF,2190,5748,0,0,0,0,0,1,0,0,0,0,0,0,0,0,0,0,12,4,0.05,0.05,0,0,0.92,0.08,0,36,79,0.95,0.05,0,0,0,0,0,0,normal,21
10,tcp,http,SF,1699,694,0,0,0,0,0,1,0,0,0,0,0,0,0,0,0,0,1,9,0.01,0.01,0,0,0.99,0.01,0,30,54,1.0,0.0,0,0,0,0,0,0,normal,21
3,icmp,eco_i,RSTO,25,12,0,0,0,0,0,0,0,0,0,0,0,0,0,0,0,0,2,1,0,0,0,0,0.16,0.81,0,252,10,0,0.8,0.93,0,0,0,0,0,nmap,13
0,tcp,http,S0,4,0,0,0,0,0,0,0,0,0,0,0,0,0,0,0,0,0,184,100,0.91,0.91,0,0,0.93,0.01,0,255,45,0.05,0,0,0,0.91,0,0,0,teardrop,17
12,tcp,telnet,SF,4837,8989,0,0,0,0,0,1,0,1,1,5,2,0,0,0,0,0,1,1,0,0,0,0,0,0,0,3,9,0,0,0,0,0,0,0,0,loadmodule,11
7,tcp,domain_u,SF,359,5587,0,0,0,0,0,0,0,0,0,0,0,0,0,0,0,0,9,9,0.05,0.05,0,0,0.92,0.08,0,99,213,1.0,0.0,0,0,0,0,0,0,normal,21
4,udp,http,SF,554,571,0,0,0,0,0,1,0,0,0,0,0,0,0,0,0,0,1,12,0.0,0.0,0,0,0.97,0.03,0,70,49,0.97,0.03,0,0,0,0,0,0,normal,21
0,icmp,ecr_i,SF,1032,0,0,0,0,0,0,0,0,0,0,0,0,0,0,0,0,0,485,205,0.0,0.0,0,0,0.92,0.08,0,255,255,1.0,0,0,0,0.0,0,0,0,smurf,15
0,tcp,private,REJ,32,0,0,0,0,0,0,0,0,0,0,0,0,0,0,0,0,0,393,387,0.97,0.97,0,0,0.93,0.02,0,255,27,0.09,0,0,0,0.97,0,0,0,teardrop,19
4,tcp,domain_u,SF,2276,10633,0,0,0,0,0,0,0,0,0,0,0,0,0,0,0,0,15,2,0.01,0.01,0,0,0.99,0.01,0,96,89,0.9,0.1,0,0,0,0,0,0,normal,21
0,icmp,ecr_i,SF,1032,0,0,0,0,0,0,0,0,0,0,0,0,0,0,0,0,0,326,336,0.0,0.0,0,0,0.95,0.07,0,255,255,1.0,0,0,0,0.0,0,0,0,smurf,20
1,tcp,http,SF,2453,759,0,0,0,0,0,1,0,0,0,0,0,0,0,0,0,0,3,1,0.03,0.03,0,0,0.93,0.07,0,142,187,0.91,0.09,0,0,0,0,0,0,normal,21
0,icmp,ecr_i,SF,1032,0,0,0,0,0,0,0,0,0,0,0,0,0,0,0,0,0,503,153,0.0,0.0,0,0,0.93,0.08,0,255,255,1.0,0,0,0,0.0,0,0,0,smurf,19
4,tcp,http,SF,1141,288,0,0,0,0,0,1,0,0,0,0,0,0,0,0,0,0,7,11,0.01,0.01,0,0,0.93,0.07,0,177,80,0.9,0.1,0,0,0,0,0,0,normal,21
4,udp,domain_u,SF,374,3513,0,0,0,0,0,0,0,0,0,0,0,0,0,0,0,0,5,1,0.05,0.05,0,0,0.92,0.08,0,131,199,0.96,0.04,0,0,0,0,0,0,normal,21
0,tcp,private,REJ,16,0,0,0,0,0,0,0,0,0,0,0,0,0,0,0,0,0,296,475,0.91,0.91,0,0,0.95,0.03,0,255,2,0.08,0,0,0,0.91,0,0,0,back,17
7,tcp,ftp_data,SF,212,12234,0,0,0,0,0,1,0,0,0,0,0,0,0,0,0,0,11,6,0.02,0.02,0,0,0.99,0.01,0,121,49,0.96,0.04,0,0,0,0,0,0,normal,21
3,tcp,other,REJ,54,29,0,0,0,0,0,0,0,0,0,0,0,0,0,0,0,0,4,1,0,0,0,0,0.11,1.0,0,175,5,0,0.69,0.67,0,0,0,0,0,portsweep,16
4,tcp,private,REJ,40,5,0,0,0,0,0,0,0,0,0,0,0,0,0,0,0,0,11,1,0,0,0,0,0.19,0.81,0,202,5,0,0.72,0.92,0,0,0,0,0,ipsweep,13
2,icmp,private,SF,23,45,0,0,0,0,0,0,0,0,0,0,0,0,0,0,0,0,4,1,0,0,0,0,0.05,0.68,0,162,9,0,0.77,0.76,0,0,0,0,0,ipsweep,14
0,icmp,ecr_i,SF,1032,0,0,0,0,0,0,0,0,0,0,0,0,0,0,0,0,0,190,330,0.0,0.0,0,0,0.96,0.01,0,255,255,1.0,0,0,0,0.0,0,0,0,smurf,18
2,tcp,ftp_data,SF,1761,1635,0,0,0,0,0,1,0,0,0,0,0,0,0,0,0,0,8,5,0.02,0.02,0,0,0.91,0.09,0,39,150,0.97,0.03,0,0,0,0,0,0,normal,21
8,tcp,http,SF,628,364,0,0,0,0,0,1,0,0,0,0,0,0,0,0,0,0,4,5,0.01,0.01,0,0,0.92,0.08,0,32,215,0.89,0.11,0,0,0,0,0,0,normal,21
8,udp,domain_u,SF,1257,2295,0,0,0,0,0,0,0,0,0,0,0,0,0,0,0,0,9,7,0.04,0.04,0,0,0.98,0.02,0,109,108,0.93,0.07,0,0,0,0,0,0,normal,21
9,tcp,http,SF,957,11194,0,0,0,0,0,1,0,0,0,0,0,0,0,0,0,0,7,4,0.01,0.01,0,0,0.93,0.07,0,195,124,0.85,0.15,0,0,0,0,0,0,normal,21
0,tcp,private,S0,1,0,0,0,0,0,0,0,0,0,0,0,0,0,0,0,0,0,476,135,0.85,0.85,0,0,0.96,0.03,0,255,23,0.01,0,0,0,0.85,0,0,0,neptune,19
5,udp,ftp_data,SF,2251,14036,0,0,0,0,0,1,0,0,0,0,0,0,0,0,0,0,12,8,0.05,0.05,0,0,0.98,0.02,0,10,157,0.93,0.07,0,0,0,0,0,0,normal,21
10,udp,ftp_data,SF,1304,6015,0,0,0,0,0,1,0,0,0,0,0,0,0,0,0,0,5,12,0.04,0.04,0,0,0.92,0.08,0,141,224,0.95,0.05,0,0,0,0,0,0,normal,21
0,icmp,ecr_i,SF,1032,0,0,0,0,0,0,0,0,0,0,0,0,0,0,0,0,0,347,131,0.0,0.0,0,0,0.93,0.08,0,255,255,1.0,0,0,0,0.0,0,0,0,smurf,18
9,tcp,domain_u,SF,2087,2456,0,0,0,0,0,0,0,0,0,0,0,0,0,0,0,0,6,2,0.0,0.0,0,0,0.91,0.09,0,68,60,0.92,0.08,0,0,0,0,0,0,normal,21
0,icmp,ecr_i,SF,1032,0,0,0,0,0,0,0,0,0,0,0,0,0,0,0,0,0,502,295,0.0,0.0,0,0,0.91,0.04,0,255,255,1.0,0,0,0,0.0,0,0,0,smurf,17
49,tcp,ftp,SF,404,1320,0,0,0,2,0,1,0,0,0,0,0,0,0,0,0,0,1,1,0,0,0,0,0,0,0,22,28,0,0,0,0,0,0,0,0,ftp_write,12
0,tcp,private,S0,41,0,0,0,0,0,0,0,0,0,0,0,0,0,0,0,0,0,282,296,0.81,0.81,0,0,1.0,0.03,0,255,39,0.05,0,0,0,0.81,0,0,0,neptune,18
5,icmp,other,RSTO,16,6,0,0,0,0,0,0,0,0,0,0,0,0,0,0,0,0,1,1,0,0,0,0,0.12,0.91,0,161,5,0,0.82,0.64,0,0,0,0,0,ipsweep,15
8,tcp,http,SF,560,14504,0,0,0,0,0,1,0,0,0,0,0,0,0,0,0,0,14,2,0.01,0.01,0,0,0.93,0.07,0,79,246,0.91,0.09,0,0,0,0,0,0,normal,21
58,tcp,ftp,SF,628,2171,0,0,0,4,0,1,0,0,0,0,0,0,0,0,0,0,1,1,0,0,0,0,0,0,0,28,4,0,0,0,0,0,0,0,0,ftp_write,9
7,tcp,ftp_data,SF,2400,8699,0,0,0,0,0,1,0,0,0,0,0,0,0,0,0,0,14,7,0.04,0.04,0,0,1.0,0.0,0,137,227,0.98,0.02,0,0,0,0,0,0,normal,21
9,tcp,smtp,SF,527,10996,0,0,0,0,0,1,0,0,0,0,0,0,0,0,0,0,4,3,0.0,0.0,0,0,0.97,0.03,0,152,245,0.86,0.14,0,0,0,0,0,0,normal,21
9,tcp,domain_u,SF,2089,9414,0,0,0,0,0,0,0,0,0,0,0,0,0,0,0,0,9,10,0.05,0.05,0,0,0.93,0.07,0,221,41,0.89,0.11,0,0,0,0,0,0,normal,21
0,tcp,http,S0,27,0,0,0,0,0,0,0,0,0,0,0,0,0,0,0,0,0,440,316,1.0,1.0,0,0,0.92,0.07,0,255,8,0.05,0,0,0,1.0,0,0,0,teardrop,18
85,tcp,telnet,SF,3508,9843,0,0,0,0,0,1,0,1,1,4,3,0,0,0,0,0,1,1,0,0,0,0,0,0,0,6,11,0,0,0,0,0,0,0,0,rootkit,5
0,tcp,private,S0,28,0,0,0,0,0,0,0,0,0,0,0,0,0,0,0,0,0,331,296,0.81,0.81,0,0,0.91,0.06,0,255,6,0.12,0,0,0,0.81,0,0,0,back,17
5,tcp,ftp_data,SF,1811,11805,0,0,0,0,0,1,0,0,0,0,0,0,0,0,0,0,3,4,0.03,0.03,0,0,0.92,0.08,0,73,185,0.91,0.09,0,0,0,0,0,0,normal,21
1,tcp,domain_u,SF,1424,11553,0,0,0,0,0,0,0,0,0,0,0,0,0,0,0,0,13,3,0.01,0.01,0,0,0.94,0.06,0,75,250,0.89,0.11,0,0,0,0,0,0,normal,21
9,tcp,domain_u,SF,538,5193,0,0,0,0,0,0,0,0,0,0,0,0,0,0,0,0,1,7,0.04,0.04,0,0,0.97,0.03,0,163,207,0.91,0.09,0,0,0,0,0,0,normal,21
0,tcp,private,REJ,20,0,0,0,0,0,0,0,0,0,0,0,0,0,0,0,0,0,442,215,0.82,0.82,0,0,0.99,0.01,0,255,23,0.14,0,0,0,0.82,0,0,0,teardrop,16
7,tcp,http,SF,426,12909,0,0,0,0,0,1,0,0,0,0,0,0,0,0,0,0,3,1,0.0,0.0,0,0,0.99,0.01,0,79,172,1.0,0.0,0,0,0,0,0,0,normal,21
0,tcp,private,REJ,22,0,0,0,0,0,0,0,0,0,0,0,0,0,0,0,0,0,447,352,0.86,0.86,0,0,0.97,0.08,0,255,19,0.1,0,0,0,0.86,0,0,0,back,18
0,tcp,private,REJ,32,0,0,0,0,0,0,0,0,0,0,0,0,0,0,0,0,0,254,224,0.88,0.88,0,0,0.9,0.05,0,255,3,0.03,0,0,0,0.88,0,0,0,teardrop,16
1,tcp,domain_u,SF,1948,12346,0,0,0,0,0,0,0,0,0,0,0,0,0,0,0,0,15,2,0.03,0.03,0,0,0.96,0.04,0,177,200,0.87,0.13,0,0,0,0,0,0,normal,21
8,tcp,ftp_data,SF,745,324,0,0,0,0,0,1,0,0,0,0,0,0,0,0,0,0,8,4,0.03,0.03,0,0,0.97,0.03,0,236,224,0.91,0.09,0,0,0,0,0,0,normal,21
3,udp,domain_u,SF,169,3968,0,0,0,0,0,0,0,0,0,0,0,0,0,0,0,0,1,3,0.04,0.04,0,0,0.98,0.02,0,134,48,0.98,0.02,0,0,0,0,0,0,normal,21
0,icmp,ecr_i,SF,1032,0,0,0,0,0,0,0,0,0,0,0,0,0,0,0,0,0,195,455,0.0,0.0,0,0,0.94,0.03,0,255,255,1.0,0,0,0,0.0,0,0,0,smurf,17
0,icmp,ecr_i,SF,1032,0,0,0,0,0,0,0,0,0,0,0,0,0,0,0,0,0,371,445,0.0,0.0,0,0,0.97,0.06,0,255,255,1.0,0,0,0,0.0,0,0,0,smurf,17
0,icmp,ecr_i,SF,1032,0,0,0,0,0,0,0,0,0,0,0,0,0,0,0,0,0,132,236,0.0,0.0,0,0,0.9,0.04,0,255,255,1.0,0,0,0,0.0,0,0,0,smurf,20
6,tcp,http,SF,362,9514,0,0,0,0,0,1,0,0,0,0,0,0,0,0,0,0,10,3,0.01,0.01,0,0,0.97,0.03,0,34,187,0.97,0.03,0,0,0,0,0,0,normal,21
2,tcp,http,SF,983,10735,0,0,0,0,0,1,0,0,0,0,0,0,0,0,0,0,2,12,0.02,0.02,0,0,1.0,0.0,0,43,56,0.99,0.01,0,0,0,0,0,0,normal,21
0,icmp,ecr_i,SF,1032,0,0,0,0,0,0,0,0,0,0,0,0,0,0,0,0,0,440,250,0.0,0.0,0,0,0.95,0.09,0,255,255,1.0,0,0,0,0.0,0,0,0,smurf,19
4,tcp,eco_i,REJ,10,45,0,0,0,0,0,0,0,0,0,0,0,0,0,0,0,0,9,1,0,0,0,0,0.05,0.73,0,208,8,0,0.71,0.98,0,0,0,0,0,nmap,13
0,icmp,ecr_i,SF,1032,0,0,0,0,0,0,0,0,0,0,0,0,0,0,0,0,0,150,159,0.0,0.0,0,0,0.98,0.09,0,255,255,1.0,0,0,0,0.0,0,0,0,smurf,17
7,tcp,ftp_data,SF,798,10773,0,0,0,0,0,1,0,0,0,0,0,0,0,0,0,0,11,7,0.01,0.01,0,0,0.92,0.08,0,156,57,0.99,0.01,0,0,0,0,0,0,normal,21
10,tcp,smtp,SF,838,4464,0,0,0,0,0,1,0,0,0,0,0,0,0,0,0,0,12,1,0.05,0.05,0,0,0.96,0.04,0,57,152,0.94,0.06,0,0,0,0,0,0,normal,21
1,icmp,eco_i,REJ,57,32,0,0,0,0,0,0,0,0,0,0,0,0,0,0,0,0,3,1,0,0,0,0,0.13,0.95,0,234,7,0,0.78,0.93,0,0,0,0,0,nmap,13
2,tcp,ftp_data,SF,183,728,0,0,0,0,0,1,0,0,0,0,0,0,0,0,0,0,9,1,0.04,0.04,0,0,0.96,0.04,0,213,17,0.96,0.04,0,0,0,0,0,0,normal,21
0,tcp,private,REJ,49,16,0,0,0,0,0,0,0,0,0,0,0,0,0,0,0,0,14,1,0,0,0,0,0.14,0.72,0,211,2,0,0.64,0.97,0,0,0,0,0,nmap,18
0,tcp,http,REJ,27,0,0,0,0,0,0,0,0,0,0,0,0,0,0,0,0,0,399,462,0.92,0.92,0,0,0.99,0.02,0,255,38,0.14,0,0,0,0.92,0,0,0,neptune,20
0,tcp,http,REJ,0,0,0,0,0,0,0,0,0,0,0,0,0,0,0,0,0,0,466,351,0.81,0.81,0,0,0.93,0.08,0,255,37,0.1,0,0,0,0.81,0,0,0,back,16
2,tcp,domain_u,SF,2189,6942,0,0,0,0,0,0,0,0,0,0,0,0,0,0,0,0,9,8,0.04,0.04,0,0,0.92,0.08,0,253,195,0.9,0.1,0,0,0,0,0,0,normal,21
3,tcp,http,SF,1967,5344,0,0,0,0,0,1,0,0,0,0,0,0,0,0,0,0,6,10,0.04,0.04,0,0,0.91,0.09,0,112,216,0.97,0.03,0,0,0,0,0,0,normal,21
4,udp,ftp_data,SF,2176,5889,0,0,0,0,0,1,0,0,0,0,0,0,0,0,0,0,13,10,0.02,0.02,0,0,0.96,0.04,0,107,235,0.89,0.11,0,0,0,0,0,0,normal,21
33,tcp,ftp,SF,121,304,0,0,0,2,0,1,0,0,0,0,0,0,0,0,0,0,1,1,0,0,0,0,0,0,0,24,13,0,0,0,0,0,0,0,0,ftp_write,10
5,tcp,eco_i,REJ,52,42,0,0,0,0,0,0,0,0,0,0,0,0,0,0,0,0,6,1,0,0,0,0,0.09,0.89,0,231,5,0,0.51,0.93,0,0,0,0,0,nmap,16
48,tcp,ftp,SF,493,2833,0,0,0,3,0,1,0,0,0,0,0,0,0,0,0,0,1,1,0,0,0,0,0,0,0,23,16,0,0,0,0,0,0,0,0,ftp_write,10
56,tcp,ftp,SF,234,796,0,0,0,3,0,1,0,0,0,0,0,0,0,0,0,1,1,1,0,0,0,0,0,0,0,23,19,0,0,0,0,0,0,0,0,warezclient,13
3,tcp,other,RSTO,52,4,0,0,0,0,0,0,0,0,0,0,0,0,0,0,0,0,6,1,0,0,0,0,0.15,0.9,0,232,8,0,0.76,0.79,0,0,0,0,0,ipsweep,13
2,tcp,eco_i,REJ,82,9,0,0,0,0,0,0,0,0,0,0,0,0,0,0,0,0,2,1,0,0,0,0,0.1,0.84,0,176,5,0,0.54,0.96,0,0,0,0,0,portsweep,16
2,tcp,smtp,SF,1065,4900,0,0,0,0,0,1,0,0,0,0,0,0,0,0,0,0,14,2,0.02,0.02,0,0,0.98,0.02,0,171,147,0.92,0.08,0,0,0,0,0,0,normal,21
0,tcp,http,SF,2419,8063,0,0,0,0,0,1,0,0,0,0,0,0,0,0,0,0,1,4,0.02,0.02,0,0,0.93,0.07,0,29,162,1.0,0.0,0,0,0,0,0,0,normal,21
31,tcp,ftp,SF,539,399,0,0,0,4,0,1,0,0,0,0,0,0,0,0,0,0,1,1,0,0,0,0,0,0,0,1,20,0,0,0,0,0,0,0,0,ftp_write,11
2,icmp,eco_i,SF,59,37,0,0,0,0,0,0,0,0,0,0,0,0,0,0,0,0,19,1,0,0,0,0,0.17,0.79,0,215,8,0,0.62,0.66,0,0,0,0,0,portsweep,15
5,icmp,eco_i,RSTO,5,2,0,0,0,0,0,0,0,0,0,0,0,0,0,0,0,0,15,1,0,0,0,0,0.14,0.78,0,154,1,0,0.52,0.99,0,0,0,0,0,satan,16
4,tcp,domain_u,SF,2184,14928,0,0,0,0,0,0,0,0,0,0,0,0,0,0,0,0,8,8,0.03,0.03,0,0,0.9,0.1,0,65,133,0.93,0.07,0,0,0,0,0,0,normal,21
0,tcp,private,S0,11,0,0,0,0,0,0,0,0,0,0,0,0,0,0,0,0,0,319,147,0.97,0.97,0,0,0.95,0.02,0,255,3,0.04,0,0,0,0.97,0,0,0,neptune,19
5,tcp,http,SF,1754,11607,0,0,0,0,0,1,0,0,0,0,0,0,0,0,0,0,6,4,0.02,0.02,0,0,0.98,0.02,0,226,229,0.86,0.14,0,0,0,0,0,0,normal,21
4,tcp,ftp_data,SF,859,5501,0,0,0,0,0,1,0,0,0,0,0,0,0,0,0,0,8,11,0.03,0.03,0,0,0.94,0.06,0,200,205,0.92,0.08,0,0,0,0,0,0,normal,21
0,tcp,private,REJ,34,0,0,0,0,0,0,0,0,0,0,0,0,0,0,0,0,0,374,305,0.96,0.96,0,0,0.94,0.08,0,255,24,0.06,0,0,0,0.96,0,0,0,neptune,18
1,icmp,private,SF,38,35,0,0,0,0,0,0,0,0,0,0,0,0,0,0,0,0,6,1,0,0,0,0,0.09,0.72,0,223,9,0,0.67,0.89,0,0,0,0,0,nmap,13
2,tcp,http,SF,746,1510,0,0,0,0,0,1,0,0,0,0,0,0,0,0,0,0,15,1,0.02,0.02,0,0,1.0,0.0,0,188,71,0.93,0.07,0,0,0,0,0,0,normal,21
0,tcp,http,SF,2316,9671,0,0,0,0,0,1,0,0,0,0,0,0,0,0,0,0,2,9,0.02,0.02,0,0,0.9,0.1,0,147,174,0.93,0.07,0,0,0,0,0,0,normal,21
8,tcp,smtp,SF,2028,10364,0,0,0,0,0,1,0,0,0,0,0,0,0,0,0,0,12,12,0.02,0.02,0,0,0.91,0.09,0,219,93,0.96,0.04,0,0,0,0,0,0,normal,21
0,tcp,eco_i,SF,99,9,0,0,0,0,0,0,0,0,0,0,0,0,0,0,0,0,17,1,0,0,0,0,0.17,0.68,0,223,1,0,0.6,0.68,0,0,0,0,0,portsweep,18
0,tcp,private,S0,19,0,0,0,0,0,0,0,0,0,0,0,0,0,0,0,0,0,156,123,0.96,0.96,0,0,0.99,0.01,0,255,29,0.08,0,0,0,0.96,0,0,0,neptune,15
1,tcp,other,RSTO,70,9,0,0,0,0,0,0,0,0,0,0,0,0,0,0,0,0,12,1,0,0,0,0,0.09,0.68,0,165,10,0,0.93,0.94,0,0,0,0,0,portsweep,18
0,icmp,ecr_i,SF,1032,0,0,0,0,0,0,0,0,0,0,0,0,0,0,0,0,0,115,280,0.0,0.0,0,0,0.93,0.01,0,255,255,1.0,0,0,0,0.0,0,0,0,smurf,15
0,icmp,ecr_i,SF,1032,0,0,0,0,0,0,0,0,0,0,0,0,0,0,0,0,0,150,243,0.0,0.0,0,0,0.94,0.09,0,255,255,1.0,0,0,0,0.0,0,0,0,smurf,18
4,icmp,eco_i,RSTO,18,9,0,0,0,0,0,0,0,0,0,0,0,0,0,0,0,0,7,1,0,0,0,0,0.11,0.96,0,207,6,0,0.72,0.76,0,0,0,0,0,nmap,18
4,tcp,domain_u,SF,2035,10040,0,0,0,0,0,0,0,0,0,0,0,0,0,0,0,0,1,4,0.01,0.01,0,0,0.98,0.02,0,94,238,0.99,0.01,0,0,0,0,0,0,normal,21
0,tcp,smtp,SF,1417,5451,0,0,0,0,0,1,0,0,0,0,0,0,0,0,0,0,1,1,0.05,0.05,0,0,0.93,0.07,0,179,54,0.86,0.14,0,0,0,0,0,0,normal,21
1,tcp,http,SF,931,10643,0,0,0,0,0,1,0,0,0,0,0,0,0,0,0,0,2,10,0.01,0.01,0,0,0.97,0.03,0,134,58,0.98,0.02,0,0,0,0,0,0,normal,21
2,tcp,http,SF,235,10130,0,0,0,0,0,1,0,0,0,0,0,0,0,0,0,0,5,1,0.04,0.04,0,0,0.94,0.06,0,225,131,0.96,0.04,0,0,0,0,0,0,normal,21
1,tcp,http,SF,2073,9045,0,0,0,0,0,1,0,0,0,0,0,0,0,0,0,0,3,7,0.02,0.02,0,0,0.95,0.05,0,137,56,0.92,0.08,0,0,0,0,0,0,normal,21
0,tcp,private,S0,41,0,0,0,0,0,0,0,0,0,0,0,0,0,0,0,0,0,458,203,0.96,0.96,0,0,0.96,0.02,0,255,13,0.04,0,0,0,0.96,0,0,0,neptune,18
25,tcp,telnet,SF,3352,6956,0,0,0,0,0,1,0,1,1,1,1,0,0,0,0,0,1,1,0,0,0,0,0,0,0,3,1,0,0,0,0,0,0,0,0,loadmodule,9
0,tcp,http,S0,30,0,0,0,0,0,0,0,0,0,0,0,0,0,0,0,0,0,499,333,0.81,0.81,0,0,0.95,0.06,0,255,4,0.09,0,0,0,0.81,0,0,0,teardrop,17
2,udp,http,SF,1287,1024,0,0,0,0,0,1,0,0,0,0,0,0,0,0,0,0,14,7,0.04,0.04,0,0,0.99,0.01,0,167,178,0.9,0.1,0,0,0,0,0,0,normal,21
4,udp,http,SF,1898,6480,0,0,0,0,0,1,0,0,0,0,0,0,0,0,0,0,15,6,0.0,0.0,0,0,0.93,0.07,0,65,107,0.98,0.02,0,0,0,0,0,0,normal,21
8,tcp,http,SF,2213,9628,0,0,0,0,0,1,0,0,0,0,0,0,0,0,0,0,1,10,0.04,0.04,0,0,0.97,0.03,0,60,30,0.99,0.01,0,0,0,0,0,0,normal,21
0,tcp,private,REJ,17,0,0,0,0,0,0,0,0,0,0,0,0,0,0,0,0,0,319,487,0.92,0.92,0,0,0.99,0.01,0,255,10,0.16,0,0,0,0.92,0,0,0,teardrop,17
9,tcp,http,SF,310,6693,0,0,0,0,0,1,0,0,0,0,0,0,0,0,0,0,7,12,0.02,0.02,0,0,0.98,0.02,0,225,227,0.86,0.14,0,0,0,0,0,0,normal,21
1,tcp,http,SF,1398,993,0,0,0,0,0,1,0,0,0,0,0,0,0,0,0,0,11,3,0.03,0.03,0,0,0.97,0.03,0,241,50,1.0,0.0,0,0,0,0,0,0,normal,21
7,udp,domain_u,SF,2091,631,0,0,0,0,0,0,0,0,0,0,0,0,0,0,0,0,8,5,0.02,0.02,0,0,0.92,0.08,0,145,103,0.9,0.1,0,0,0,0,0,0,normal,21
0,tcp,http,S0,30,0,0,0,0,0,0,0,0,0,0,0,0,0,0,0,0,0,115,350,0.9,0.9,0,0,0.96,0.0,0,255,42,0.17,0,0,0,0.9,0,0,0,teardrop,20
10,udp,smtp,SF,838,1735,0,0,0,0,0,1,0,0,0,0,0,0,0,0,0,0,1,8,0.04,0.04,0,0,0.94,0.06,0,216,253,0.97,0.03,0,0,0,0,0,0,normal,21
0,tcp,http,REJ,28,0,0,0,0,0,0,0,0,0,0,0,0,0,0,0,0,0,430,469,0.99,0.99,0,0,0.93,0.07,0,255,7,0.04,0,0,0,0.99,0,0,0,neptune,19
0,tcp,http,S0,39,0,0,0,0,0,0,0,0,0,0,0,0,0,0,0,0,0,306,101,0.99,0.99,0,0,0.96,0.03,0,255,29,0.06,0,0,0,0.99,0,0,0,back,19
4,icmp,private,REJ,78,19,0,0,0,0,0,0,0,0,0,0,0,0,0,0,0,0,14,1,0,0,0,0,0.1,0.85,0,184,10,0,0.9,0.74,0,0,0,0,0,portsweep,17
0,tcp,private,REJ,47,0,0,0,0,0,0,0,0,0,0,0,0,0,0,0,0,0,164,469,0.85,0.85,0,0,1.0,0.0,0,255,20,0.15,0,0,0,0.85,0,0,0,teardrop,16
7,tcp,ftp_data,SF,829,2972,0,0,0,0,0,1,0,0,0,0,0,0,0,0,0,0,15,7,0.02,0.02,0,0,0.98,0.02,0,227,58,0.97,0.03,0,0,0,0,0,0,normal,21
4,tcp,private,REJ,46,38,0,0,0,0,0,0,0,0,0,0,0,0,0,0,0,0,12,1,0,0,0,0,0.07,0.76,0,166,10,0,0.76,0.94,0,0,0,0,0,ipsweep,16
2,tcp,http,SF,1047,12787,0,0,0,0,0,1,0,0,0,0,0,0,0,0,0,0,10,8,0.04,0.04,0,0,0.93,0.07,0,169,60,0.92,0.08,0,0,0,0,0,0,normal,21
0,icmp,ecr_i,SF,1032,0,0,0,0,0,0,0,0,0,0,0,0,0,0,0,0,0,511,147,0.0,0.0,0,0,0.92,0.02,0,255,255,1.0,0,0,0,0.0,0,0,0,smurf,20
0,icmp,ecr_i,SF,1032,0,0,0,0,0,0,0,0,0,0,0,0,0,0,0,0,0,152,479,0.0,0.0,0,0,0.94,0.02,0,255,255,1.0,0,0,0,0.0,0,0,0,smurf,18
0,tcp,http,S0,5,0,0,0,0,0,0,0,0,0,0,0,0,0,0,0,0,0,233,402,0.81,0.81,0,0,0.91,0.08,0,255,50,0.16,0,0,0,0.81,0,0,0,back,20
8,tcp,ftp_data,SF,2090,4646,0,0,0,0,0,1,0,0,0,0,0,0,0,0,0,0,6,4,0.01,0.01,0,0,0.93,0.07,0,158,223,0.96,0.04,0,0,0,0,0,0,normal,21
1,tcp,http,SF,272,5483,0,0,0,0,0,1,0,0,0,0,0,0,0,0,0,0,11,1,0.01,0.01,0,0,0.91,0.09,0,250,134,0.93,0.07,0,0,0,0,0,0,normal,21
8,tcp,smtp,SF,284,2379,0,0,0,0,0,1,0,0,0,0,0,0,0,0,0,0,7,3,0.02,0.02,0,0,0.92,0.08,0,77,210,0.93,0.07,0,0,0,0,0,0,normal,21
8,tcp,http,SF,402,8527,0,0,0,0,0,1,0,0,0,0,0,0,0,0,0,0,14,7,0.04,0.04,0,0,0.92,0.08,0,165,146,0.99,0.01,0,0,0,0,0,0,normal,21
5,udp,ftp_data,SF,348,12741,0,0,0,0,0,1,0,0,0,0,0,0,0,0,0,0,2,10,0.05,0.05,0,0,0.95,0.05,0,109,177,0.98,0.02,0,0,0,0,0,0,normal,21
0,tcp,smtp,SF,1676,8060,0,0,0,0,0,1,0,0,0,0,0,0,0,0,0,0,9,4,0.02,0.02,0,0,0.99,0.01,0,166,102,0.87,0.13,0,0,0,0,0,0,normal,21
0,tcp,http,REJ,28,0,0,0,0,0,0,0,0,0,0,0,0,0,0,0,0,0,209,162,0.94,0.94,0,0,0.92,0.07,0,255,8,0.11,0,0,0,0.94,0,0,0,back,18
0,tcp,http,S0,11,0,0,0,0,0,0,0,0,0,0,0,0,0,0,0,0,0,183,301,0.94,0.94,0,0,0.99,0.09,0,255,44,0.14,0,0,0,0.94,0,0,0,neptune,16
3,icmp,private,RSTO,76,4,0,0,0,0,0,0,0,0,0,0,0,0,0,0,0,0,13,1,0,0,0,0,0.19,1.0,0,168,8,0,0.78,0.81,0,0,0,0,0,portsweep,17
9,udp,http,SF,893,12249,0,0,0,0,0,1,0,0,0,0,0,0,0,0,0,0,4,10,0.01,0.01,0,0,0.96,0.04,0,115,207,0.92,0.08,0,0,0,0,0,0,normal,21
0,tcp,http,S0,36,0,0,0,0,0,0,0,0,0,0,0,0,0,0,0,0,0,331,329,0.88,0.88,0,0,0.95,0.05,0,255,6,0.08,0,0,0,0.88,0,0,0,teardrop,18
10,tcp,smtp,SF,487,1328,0,0,0,0,0,1,0,0,0,0,0,0,0,0,0,0,6,7,0.01,0.01,0,0,0.99,0.01,0,238,26,0.91,0.09,0,0,0,0,0,0,normal,21
2,tcp,smtp,SF,1685,10272,0,0,0,0,0,1,0,0,0,0,0,0,0,0,0,0,9,8,0.01,0.01,0,0,0.98,0.02,0,228,166,0.97,0.03,0,0,0,0,0,0,normal,21
10,udp,http,SF,671,11741,0,0,0,0,0,1,0,0,0,0,0,0,0,0,0,0,3,4,0.02,0.02,0,0,0.91,0.09,0,148,95,0.87,0.13,0,0,0,0,0,0,normal,21
0,tcp,http,S0,25,0,0,0,0,0,0,0,0,0,0,0,0,0,0,0,0,0,454,438,0.85,0.85,0,0,0.98,0.06,0,255,40,0.08,0,0,0,0.85,0,0,0,back,20
4,tcp,eco_i,REJ,19,47,0,0,0,0,0,0,0,0,0,0,0,0,0,0,0,0,2,1,0,0,0,0,0.13,0.84,0,154,9,0,0.55,0.88,0,0,0,0,0,satan,18
8,tcp,http,SF,1900,8585,0,0,0,0,0,1,0,0,0,0,0,0,0,0,0,0,6,11,0.04,0.04,0,0,0.97,0.03,0,56,201,0.89,0.11,0,0,0,0,0,0,normal,21
0,icmp,ecr_i,SF,1032,0,0,0,0,0,0,0,0,0,0,0,0,0,0,0,0,0,425,106,0.0,0.0,0,0,0.94,0.09,0,255,255,1.0,0,0,0,0.0,0,0,0,smurf,16
0,icmp,ecr_i,SF,1032,0,0,0,0,0,0,0,0,0,0,0,0,0,0,0,0,0,164,471,0.0,0.0,0,0,0.95,0.01,0,255,255,1.0,0,0,0,0.0,0,0,0,smurf,16
1,tcp,smtp,SF,1071,8166,0,0,0,0,0,1,0,0,0,0,0,0,0,0,0,0,14,10,0.02,0.02,0,0,0.93,0.07,0,101,208,0.94,0.06,0,0,0,0,0,0,normal,21
92,tcp,telnet,SF,3237,6558,0,0,0,0,0,1,0,1,1,3,2,0,0,0,0,0,1,1,0,0,0,0,0,0,0,13,5,0,0,0,0,0,0,0,0,loadmodule,5
1,tcp,domain_u,SF,2301,6196,0,0,0,0,0,0,0,0,0,0,0,0,0,0,0,0,13,6,0.03,0.03,0,0,0.91,0.09,0,34,73,1.0,0.0,0,0,0,0,0,0,normal,21
58,tcp,ftp,SF,477,515,0,0,0,4,0,1,0,0,0,0,0,0,0,0,0,0,1,1,0,0,0,0,0,0,0,23,19,0,0,0,0,0,0,0,0,ftp_write,8
8,udp,ftp_data,SF,515,9762,0,0,0,0,0,1,0,0,0,0,0,0,0,0,0,0,12,3,0.03,0.03,0,0,0.99,0.01,0,253,235,0.97,0.03,0,0,0,0,0,0,normal,21
0,tcp,http,S0,6,0,0,0,0,0,0,0,0,0,0,0,0,0,0,0,0,0,458,289,0.98,0.98,0,0,0.99,0.02,0,255,9,0.12,0,0,0,0.98,0,0,0,teardrop,16
2,tcp,domain_u,SF,681,7406,0,0,0,0,0,0,0,0,0,0,0,0,0,0,0,0,3,10,0.03,0.03,0,0,0.99,0.01,0,242,23,0.91,0.09,0,0,0,0,0,0,normal,21
0,tcp,http,S0,0,0,0,0,0,0,0,0,0,0,0,0,0,0,0,0,0,0,509,433,0.86,0.86,0,0,0.96,0.06,0,255,2,0.2,0,0,0,0.86,0,0,0,neptune,15
0,icmp,ecr_i,SF,1032,0,0,0,0,0,0,0,0,0,0,0,0,0,0,0,0,0,265,368,0.0,0.0,0,0,0.97,0.05,0,255,255,1.0,0,0,0,0.0,0,0,0,smurf,16
2,tcp,domain_u,SF,1665,2484,0,0,0,0,0,0,0,0,0,0,0,0,0,0,0,0,13,11,0.01,0.01,0,0,0.91,0.09,0,236,183,0.86,0.14,0,0,0,0,0,0,normal,21
5,tcp,domain_u,SF,868,3946,0,0,0,0,0,0,0,0,0,0,0,0,0,0,0,0,10,10,0.03,0.03,0,0,0.95,0.05,0,218,101,0.98,0.02,0,0,0,0,0,0,normal,21
6,tcp,domain_u,SF,1089,12104,0,0,0,0,0,0,0,0,0,0,0,0,0,0,0,0,2,8,0.04,0.04,0,0,0.99,0.01,0,114,161,0.92,0.08,0,0,0,0,0,0,normal,21
5,tcp,http,SF,478,1900,0,0,0,0,0,1,0,0,0,0,0,0,0,0,0,0,9,8,0.02,0.02,0,0,1.0,0.0,0,251,90,0.88,0.12,0,0,0,0,0,0,normal,21
0,tcp,private,REJ,45,0,0,0,0,0,0,0,0,0,0,0,0,0,0,0,0,0,331,324,0.8,0.8,0,0,0.99,0.01,0,255,1,0.1,0,0,0,0.8,0,0,0,back,19
10,udp,smtp,SF,1989,10398,0,0,0,0,0,1,0,0,0,0,0,0,0,0,0,0,15,10,0.01,0.01,0,0,0.92,0.08,0,156,200,0.87,0.13,0,0,0,0,0,0,normal,21
5,udp,smtp,SF,994,8399,0,0,0,0,0,1,0,0,0,0,0,0,0,0,0,0,10,2,0.02,0.02,0,0,0.98,0.02,0,12,102,0.94,0.06,0,0,0,0,0,0,normal,21
9,udp,http,SF,290,1590,0,0,0,0,0,1,0,0,0,0,0,0,0,0,0,0,14,4,0.04,0.04,0,0,0.95,0.05,0,48,187,0.88,0.12,0,0,0,0,0,0,normal,21
7,udp,http,SF,2335,13928,0,0,0,0,0,1,0,0,0,0,0,0,0,0,0,0,5,12,0.03,0.03,0,0,0.95,0.05,0,244,102,0.94,0.06,0,0,0,0,0,0,normal,21
0,tcp,domain_u,SF,324,13951,0,0,0,0,0,0,0,0,0,0,0,0,0,0,0,0,15,9,0.04,0.04,0,0,0.93,0.07,0,204,241,0.88,0.12,0,0,0,0,0,0,normal,21
0,icmp,ecr_i,SF,1032,0,0,0,0,0,0,0,0,0,0,0,0,0,0,0,0,0,430,506,0.0,0.0,0,0,0.96,0.0,0,255,255,1.0,0,0,0,0.0,0,0,0,smurf,19
4,tcp,domain_u,SF,1220,1372,0,0,0,0,0,0,0,0,0,0,0,0,0,0,0,0,5,10,0.01,0.01,0,0,1.0,0.0,0,155,68,0.98,0.02,0,0,0,0,0,0,normal,21
7,udp,http,SF,2339,10192,0,0,0,0,0,1,0,0,0,0,0,0,0,0,0,0,13,1,0.04,0.04,0,0,0.99,0.01,0,180,33,0.96,0.04,0,0,0,0,0,0,normal,21
0,icmp,ecr_i,SF,1032,0,0,0,0,0,0,0,0,0,0,0,0,0,0,0,0,0,181,328,0.0,0.0,0,0,0.91,0.04,0,255,255,1.0,0,0,0,0.0,0,0,0,smurf,20
0,tcp,private,REJ,8,0,0,0,0,0,0,0,0,0,0,0,0,0,0,0,0,0,376,467,0.82,0.82,0,0,0.97,0.08,0,255,2,0.18,0,0,0,0.82,0,0,0,back,15
2,tcp,http,SF,2192,2284,0,0,0,0,0,1,0,0,0,0,0,0,0,0,0,0,6,5,0.03,0.03,0,0,0.96,0.04,0,96,210,0.97,0.03,0,0,0,0,0,0,normal,21
21,tcp,telnet,SF,229,850,0,0,0,1,5,0,0,0,0,0,0,0,0,0,0,0,1,1,0,0,0,0,0,0,0,17,10,0,0,0,0,0,0,0,0,guess_passwd,9
4,icmp,other,SH,48,23,0,0,0,0,0,0,0,0,0,0,0,0,0,0,0,0,18,1,0,0,0,0,0.19,0.99,0,157,9,0,0.69,0.61,0,0,0,0,0,nmap,14
1,tcp,domain_u,SF,667,3559,0,0,0,0,0,0,0,0,0,0,0,0,0,0,0,0,13,3,0.01,0.01,0,0,0.92,0.08,0,49,210,0.98,0.02,0,0,0,0,0,0,normal,21
3,tcp,other,SF,13,28,0,0,0,0,0,0,0,0,0,0,0,0,0,0,0,0,11,1,0,0,0,0,0.1,0.69,0,155,1,0,0.79,0.62,0,0,0,0,0,satan,12
0,tcp,http,REJ,2,0,0,0,0,0,0,0,0,0,0,0,0,0,0,0,0,0,446,145,0.85,0.85,0,0,0.95,0.01,0,255,35,0.12,0,0,0,0.85,0,0,0,back,17
0,tcp,private,REJ,9,0,0,0,0,0,0,0,0,0,0,0,0,0,0,0,0,0,266,187,0.89,0.89,0,0,0.97,0.02,0,255,34,0.16,0,0,0,0.89,0,0,0,neptune,19
0,icmp,ecr_i,SF,1032,0,0,0,0,0,0,0,0,0,0,0,0,0,0,0,0,0,410,253,0.0,0.0,0,0,0.9,0.03,0,255,255,1.0,0,0,0,0.0,0,0,0,smurf,19
9,udp,ftp_data,SF,2297,1788,0,0,0,0,0,1,0,0,0,0,0,0,0,0,0,0,2,9,0.03,0.03,0,0,0.97,0.03,0,231,130,0.92,0.08,0,0,0,0,0,0,normal,21
0,tcp,ftp_data,SF,1798,8205,0,0,0,0,0,1,0,0,0,0,0,0,0,0,0,0,5,6,0.02,0.02,0,0,0.91,0.09,0,98,106,0.94,0.06,0,0,0,0,0,0,normal,21
4,tcp,ftp_data,SF,1332,11597,0,0,0,0,0,1,0,0,0,0,0,0,0,0,0,0,12,12,0.01,0.01,0,0,0.93,0.07,0,168,40,0.9,0.1,0,0,0,0,0,0,normal,21
0,tcp,private,REJ,33,0,0,0,0,0,0,0,0,0,0,0,0,0,0,0,0,0,325,260,0.85,0.85,0,0,0.93,0.01,0,255,13,0.18,0,0,0,0.85,0,0,0,neptune,17
1,tcp,private,SH,68,46,0,0,0,0,0,0,0,0,0,0,0,0,0,0,0,0,1,1,0,0,0,0,0.07,0.7,0,242,3,0,0.62,0.66,0,0,0,0,0,satan,16
84,tcp,telnet,SF,5042,5542,0,0,0,0,0,1,0,1,1,1,3,0,0,0,0,0,1,1,0,0,0,0,0,0,0,3,4,0,0,0,0,0,0,0,0,rootkit,11
0,tcp,http,S0,32,0,0,0,0,0,0,0,0,0,0,0,0,0,0,0,0,0,197,168,1.0,1.0,0,0,0.93,0.02,0,255,39,0.11,0,0,0,1.0,0,0,0,neptune,15
0,tcp,http,S0,35,0,0,0,0,0,0,0,0,0,0,0,0,0,0,0,0,0,271,386,0.88,0.88,0,0,0.9,0.0,0,255,15,0.16,0,0,0,0.88,0,0,0,back,15
0,tcp,private,S0,27,0,0,0,0,0,0,0,0,0,0,0,0,0,0,0,0,0,265,206,0.87,0.87,0,0,1.0,0.05,0,255,9,0.03,0,0,0,0.87,0,0,0,teardrop,20
3,tcp,smtp,SF,641,3471,0,0,0,0,0,1,0,0,0,0,0,0,0,0,0,0,3,9,0.02,0.02,0,0,0.94,0.06,0,161,78,0.89,0.11,0,0,0,0,0,0,normal,21
10,tcp,domain_u,SF,1386,9856,0,0,0,0,0,0,0,0,0,0,0,0,0,0,0,0,2,7,0.04,0.04,0,0,0.99,0.01,0,164,84,0.85,0.15,0,0,0,0,0,0,normal,21
1,tcp,http,SF,1971,1884,0,0,0,0,0,1,0,0,0,0,0,0,0,0,0,0,3,3,0.02,0.02,0,0,0.94,0.06,0,34,169,0.98,0.02,0,0,0,0,0,0,normal,21
4,tcp,ftp_data,SF,1582,4175,0,0,0,0,0,1,0,0,0,0,0,0,0,0,0,0,10,12,0.02,0.02,0,0,0.96,0.04,0,221,99,0.86,0.14,0,0,0,0,0,0,normal,21
5,tcp,smtp,SF,180,14424,0,0,0,0,0,1,0,0,0,0,0,0,0,0,0,0,9,9,0.04,0.04,0,0,1.0,0.0,0,144,103,0.97,0.03,0,0,0,0,0,0,normal,21
0,icmp,ecr_i,SF,1032,0,0,0,0,0,0,0,0,0,0,0,0,0,0,0,0,0,130,476,0.0,0.0,0,0,0.9,0.09,0,255,255,1.0,0,0,0,0.0,0,0,0,smurf,17
0,tcp,private,REJ,49,0,0,0,0,0,0,0,0,0,0,0,0,0,0,0,0,0,244,252,0.81,0.81,0,0,0.93,0.0,0,255,33,0.18,0,0,0,0.81,0,0,0,back,16
1,udp,ftp_data,SF,417,9806,0,0,0,0,0,1,0,0,0,0,0,0,0,0,0,0,7,2,0.03,0.03,0,0,0.94,0.06,0,66,41,0.96,0.04,0,0,0,0,0,0,normal,21
4,tcp,http,SF,1950,4404,0,0,0,0,0,1,0,0,0,0,0,0,0,0,0,0,13,5,0.02,0.02,0,0,0.94,0.06,0,103,46,0.96,0.04,0,0,0,0,0,0,normal,21
0,tcp,http,SF,1137,6245,0,0,0,0,0,1,0,0,0,0,0,0,0,0,0,0,1,9,0.01,0.01,0,0,0.95,0.05,0,34,22,0.91,0.09,0,0,0,0,0,0,normal,21
0,icmp,ecr_i,SF,1032,0,0,0,0,0,0,0,0,0,0,0,0,0,0,0,0,0,414,230,0.0,0.0,0,0,0.96,0.09,0,255,255,1.0,0,0,0,0.0,0,0,0,smurf,20
0,tcp,http,REJ,11,0,0,0,0,0,0,0,0,0,0,0,0,0,0,0,0,0,278,295,1.0,1.0,0,0,0.9,0.01,0,255,30,0.11,0,0,0,1.0,0,0,0,neptune,15
0,icmp,ecr_i,SF,1032,0,0,0,0,0,0,0,0,0,0,0,0,0,0,0,0,0,353,169,0.0,0.0,0,0,0.98,0.09,0,255,255,1.0,0,0,0,0.0,0,0,0,smurf,19
0,tcp,private,S0,3,0,0,0,0,0,0,0,0,0,0,0,0,0,0,0,0,0,207,338,0.95,0.95,0,0,0.98,0.0,0,255,46,0.11,0,0,0,0.95,0,0,0,neptune,15
0,tcp,http,SF,210,14323,0,0,0,0,0,1,0,0,0,0,0,0,0,0,0,0,4,2,0.02,0.02,0,0,0.93,0.07,0,85,141,0.9,0.1,0,0,0,0,0,0,normal,21
1,tcp,http,SF,967,10870,0,0,0,0,0,1,0,0,0,0,0,0,0,0,0,0,4,7,0.01,0.01,0,0,0.92,0.08,0,91,55,0.99,0.01,0,0,0,0,0,0,normal,21
2,tcp,eco_i,SF,18,25,0,0,0,0,0,0,0,0,0,0,0,0,0,0,0,0,20,1,0,0,0,0,0.1,1.0,0,230,4,0,0.76,0.92,0,0,0,0,0,satan,12
3,udp,domain_u,SF,182,8293,0,0,0,0,0,0,0,0,0,0,0,0,0,0,0,0,5,3,0.01,0.01,0,0,0.99,0.01,0,121,104,1.0,0.0,0,0,0,0,0,0,normal,21
2,udp,ftp_data,SF,1999,8931,0,0,0,0,0,1,0,0,0,0,0,0,0,0,0,0,4,4,0.03,0.03,0,0,0.91,0.09,0,63,45,0.86,0.14,0,0,0,0,0,0,normal,21
0,tcp,http,S0,8,0,0,0,0,0,0,0,0,0,0,0,0,0,0,0,0,0,473,453,0.84,0.84,0,0,0.98,0.03,0,255,38,0.06,0,0,0,0.84,0,0,0,neptune,19
2,tcp,http,SF,2482,2841,0,0,0,0,0,1,0,0,0,0,0,0,0,0,0,0,6,8,0.03,0.03,0,0,0.98,0.02,0,89,97,0.99,0.01,0,0,0,0,0,0,normal,21
0,tcp,private,S0,6,0,0,0,0,0,0,0,0,0,0,0,0,0,0,0,0,0,188,225,0.89,0.89,0,0,0.95,0.07,0,255,30,0.07,0,0,0,0.89,0,0,0,teardrop,15
2,tcp,domain_u,SF,1467,768,0,0,0,0,0,0,0,0,0,0,0,0,0,0,0,0,2,5,0.02,0.02,0,0,0.94,0.06,0,218,133,0.98,0.02,0,0,0,0,0,0,normal,21
8,udp,domain_u,SF,597,3899,0,0,0,0,0,0,0,0,0,0,0,0,0,0,0,0,6,8,0.0,0.0,0,0,1.0,0.0,0,226,22,0.92,0.08,0,0,0,0,0,0,normal,21
23,tcp,telnet,SF,5463,5885,0,0,0,0,0,1,0,1,1,4,3,0,0,0,0,0,1,1,0,0,0,0,0,0,0,17,3,0,0,0,0,0,0,0,0,rootkit,10
9,udp,ftp_data,SF,558,7514,0,0,0,0,0,1,0,0,0,0,0,0,0,0,0,0,14,9,0.02,0.02,0,0,0.92,0.08,0,82,99,0.91,0.09,0,0,0,0,0,0,normal,21
0,tcp,private,S0,21,0,0,0,0,0,0,0,0,0,0,0,0,0,0,0,0,0,111,177,1.0,1.0,0,0,0.95,0.04,0,255,33,0.11,0,0,0,1.0,0,0,0,neptune,18
3,icmp,eco_i,SF,78,4,0,0,0,0,0,0,0,0,0,0,0,0,0,0,0,0,8,1,0,0,0,0,0.17,0.96,0,227,1,0,0.82,0.78,0,0,0,0,0,nmap,14
2,icmp,other,SF,72,21,0,0,0,0,0,0,0,0,0,0,0,0,0,0,0,0,2,1,0,0,0,0,0.16,0.7,0,217,9,0,0.83,0.79,0,0,0,0,0,satan,17
8,tcp,smtp,SF,806,3625,0,0,0,0,0,1,0,0,0,0,0,0,0,0,0,0,6,1,0.01,0.01,0,0,0.91,0.09,0,89,146,0.88,0.12,0,0,0,0,0,0,normal,21
7,udp,ftp_data,SF,1914,1931,0,0,0,0,0,1,0,0,0,0,0,0,0,0,0,0,4,8,0.02,0.02,0,0,0.96,0.04,0,200,137,0.9,0.1,0,0,0,0,0,0,normal,21
1,tcp,domain_u,SF,2410,8674,0,0,0,0,0,0,0,0,0,0,0,0,0,0,0,0,6,8,0.05,0.05,0,0,0.99,0.01,0,42,236,0.86,0.14,0,0,0,0,0,0,normal,21
0,tcp,private,REJ,0,0,0,0,0,0,0,0,0,0,0,0,0,0,0,0,0,0,238,129,0.87,0.87,0,0,0.98,0.03,0,255,19,0.14,0,0,0,0.87,0,0,0,back,15
9,tcp,http,SF,1019,7285,0,0,0,0,0,1,0,0,0,0,0,0,0,0,0,0,11,9,0.02,0.02,0,0,0.91,0.09,0,198,248,0.97,0.03,0,0,0,0,0,0,normal,21
0,tcp,http,SF,1853,2271,0,0,0,0,0,1,0,0,0,0,0,0,0,0,0,0,10,12,0.05,0.05,0,0,0.99,0.01,0,159,57,0.87,0.13,0,0,0,0,0,0,normal,21
9,udp,smtp,SF,2025,10703,0,0,0,0,0,1,0,0,0,0,0,0,0,0,0,0,1,8,0.0,0.0,0,0,0.92,0.08,0,62,60,0.99,0.01,0,0,0,0,0,0,normal,21
1,tcp,ftp_data,SF,515,2380,0,0,0,0,0,1,0,0,0,0,0,0,0,0,0,0,6,12,0.02,0.02,0,0,0.94,0.06,0,246,166,0.88,0.12,0,0,0,0,0,0,normal,21
4,tcp,domain_u,SF,1836,12810,0,0,0,0,0,0,0,0,0,0,0,0,0,0,0,0,15,6,0.04,0.04,0,0,0.99,0.01,0,154,65,0.95,0.05,0,0,0,0,0,0,normal,21
9,tcp,domain_u,SF,2183,10372,0,0,0,0,0,0,0,0,0,0,0,0,0,0,0,0,12,5,0.04,0.04,0,0,1.0,0.0,0,48,237,0.94,0.06,0,0,0,0,0,0,normal,21
3,tcp,ftp_data,SF,719,10058,0,0,0,0,0,1,0,0,0,0,0,0,0,0,0,0,12,12,0.02,0.02,0,0,0.95,0.05,0,203,58,0.87,0.13,0,0,0,0,0,0,normal,21
6,tcp,ftp_data,SF,539,5201,0,0,0,0,0,1,0,0,0,0,0,0,0,0,0,0,8,12,0.03,0.03,0,0,0.95,0.05,0,185,252,0.86,0.14,0,0,0,0,0,0,normal,21
9,udp,http,SF,1022,4438,0,0,0,0,0,1,0,0,0,0,0,0,0,0,0,0,15,8,0.01,0.01,0,0,0.91,0.09,0,186,60,0.86,0.14,0,0,0,0,0,0,normal,21
0,tcp,private,S0,2,0,0,0,0,0,0,0,0,0,0,0,0,0,0,0,0,0,353,324,0.87,0.87,0,0,1.0,0.02,0,255,45,0.04,0,0,0,0.87,0,0,0,neptune,15
4,tcp,smtp,SF,1990,3362,0,0,0,0,0,1,0,0,0,0,0,0,0,0,0,0,2,4,0.0,0.0,0,0,0.94,0.06,0,169,45,0.92,0.08,0,0,0,0,0,0,normal,21
63,tcp,telnet,SF,3096,5868,0,0,0,0,0,1,0,1,1,1,1,0,0,0,0,0,1,1,0,0,0,0,0,0,0,7,6,0,0,0,0,0,0,0,0,loadmodule,8
3,tcp,http,SF,1713,13182,0,0,0,0,0,1,0,0,0,0,0,0,0,0,0,0,5,11,0.0,0.0,0,0,1.0,0.0,0,39,39,0.9,0.1,0,0,0,0,0,0,normal,21
2,tcp,private,SF,83,49,0,0,0,0,0,0,0,0,0,0,0,0,0,0,0,0,18,1,0,0,0,0,0.16,0.97,0,200,8,0,0.81,0.83,0,0,0,0,0,ipsweep,12
0,icmp,ecr_i,SF,1032,0,0,0,0,0,0,0,0,0,0,0,0,0,0,0,0,0,452,395,0.0,0.0,0,0,0.94,0.04,0,255,255,1.0,0,0,0,0.0,0,0,0,smurf,15
0,tcp,http,REJ,33,0,0,0,0,0,0,0,0,0,0,0,0,0,0,0,0,0,387,358,0.98,0.98,0,0,0.99,0.08,0,255,40,0.11,0,0,0,0.98,0,0,0,back,18
5,tcp,smtp,SF,200,1048,0,0,0,0,0,1,0,0,0,0,0,0,0,0,0,0,5,11,0.04,0.04,0,0,0.96,0.04,0,62,185,0.9,0.1,0,0,0,0,0,0,normal,21
2,tcp,eco_i,RSTO,52,18,0,0,0,0,0,0,0,0,0,0,0,0,0,0,0,0,8,1,0,0,0,0,0.05,0.89,0,225,4,0,0.64,0.66,0,0,0,0,0,portsweep,13
0,tcp,private,S0,18,0,0,0,0,0,0,0,0,0,0,0,0,0,0,0,0,0,218,484,0.83,0.83,0,0,1.0,0.01,0,255,16,0.18,0,0,0,0.83,0,0,0,back,17
0,udp,ftp_data,SF,983,14104,0,0,0,0,0,1,0,0,0,0,0,0,0,0,0,0,5,11,0.04,0.04,0,0,0.91,0.09,0,227,222,0.93,0.07,0,0,0,0,0,0,normal,21
10,udp,ftp_data,SF,2294,13477,0,0,0,0,0,1,0,0,0,0,0,0,0,0,0,0,11,10,0.0,0.0,0,0,0.98,0.02,0,121,98,0.93,0.07,0,0,0,0,0,0,normal,21
3,tcp,http,SF,243,2266,0,0,0,0,0,1,0,0,0,0,0,0,0,0,0,0,11,7,0.04,0.04,0,0,0.91,0.09,0,39,251,0.9,0.1,0,0,0,0,0,0,normal,21
6,tcp,smtp,SF,707,7275,0,0,0,0,0,1,0,0,0,0,0,0,0,0,0,0,10,7,0.04,0.04,0,0,0.91,0.09,0,189,171,0.99,0.01,0,0,0,0,0,0,normal,21
0,tcp,http,REJ,24,0,0,0,0,0,0,0,0,0,0,0,0,0,0,0,0,0,307,348,0.95,0.95,0,0,0.97,0.01,0,255,36,0.02,0,0,0,0.95,0,0,0,back,19
7,tcp,domain_u,SF,1485,13305,0,0,0,0,0,0,0,0,0,0,0,0,0,0,0,0,7,12,0.05,0.05,0,0,1.0,0.0,0,186,23,0.95,0.05,0,0,0,0,0,0,normal,21
0,tcp,private,S0,48,0,0,0,0,0,0,0,0,0,0,0,0,0,0,0,0,0,234,282,0.93,0.93,0,0,0.97,0.06,0,255,43,0.02,0,0,0,0.93,0,0,0,back,20
9,udp,http,SF,1959,7022,0,0,0,0,0,1,0,0,0,0,0,0,0,0,0,0,5,11,0.04,0.04,0,0,0.94,0.06,0,255,112,0.97,0.03,0,0,0,0,0,0,normal,21
3,tcp,http,SF,2130,4844,0,0,0,0,0,1,0,0,0,0,0,0,0,0,0,0,4,4,0.02,0.02,0,0,0.93,0.07,0,80,68,0.85,0.15,0,0,0,0,0,0,normal,21
1,udp,http,SF,2202,11121,0,0,0,0,0,1,0,0,0,0,0,0,0,0,0,0,4,10,0.04,0.04,0,0,0.98,0.02,0,40,22,0.94,0.06,0,0,0,0,0,0,normal,21
9,tcp,smtp,SF,2408,11970,0,0,0,0,0,1,0,0,0,0,0,0,0,0,0,0,2,2,0.05,0.05,0,0,0.93,0.07,0,180,207,0.89,0.11,0,0,0,0,0,0,normal,21
8,udp,http,SF,629,12923,0,0,0,0,0,1,0,0,0,0,0,0,0,0,0,0,2,11,0.03,0.03,0,0,0.93,0.07,0,139,217,0.94,0.06,0,0,0,0,0,0,normal,21
1,tcp,ftp_data,SF,1129,3459,0,0,0,0,0,1,0,0,0,0,0,0,0,0,0,0,15,12,0.01,0.01,0,0,0.92,0.08,0,142,149,0.94,0.06,0,0,0,0,0,0,normal,21
7,udp,http,SF,652,6227,0,0,0,0,0,1,0,0,0,0,0,0,0,0,0,0,7,10,0.05,0.05,0,0,0.98,0.02,0,75,130,0.97,0.03,0,0,0,0,0,0,normal,21
0,tcp,private,REJ,14,0,0,0,0,0,0,0,0,0,0,0,0,0,0,0,0,0,459,406,0.94,0.94,0,0,0.96,0.1,0,255,33,0.07,0,0,0,0.94,0,0,0,back,16
0,tcp,private,S0,11,0,0,0,0,0,0,0,0,0,0,0,0,0,0,0,0,0,473,238,0.98,0.98,0,0,0.99,0.07,0,255,22,0.04,0,0,0,0.98,0,0,0,teardrop,15
4,tcp,domain_u,SF,378,5021,0,0,0,0,0,0,0,0,0,0,0,0,0,0,0,0,2,8,0.05,0.05,0,0,0.95,0.05,0,144,87,0.91,0.09,0,0,0,0,0,0,normal,21
1,icmp,other,SH,77,10,0,0,0,0,0,0,0,0,0,0,0,0,0,0,0,0,16,1,0,0,0,0,0.11,0.91,0,155,8,0,0.77,0.89,0,0,0,0,0,satan,12
8,tcp,ftp,SF,175,2413,0,0,0,2,0,1,0,0,0,0,0,0,0,0,0,0,1,1,0,0,0,0,0,0,0,4,25,0,0,0,0,0,0,0,0,ftp_write,13
0,tcp,private,S0,39,0,0,0,0,0,0,0,0,0,0,0,0,0,0,0,0,0,173,173,0.93,0.93,0,0,0.95,0.09,0,255,15,0.17,0,0,0,0.93,0,0,0,teardrop,17
0,tcp,other,REJ,56,28,0,0,0,0,0,0,0,0,0,0,0,0,0,0,0,0,8,1,0,0,0,0,0.06,0.83,0,155,7,0,0.94,0.96,0,0,0,0,0,satan,13
1,tcp,smtp,SF,979,6902,0,0,0,0,0,1,0,0,0,0,0,0,0,0,0,0,6,11,0.0,0.0,0,0,0.94,0.06,0,147,86,0.94,0.06,0,0,0,0,0,0,normal,21
1,tcp,smtp,SF,1200,5564,0,0,0,0,0,1,0,0,0,0,0,0,0,0,0,0,15,7,0.0,0.0,0,0,0.99,0.01,0,149,23,0.96,0.04,0,0,0,0,0,0,normal,21
1,udp,http,SF,225,1567,0,0,0,0,0,1,0,0,0,0,0,0,0,0,0,0,13,3,0.03,0.03,0,0,0.93,0.07,0,251,43,0.97,0.03,0,0,0,0,0,0,normal,21
0,tcp,private,REJ,18,0,0,0,0,0,0,0,0,0,0,0,0,0,0,0,0,0,314,193,0.99,0.99,0,0,1.0,0.04,0,255,34,0.03,0,0,0,0.99,0,0,0,neptune,20
4,tcp,telnet,SF,513,1804,0,0,0,1,5,0,0,0,0,0,0,0,0,0,0,0,1,1,0,0,0,0,0,0,0,29,24,0,0,0,0,0,0,0,0,guess_passwd,9
0,tcp,http,S0,29,0,0,0,0,0,0,0,0,0,0,0,0,0,0,0,0,0,175,113,0.96,0.96,0,0,0.99,0.05,0,255,45,0.16,0,0,0,0.96,0,0,0,back,15
9,udp,http,SF,1262,3865,0,0,0,0,0,1,0,0,0,0,0,0,0,0,0,0,5,9,0.03,0.03,0,0,0.93,0.07,0,27,182,0.87,0.13,0,0,0,0,0,0,normal,21
8,tcp,http,SF,1789,5524,0,0,0,0,0,1,0,0,0,0,0,0,0,0,0,0,14,12,0.02,0.02,0,0,0.95,0.05,0,194,238,0.97,0.03,0,0,0,0,0,0,normal,21
1,tcp,domain_u,SF,270,9200,0,0,0,0,0,0,0,0,0,0,0,0,0,0,0,0,2,4,0.02,0.02,0,0,0.95,0.05,0,96,47,0.86,0.14,0,0,0,0,0,0,normal,21
0,tcp,http,REJ,26,0,0,0,0,0,0,0,0,0,0,0,0,0,0,0,0,0,439,331,0.9,0.9,0,0,0.97,0.09,0,255,10,0.06,0,0,0,0.9,0,0,0,neptune,15
4,udp,http,SF,2183,7669,0,0,0,0,0,1,0,0,0,0,0,0,0,0,0,0,6,6,0.0,0.0,0,0,0.91,0.09,0,45,204,1.0,0.0,0,0,0,0,0,0,normal,21
0,tcp,private,REJ,0,0,0,0,0,0,0,0,0,0,0,0,0,0,0,0,0,0,469,227,0.96,0.96,0,0,0.92,0.03,0,255,9,0.06,0,0,0,0.96,0,0,0,teardrop,20
1,tcp,private,RSTO,2,18,0,0,0,0,0,0,0,0,0,0,0,0,0,0,0,0,14,1,0,0,0,0,0.19,0.77,0,217,2,0,0.92,0.74,0,0,0,0,0,satan,14
6,tcp,http,SF,2327,963,0,0,0,0,0,1,0,0,0,0,0,0,0,0,0,0,4,9,0.02,0.02,0,0,0.92,0.08,0,67,167,0.98,0.02,0,0,0,0,0,0,normal,21
0,tcp,http,S0,5,0,0,0,0,0,0,0,0,0,0,0,0,0,0,0,0,0,390,431,0.91,0.91,0,0,0.98,0.07,0,255,34,0.08,0,0,0,0.91,0,0,0,teardrop,19
0,tcp,http,SF,538,7423,0,0,0,0,0,1,0,0,0,0,0,0,0,0,0,0,6,4,0.01,0.01,0,0,0.99,0.01,0,37,16,0.89,0.11,0,0,0,0,0,0,normal,21
3,udp,ftp_data,SF,2274,8309,0,0,0,0,0,1,0,0,0,0,0,0,0,0,0,0,11,3,0.03,0.03,0,0,0.91,0.09,0,138,137,0.85,0.15,0,0,0,0,0,0,normal,21
0,tcp,smtp,SF,2117,4426,0,0,0,0,0,1,0,0,0,0,0,0,0,0,0,0,5,12,0.03,0.03,0,0,0.97,0.03,0,158,128,0.87,0.13,0,0,0,0,0,0,normal,21
0,icmp,ecr_i,SF,1032,0,0,0,0,0,0,0,0,0,0,0,0,0,0,0,0,0,115,297,0.0,0.0,0,0,0.93,0.02,0,255,255,1.0,0,0,0,0.0,0,0,0,smurf,19
3,tcp,other,REJ,34,32,0,0,0,0,0,0,0,0,0,0,0,0,0,0,0,0,2,1,0,0,0,0,0.06,0.77,0,196,9,0,0.93,0.72,0,0,0,0,0,satan,16
7,udp,domain_u,SF,630,7563,0,0,0,0,0,0,0,0,0,0,0,0,0,0,0,0,15,4,0.04,0.04,0,0,0.97,0.03,0,152,224,0.93,0.07,0,0,0,0,0,0,normal,21
2,tcp,ftp_data,SF,1567,13798,0,0,0,0,0,1,0,0,0,0,0,0,0,0,0,0,6,5,0.03,0.03,0,0,0.99,0.01,0,106,217,0.97,0.03,0,0,0,0,0,0,normal,21
3,udp,http,SF,1046,10965,0,0,0,0,0,1,0,0,0,0,0,0,0,0,0,0,7,12,0.01,0.01,0,0,0.95,0.05,0,250,54,0.93,0.07,0,0,0,0,0,0,normal,21
1,tcp,smtp,SF,2333,13109,0,0,0,0,0,1,0,0,0,0,0,0,0,0,0,0,4,7,0.05,0.05,0,0,0.93,0.07,0,110,210,0.93,0.07,0,0,0,0,0,0,normal,21
0,tcp,http,S0,11,0,0,0,0,0,0,0,0,0,0,0,0,0,0,0,0,0,204,145,0.88,0.88,0,0,1.0,0.07,0,255,37,0.11,0,0,0,0.88,0,0,0,neptune,18
6,tcp,ftp_data,SF,522,7663,0,0,0,0,0,1,0,0,0,0,0,0,0,0,0,0,8,11,0.01,0.01,0,0,0.96,0.04,0,176,122,0.95,0.05,0,0,0,0,0,0,normal,21
0,tcp,private,REJ,26,0,0,0,0,0,0,0,0,0,0,0,0,0,0,0,0,0,100,418,0.83,0.83,0,0,0.95,0.03,0,255,33,0.18,0,0,0,0.83,0,0,0,back,18
0,tcp,http,S0,32,0,0,0,0,0,0,0,0,0,0,0,0,0,0,0,0,0,402,454,0.83,0.83,0,0,0.93,0.03,0,255,27,0.02,0,0,0,0.83,0,0,0,neptune,19
5,tcp,ftp_data,SF,417,4081,0,0,0,0,0,1,0,0,0,0,0,0,0,0,0,0,15,4,0.03,0.03,0,0,0.98,0.02,0,124,53,0.99,0.01,0,0,0,0,0,0,normal,21
0,udp,http,SF,1953,3415,0,0,0,0,0,1,0,0,0,0,0,0,0,0,0,0,1,3,0.04,0.04,0,0,0.94,0.06,0,154,234,0.91,0.09,0,0,0,0,0,0,normal,21
0,icmp,ecr_i,SF,1032,0,0,0,0,0,0,0,0,0,0,0,0,0,0,0,0,0,471,388,0.0,0.0,0,0,1.0,0.01,0,255,255,1.0,0,0,0,0.0,0,0,0,smurf,19
4,tcp,domain_u,SF,1991,12194,0,0,0,0,0,0,0,0,0,0,0,0,0,0,0,0,15,7,0.02,0.02,0,0,0.95,0.05,0,213,249,0.96,0.04,0,0,0,0,0,0,normal,21
0,tcp,private,REJ,9,0,0,0,0,0,0,0,0,0,0,0,0,0,0,0,0,0,273,222,0.94,0.94,0,0,0.93,0.08,0,255,19,0.17,0,0,0,0.94,0,0,0,neptune,19
10,tcp,domain_u,SF,1089,6597,0,0,0,0,0,0,0,0,0,0,0,0,0,0,0,0,2,1,0.01,0.01,0,0,0.96,0.04,0,44,23,0.97,0.03,0,0,0,0,0,0,normal,21
0,tcp,private,REJ,34,0,0,0,0,0,0,0,0,0,0,0,0,0,0,0,0,0,439,245,0.86,0.86,0,0,0.99,0.02,0,255,47,0.03,0,0,0,0.86,0,0,0,teardrop,19
5,tcp,domain_u,SF,1989,14285,0,0,0,0,0,0,0,0,0,0,0,0,0,0,0,0,4,4,0.01,0.01,0,0,0.92,0.08,0,242,28,0.88,0.12,0,0,0,0,0,0,normal,21
0,tcp,private,REJ,0,0,0,0,0,0,0,0,0,0,0,0,0,0,0,0,0,0,347,348,0.96,0.96,0,0,0.97,0.04,0,255,3,0.07,0,0,0,0.96,0,0,0,neptune,20
8,tcp,smtp,SF,307,2674,0,0,0,0,0,1,0,0,0,0,0,0,0,0,0,0,3,8,0.04,0.04,0,0,0.96,0.04,0,202,93,0.91,0.09,0,0,0,0,0,0,normal,21
0,tcp,private,S0,15,0,0,0,0,0,0,0,0,0,0,0,0,0,0,0,0,0,509,451,0.88,0.88,0,0,0.96,0.05,0,255,21,0.13,0,0,0,0.88,0,0,0,back,20
0,tcp,http,S0,18,0,0,0,0,0,0,0,0,0,0,0,0,0,0,0,0,0,217,434,0.92,0.92,0,0,0.91,0.03,0,255,22,0.02,0,0,0,0.92,0,0,0,teardrop,16
0,tcp,eco_i,SF,72,15,0,0,0,0,0,0,0,0,0,0,0,0,0,0,0,0,6,1,0,0,0,0,0.2,0.72,0,152,9,0,0.56,0.97,0,0,0,0,0,portsweep,14
0,tcp,smtp,SF,217,14295,0,0,0,0,0,1,0,0,0,0,0,0,0,0,0,0,3,9,0.03,0.03,0,0,0.93,0.07,0,109,169,0.99,0.01,0,0,0,0,0,0,normal,21
0,tcp,http,S0,50,0,0,0,0,0,0,0,0,0,0,0,0,0,0,0,0,0,338,155,0.89,0.89,0,0,1.0,0.08,0,255,49,0.11,0,0,0,0.89,0,0,0,neptune,17
9,tcp,http,SF,2138,2001,0,0,0,0,0,1,0,0,0,0,0,0,0,0,0,0,11,9,0.02,0.02,0,0,0.99,0.01,0,88,48,0.97,0.03,0,0,0,0,0,0,normal,21
4,tcp,ftp_data,SF,336,12702,0,0,0,0,0,1,0,0,0,0,0,0,0,0,0,0,2,10,0.03,0.03,0,0,0.98,0.02,0,111,207,0.96,0.04,0,0,0,0,0,0,normal,21
0,tcp,private,REJ,16,0,0,0,0,0,0,0,0,0,0,0,0,0,0,0,0,0,343,418,0.97,0.97,0,0,0.91,0.01,0,255,5,0.17,0,0,0,0.97,0,0,0,neptune,18
2,tcp,http,SF,444,12379,0,0,0,0,0,1,0,0,0,0,0,0,0,0,0,0,4,2,0.0,0.0,0,0,0.95,0.05,0,178,57,0.87,0.13,0,0,0,0,0,0,normal,21
0,icmp,ecr_i,SF,1032,0,0,0,0,0,0,0,0,0,0,0,0,0,0,0,0,0,133,333,0.0,0.0,0,0,0.96,0.03,0,255,255,1.0,0,0,0,0.0,0,0,0,smurf,15
9,tcp,ftp_data,SF,1517,14268,0,0,0,0,0,1,0,0,0,0,0,0,0,0,0,0,14,10,0.02,0.02,0,0,0.98,0.02,0,80,193,0.88,0.12,0,0,0,0,0,0,normal,21
4,tcp,http,SF,691,7779,0,0,0,0,0,1,0,0,0,0,0,0,0,0,0,0,3,8,0.02,0.02,0,0,0.91,0.09,0,248,204,0.99,0.01,0,0,0,0,0,0,normal,21
0,icmp,ecr_i,SF,1032,0,0,0,0,0,0,0,0,0,0,0,0,0,0,0,0,0,181,495,0.0,0.0,0,0,0.94,0.06,0,255,255,1.0,0,0,0,0.0,0,0,0,smurf,17
97,tcp,telnet,SF,3532,9384,0,0,0,0,0,1,0,1,1,5,2,0,0,0,0,0,1,1,0,0,0,0,0,0,0,8,12,0,0,0,0,0,0,0,0,buffer_overflow,7
8,tcp,http,SF,1752,12735,0,0,0,0,0,1,0,0,0,0,0,0,0,0,0,0,13,1,0.03,0.03,0,0,0.93,0.07,0,163,172,0.9,0.1,0,0,0,0,0,0,normal,21
3,tcp,http,SF,1441,10409,0,0,0,0,0,1,0,0,0,0,0,0,0,0,0,0,2,10,0.0,0.0,0,0,0.93,0.07,0,205,188,0.88,0.12,0,0,0,0,0,0,normal,21
39,tcp,telnet,SF,565,330,0,0,0,2,5,0,0,0,0,0,0,0,0,0,0,0,1,1,0,0,0,0,0,0,0,9,18,0,0,0,0,0,0,0,0,guess_passwd,9
4,icmp,eco_i,RSTO,59,22,0,0,0,0,0,0,0,0,0,0,0,0,0,0,0,0,19,1,0,0,0,0,0.09,0.93,0,195,1,0,0.54,0.79,0,0,0,0,0,ipsweep,14
0,tcp,http,S0,9,0,0,0,0,0,0,0,0,0,0,0,0,0,0,0,0,0,390,392,0.93,0.93,0,0,0.97,0.07,0,255,10,0.01,0,0,0,0.93,0,0,0,teardrop,15
0,icmp,ecr_i,SF,1032,0,0,0,0,0,0,0,0,0,0,0,0,0,0,0,0,0,444,316,0.0,0.0,0,0,0.95,0.01,0,255,255,1.0,0,0,0,0.0,0,0,0,smurf,16
6,tcp,http,SF,1619,8945,0,0,0,0,0,1,0,0,0,0,0,0,0,0,0,0,10,6,0.03,0.03,0,0,0.95,0.05,0,178,105,0.86,0.14,0,0,0,0,0,0,normal,21
10,tcp,http,SF,2317,4983,0,0,0,0,0,1,0,0,0,0,0,0,0,0,0,0,5,10,0.01,0.01,0,0,0.93,0.07,0,202,215,0.89,0.11,0,0,0,0,0,0,normal,21
2,udp,domain_u,SF,807,8764,0,0,0,0,0,0,0,0,0,0,0,0,0,0,0,0,15,11,0.02,0.02,0,0,0.96,0.04,0,210,82,0.87,0.13,0,0,0,0,0,0,normal,21
0,tcp,http,S0,24,0,0,0,0,0,0,0,0,0,0,0,0,0,0,0,0,0,190,266,0.88,0.88,0,0,0.91,0.07,0,255,13,0.06,0,0,0,0.88,0,0,0,back,17
0,icmp,ecr_i,SF,1032,0,0,0,0,0,0,0,0,0,0,0,0,0,0,0,0,0,498,503,0.0,0.0,0,0,0.91,0.09,0,255,255,1.0,0,0,0,0.0,0,0,0,smurf,18
4,tcp,other,SF,37,35,0,0,0,0,0,0,0,0,0,0,0,0,0,0,0,0,11,1,0,0,0,0,0.17,0.89,0,170,9,0,0.82,0.67,0,0,0,0,0,portsweep,14
1,tcp,other,RSTO,7,24,0,0,0,0,0,0,0,0,0,0,0,0,0,0,0,0,4,1,0,0,0,0,0.13,0.61,0,239,3,0,0.7,0.94,0,0,0,0,0,nmap,15
5,tcp,smtp,SF,2180,9139,0,0,0,0,0,1,0,0,0,0,0,0,0,0,0,0,1,12,0.03,0.03,0,0,0.93,0.07,0,12,210,0.93,0.07,0,0,0,0,0,0,normal,21
3,tcp,eco_i,SH,92,24,0,0,0,0,0,0,0,0,0,0,0,0,0,0,0,0,15,1,0,0,0,0,0.06,0.97,0,153,1,0,0.51,0.65,0,0,0,0,0,satan,18
9,tcp,ftp_data,SF,860,12376,0,0,0,0,0,1,0,0,0,0,0,0,0,0,0,0,6,8,0.04,0.04,0,0,0.93,0.07,0,27,17,0.93,0.07,0,0,0,0,0,0,normal,21
3,icmp,eco_i,SF,87,14,0,0,0,0,0,0,0,0,0,0,0,0,0,0,0,0,8,1,0,0,0,0,0.16,0.97,0,232,5,0,0.6,0.96,0,0,0,0,0,nmap,15
0,icmp,ecr_i,SF,1032,0,0,0,0,0,0,0,0,0,0,0,0,0,0,0,0,0,159,190,0.0,0.0,0,0,0.98,0.03,0,255,255,1.0,0,0,0,0.0,0,0,0,smurf,19
0,udp,ftp_data,SF,1561,11952,0,0,0,0,0,1,0,0,0,0,0,0,0,0,0,0,8,5,0.01,0.01,0,0,0.99,0.01,0,168,143,0.97,0.03,0,0,0,0,0,0,normal,21
2,udp,http,SF,228,8237,0,0,0,0,0,1,0,0,0,0,0,0,0,0,0,0,5,1,0.0,0.0,0,0,0.99,0.01,0,145,133,0.9,0.1,0,0,0,0,0,0,normal,21
2,icmp,private,REJ,97,31,0,0,0,0,0,0,0,0,0,0,0,0,0,0,0,0,15,1,0,0,0,0,0.06,0.74,0,209,5,0,0.93,0.97,0,0,0,0,0,satan,18
3,tcp,domain_u,SF,1370,7518,0,0,0,0,0,0,0,0,0,0,0,0,0,0,0,0,4,2,0.02,0.02,0,0,0.9,0.1,0,116,40,1.0,0.0,0,0,0,0,0,0,normal,21
8,udp,http,SF,1848,9220,0,0,0,0,0,1,0,0,0,0,0,0,0,0,0,0,7,3,0.0,0.0,0,0,0.95,0.05,0,244,181,0.86,0.14,0,0,0,0,0,0,normal,21
117,tcp,telnet,SF,1641,3148,0,0,0,0,0,1,0,1,1,4,3,0,0,0,0,0,1,1,0,0,0,0,0,0,0,14,13,0,0,0,0,0,0,0,0,rootkit,12
5,tcp,smtp,SF,1615,10404,0,0,0,0,0,1,0,0,0,0,0,0,0,0,0,0,2,11,0.02,0.02,0,0,0.93,0.07,0,224,113,0.99,0.01,0,0,0,0,0,0,normal,21
0,tcp,private,REJ,5,0,0,0,0,0,0,0,0,0,0,0,0,0,0,0,0,0,455,472,0.86,0.86,0,0,0.99,0.09,0,255,41,0.14,0,0,0,0.86,0,0,0,back,17
0,tcp,private,SH,93,6,0,0,0,0,0,0,0,0,0,0,0,0,0,0,0,0,12,1,0,0,0,0,0.13,0.95,0,219,5,0,0.59,0.79,0,0,0,0,0,nmap,13
1,tcp,ftp_data,SF,1597,12004,0,0,0,0,0,1,0,0,0,0,0,0,0,0,0,0,5,6,0.01,0.01,0,0,0.9,0.1,0,223,93,1.0,0.0,0,0,0,0,0,0,normal,21
0,tcp,http,REJ,1,0,0,0,0,0,0,0,0,0,0,0,0,0,0,0,0,0,176,171,0.93,0.93,0,0,0.92,0.09,0,255,31,0.14,0,0,0,0.93,0,0,0,back,20
0,tcp,http,REJ,16,0,0,0,0,0,0,0,0,0,0,0,0,0,0,0,0,0,337,150,0.93,0.93,0,0,0.91,0.04,0,255,12,0.04,0,0,0,0.93,0,0,0,neptune,16
4,udp,smtp,SF,1300,3061,0,0,0,0,0,1,0,0,0,0,0,0,0,0,0,0,9,5,0.0,0.0,0,0,0.94,0.06,0,157,234,0.91,0.09,0,0,0,0,0,0,normal,21
3,icmp,eco_i,REJ,47,5,0,0,0,0,0,0,0,0,0,0,0,0,0,0,0,0,2,1,0,0,0,0,0.17,0.64,0,255,10,0,0.77,0.65,0,0,0,0,0,portsweep,15
4,icmp,other,SF,90,36,0,0,0,0,0,0,0,0,0,0,0,0,0,0,0,0,16,1,0,0,0,0,0.12,0.63,0,237,8,0,0.68,0.6,0,0,0,0,0,nmap,16
0,tcp,private,REJ,39,0,0,0,0,0,0,0,0,0,0,0,0,0,0,0,0,0,468,408,0.95,0.95,0,0,0.98,0.03,0,255,26,0.04,0,0,0,0.95,0,0,0,teardrop,17
0,icmp,ecr_i,SF,1032,0,0,0,0,0,0,0,0,0,0,0,0,0,0,0,0,0,313,370,0.0,0.0,0,0,0.94,0.08,0,255,255,1.0,0,0,0,0.0,0,0,0,smurf,17
4,icmp,private,SF,66,44,0,0,0,0,0,0,0,0,0,0,0,0,0,0,0,0,9,1,0,0,0,0,0.17,0.9,0,189,9,0,0.52,0.9,0,0,0,0,0,portsweep,16
0,tcp,private,S0,26,0,0,0,0,0,0,0,0,0,0,0,0,0,0,0,0,0,168,171,0.92,0.92,0,0,0.97,0.02,0,255,35,0.15,0,0,0,0.92,0,0,0,back,16
7,tcp,http,SF,740,293,0,0,0,0,0,1,0,0,0,0,0,0,0,0,0,0,15,3,0.05,0.05,0,0,0.95,0.05,0,23,143,0.87,0.13,0,0,0,0,0,0,normal,21
7,udp,ftp_data,SF,581,11587,0,0,0,0,0,1,0,0,0,0,0,0,0,0,0,0,4,7,0.01,0.01,0,0,0.96,0.04,0,68,111,0.95,0.05,0,0,0,0,0,0,normal,21
0,tcp,http,S0,40,0,0,0,0,0,0,0,0,0,0,0,0,0,0,0,0,0,283,311,0.83,0.83,0,0,0.91,0.07,0,255,39,0.06,0,0,0,0.83,0,0,0,back,20
0,tcp,private,REJ,9,0,0,0,0,0,0,0,0,0,0,0,0,0,0,0,0,0,159,380,0.83,0.83,0,0,0.98,0.06,0,255,7,0.05,0,0,0,0.83,0,0,0,neptune,17
0,tcp,private,SH,85,49,0,0,0,0,0,0,0,0,0,0,0,0,0,0,0,0,14,1,0,0,0,0,0.18,0.79,0,224,4,0,0.74,0.77,0,0,0,0,0,satan,17
3,tcp,eco_i,RSTO,90,37,0,0,0,0,0,0,0,0,0,0,0,0,0,0,0,0,17,1,0,0,0,0,0.06,0.9,0,185,2,0,0.71,0.69,0,0,0,0,0,satan,14
1,tcp,http,SF,1755,11953,0,0,0,0,0,1,0,0,0,0,0,0,0,0,0,0,2,6,0.01,0.01,0,0,0.99,0.01,0,120,201,0.87,0.13,0,0,0,0,0,0,normal,21
4,icmp,other,REJ,21,15,0,0,0,0,0,0,0,0,0,0,0,0,0,0,0,0,7,1,0,0,0,0,0.16,0.93,0,163,7,0,0.57,0.61,0,0,0,0,0,nmap,13
6,tcp,smtp,SF,1021,2997,0,0,0,0,0,1,0,0,0,0,0,0,0,0,0,0,1,5,0.05,0.05,0,0,0.93,0.07,0,141,126,0.98,0.02,0,0,0,0,0,0,normal,21
7,tcp,domain_u,SF,230,4601,0,0,0,0,0,0,0,0,0,0,0,0,0,0,0,0,14,12,0.02,0.02,0,0,0.96,0.04,0,175,186,0.94,0.06,0,0,0,0,0,0,normal,21
0,tcp,private,S0,7,0,0,0,0,0,0,0,0,0,0,0,0,0,0,0,0,0,412,370,0.92,0.92,0,0,0.92,0.1,0,255,36,0.19,0,0,0,0.92,0,0,0,teardrop,20
3,tcp,http,SF,927,7190,0,0,0,0,0,1,0,0,0,0,0,0,0,0,0,0,14,5,0.0,0.0,0,0,0.95,0.05,0,132,174,0.91,0.09,0,0,0,0,0,0,normal,21
5,tcp,domain_u,SF,1529,1421,0,0,0,0,0,0,0,0,0,0,0,0,0,0,0,0,13,5,0.0,0.0,0,0,0.96,0.04,0,53,154,0.96,0.04,0,0,0,0,0,0,normal,21
0,icmp,ecr_i,SF,1032,0,0,0,0,0,0,0,0,0,0,0,0,0,0,0,0,0,303,391,0.0,0.0,0,0,0.98,0.02,0,255,255,1.0,0,0,0,0.0,0,0,0,smurf,16
0,tcp,http,SF,1043,8310,0,0,0,0,0,1,0,0,0,0,0,0,0,0,0,0,3,2,0.01,0.01,0,0,0.98,0.02,0,130,250,0.88,0.12,0,0,0,0,0,0,normal,21
9,tcp,domain_u,SF,309,5165,0,0,0,0,0,0,0,0,0,0,0,0,0,0,0,0,12,8,0.05,0.05,0,0,0.99,0.01,0,68,236,0.93,0.07,0,0,0,0,0,0,normal,21
3,tcp,other,SF,28,34,0,0,0,0,0,0,0,0,0,0,0,0,0,0,0,0,1,1,0,0,0,0,0.05,0.9,0,181,8,0,0.61,0.6,0,0,0,0,0,portsweep,15
67,tcp,telnet,SF,4341,8812,0,0,0,0,0,1,0,1,1,4,3,0,0,0,0,0,1,1,0,0,0,0,0,0,0,11,15,0,0,0,0,0,0,0,0,rootkit,5
9,tcp,smtp,SF,1795,7947,0,0,0,0,0,1,0,0,0,0,0,0,0,0,0,0,1,8,0.02,0.02,0,0,0.93,0.07,0,46,147,0.96,0.04,0,0,0,0,0,0,normal,21
0,tcp,private,RSTO,76,42,0,0,0,0,0,0,0,0,0,0,0,0,0,0,0,0,2,1,0,0,0,0,0.15,0.82,0,251,5,0,0.55,0.94,0,0,0,0,0,ipsweep,13
10,tcp,http,SF,350,974,0,0,0,0,0,1,0,0,0,0,0,0,0,0,0,0,7,5,0.0,0.0,0,0,0.95,0.05,0,16,218,0.91,0.09,0,0,0,0,0,0,normal,21
1,tcp,http,SF,487,14702,0,0,0,0,0,1,0,0,0,0,0,0,0,0,0,0,14,3,0.0,0.0,0,0,0.93,0.07,0,194,33,0.92,0.08,0,0,0,0,0,0,normal,21
5,udp,domain_u,SF,1763,7911,0,0,0,0,0,0,0,0,0,0,0,0,0,0,0,0,1,8,0.04,0.04,0,0,0.96,0.04,0,95,13,0.86,0.14,0,0,0,0,0,0,normal,21
0,icmp,eco_i,SF,38,2,0,0,0,0,0,0,0,0,0,0,0,0,0,0,0,0,7,1,0,0,0,0,0.08,0.6,0,211,1,0,0.94,0.86,0,0,0,0,0,nmap,18
9,udp,http,SF,298,1607,0,0,0,0,0,1,0,0,0,0,0,0,0,0,0,0,15,12,0.04,0.04,0,0,0.9,0.1,0,164,248,0.89,0.11,0,0,0,0,0,0,normal,21
6,tcp,smtp,SF,2280,10818,0,0,0,0,0,1,0,0,0,0,0,0,0,0,0,0,1,8,0.02,0.02,0,0,0.91,0.09,0,187,117,0.97,0.03,0,0,0,0,0,0,normal,21
0,tcp,http,S0,21,0,0,0,0,0,0,0,0,0,0,0,0,0,0,0,0,0,303,418,0.92,0.92,0,0,0.91,0.03,0,255,7,0.15,0,0,0,0.92,0,0,0,back,15
0,tcp,domain_u,SF,2137,8760,0,0,0,0,0,0,0,0,0,0,0,0,0,0,0,0,6,1,0.02,0.02,0,0,0.92,0.08,0,117,26,0.94,0.06,0,0,0,0,0,0,normal,21
8,tcp,domain_u,SF,1685,3754,0,0,0,0,0,0,0,0,0,0,0,0,0,0,0,0,6,5,0.04,0.04,0,0,0.95,0.05,0,119,10,0.95,0.05,0,0,0,0,0,0,normal,21
3,udp,http,SF,2500,6297,0,0,0,0,0,1,0,0,0,0,0,0,0,0,0,0,8,3,0.01,0.01,0,0,0.93,0.07,0,145,187,0.98,0.02,0,0,0,0,0,0,normal,21
0,tcp,other,RSTO,38,47,0,0,0,0,0,0,0,0,0,0,0,0,0,0,0,0,9,1,0,0,0,0,0.14,0.99,0,156,7,0,0.92,0.78,0,0,0,0,0,portsweep,17
0,icmp,ecr_i,SF,1032,0,0,0,0,0,0,0,0,0,0,0,0,0,0,0,0,0,296,141,0.0,0.0,0,0,0.96,0.01,0,255,255,1.0,0,0,0,0.0,0,0,0,smurf,18
1,tcp,smtp,SF,1025,3870,0,0,0,0,0,1,0,0,0,0,0,0,0,0,0,0,2,8,0.02,0.02,0,0,0.9,0.1,0,57,122,0.96,0.04,0,0,0,0,0,0,normal,21
9,tcp,smtp,SF,279,695,0,0,0,0,0,1,0,0,0,0,0,0,0,0,0,0,4,4,0.01,0.01,0,0,0.95,0.05,0,141,17,0.95,0.05,0,0,0,0,0,0,normal,21
0,tcp,http,REJ,22,0,0,0,0,0,0,0,0,0,0,0,0,0,0,0,0,0,292,350,0.83,0.83,0,0,0.91,0.07,0,255,6,0.09,0,0,0,0.83,0,0,0,teardrop,17
4,udp,ftp_data,SF,2083,923,0,0,0,0,0,1,0,0,0,0,0,0,0,0,0,0,5,8,0.02,0.02,0,0,0.92,0.08,0,106,227,0.93,0.07,0,0,0,0,0,0,normal,21
5,tcp,domain_u,SF,1214,14887,0,0,0,0,0,0,0,0,0,0,0,0,0,0,0,0,14,6,0.01,0.01,0,0,0.99,0.01,0,214,130,0.86,0.14,0,0,0,0,0,0,normal,21
0,tcp,private,REJ,36,0,0,0,0,0,0,0,0,0,0,0,0,0,0,0,0,0,471,323,0.91,0.91,0,0,0.9,0.08,0,255,42,0.08,0,0,0,0.91,0,0,0,teardrop,18
9,tcp,domain_u,SF,222,3712,0,0,0,0,0,0,0,0,0,0,0,0,0,0,0,0,2,2,0.0,0.0,0,0,0.95,0.05,0,238,189,0.86,0.14,0,0,0,0,0,0,normal,21
2,udp,http,SF,2135,13423,0,0,0,0,0,1,0,0,0,0,0,0,0,0,0,0,8,4,0.0,0.0,0,0,0.97,0.03,0,157,131,0.88,0.12,0,0,0,0,0,0,normal,21
1,tcp,domain_u,SF,1042,2634,0,0,0,0,0,0,0,0,0,0,0,0,0,0,0,0,15,8,0.01,0.01,0,0,0.97,0.03,0,95,147,1.0,0.0,0,0,0,0,0,0,normal,21
6,udp,ftp_data,SF,1574,3328,0,0,0,0,0,1,0,0,0,0,0,0,0,0,0,0,6,2,0.0,0.0,0,0,0.99,0.01,0,164,134,0.95,0.05,0,0,0,0,0,0,normal,21
2,tcp,domain_u,SF,1089,11703,0,0,0,0,0,0,0,0,0,0,0,0,0,0,0,0,14,4,0.03,0.03,0,0,0.95,0.05,0,220,227,0.89,0.11,0,0,0,0,0,0,normal,21
5,tcp,smtp,SF,1773,226,0,0,0,0,0,1,0,0,0,0,0,0,0,0,0,0,11,12,0.01,0.01,0,0,0.95,0.05,0,44,68,0.89,0.11,0,0,0,0,0,0,normal,21
3,udp,domain_u,SF,558,9300,0,0,0,0,0,0,0,0,0,0,0,0,0,0,0,0,4,12,0.01,0.01,0,0,0.96,0.04,0,96,224,0.94,0.06,0,0,0,0,0,0,normal,21
4,icmp,other,SF,77,33,0,0,0,0,0,0,0,0,0,0,0,0,0,0,0,0,9,1,0,0,0,0,0.08,0.66,0,164,7,0,0.58,0.72,0,0,0,0,0,nmap,12
106,tcp,telnet,SF,5505,5765,0,0,0,0,0,1,0,1,1,3,1,0,0,0,0,0,1,1,0,0,0,0,0,0,0,14,2,0,0,0,0,0,0,0,0,loadmodule,9
2,icmp,eco_i,RSTO,40,47,0,0,0,0,0,0,0,0,0,0,0,0,0,0,0,0,15,1,0,0,0,0,0.07,0.87,0,172,4,0,0.95,0.72,0,0,0,0,0,satan,16
7,udp,domain_u,SF,916,10897,0,0,0,0,0,0,0,0,0,0,0,0,0,0,0,0,5,11,0.03,0.03,0,0,0.97,0.03,0,156,237,0.88,0.12,0,0,0,0,0,0,normal,21
0,icmp,ecr_i,SF,1032,0,0,0,0,0,0,0,0,0,0,0,0,0,0,0,0,0,301,294,0.0,0.0,0,0,0.97,0.01,0,255,255,1.0,0,0,0,0.0,0,0,0,smurf,16
0,tcp,http,REJ,1,0,0,0,0,0,0,0,0,0,0,0,0,0,0,0,0,0,296,169,0.89,0.89,0,0,0.99,0.02,0,255,34,0.06,0,0,0,0.89,0,0,0,back,16
6,tcp,smtp,SF,1185,2077,0,0,0,0,0,1,0,0,0,0,0,0,0,0,0,0,14,11,0.05,0.05,0,0,0.91,0.09,0,217,19,0.97,0.03,0,0,0,0,0,0,normal,21
2,tcp,http,SF,1280,5663,0,0,0,0,0,1,0,0,0,0,0,0,0,0,0,0,10,11,0.04,0.04,0,0,0.98,0.02,0,16,40,0.92,0.08,0,0,0,0,0,0,normal,21
1,tcp,domain_u,SF,909,4583,0,0,0,0,0,0,0,0,0,0,0,0,0,0,0,0,7,8,0.03,0.03,0,0,0.97,0.03,0,142,170,0.9,0.1,0,0,0,0,0,0,normal,21
0,tcp,http,S0,14,0,0,0,0,0,0,0,0,0,0,0,0,0,0,0,0,0,329,276,0.96,0.96,0,0,0.91,0.05,0,255,19,0.14,0,0,0,0.96,0,0,0,back,19
6,tcp,smtp,SF,1870,1264,0,0,0,0,0,1,0,0,0,0,0,0,0,0,0,0,1,4,0.02,0.02,0,0,0.97,0.03,0,23,207,0.9,0.1,0,0,0,0,0,0,normal,21
5,udp,domain_u,SF,160,4429,0,0,0,0,0,0,0,0,0,0,0,0,0,0,0,0,5,9,0.01,0.01,0,0,0.99,0.01,0,224,183,0.88,0.12,0,0,0,0,0,0,normal,21
0,tcp,http,REJ,5,0,0,0,0,0,0,0,0,0,0,0,0,0,0,0,0,0,428,123,0.85,0.85,0,0,0.97,0.0,0,255,43,0.14,0,0,0,0.85,0,0,0,teardrop,17
0,tcp,http,REJ,20,0,0,0,0,0,0,0,0,0,0,0,0,0,0,0,0,0,235,212,0.91,0.91,0,0,0.98,0.01,0,255,7,0.1,0,0,0,0.91,0,0,0,neptune,18
5,tcp,http,SF,268,13615,0,0,0,0,0,1,0,0,0,0,0,0,0,0,0,0,15,9,0.0,0.0,0,0,0.91,0.09,0,161,207,0.89,0.11,0,0,0,0,0,0,normal,21
0,udp,domain_u,SF,745,13901,0,0,0,0,0,0,0,0,0,0,0,0,0,0,0,0,2,11,0.05,0.05,0,0,0.93,0.07,0,48,248,0.93,0.07,0,0,0,0,0,0,normal,21
0,tcp,http,REJ,22,0,0,0,0,0,0,0,0,0,0,0,0,0,0,0,0,0,236,393,0.88,0.88,0,0,0.97,0.01,0,255,31,0.08,0,0,0,0.88,0,0,0,teardrop,15
0,tcp,private,S0,30,0,0,0,0,0,0,0,0,0,0,0,0,0,0,0,0,0,382,129,0.8,0.8,0,0,0.91,0.09,0,255,19,0.17,0,0,0,0.8,0,0,0,neptune,18
2,tcp,ftp_data,SF,511,8989,0,0,0,0,0,1,0,0,0,0,0,0,0,0,0,0,5,2,0.01,0.01,0,0,0.96,0.04,0,71,196,0.9,0.1,0,0,0,0,0,0,normal,21
4,udp,domain_u,SF,623,9678,0,0,0,0,0,0,0,0,0,0,0,0,0,0,0,0,14,3,0.04,0.04,0,0,0.92,0.08,0,108,77,0.93,0.07,0,0,0,0,0,0,normal,21
6,tcp,http,SF,860,14756,0,0,0,0,0,1,0,0,0,0,0,0,0,0,0,0,12,7,0.03,0.03,0,0,0.93,0.07,0,11,80,0.89,0.11,0,0,0,0,0,0,normal,21
8,tcp,http,SF,275,10173,0,0,0,0,0,1,0,0,0,0,0,0,0,0,0,0,13,11,0.0,0.0,0,0,0.91,0.09,0,252,149,0.88,0.12,0,0,0,0,0,0,normal,21
7,tcp,http,SF,1223,8781,0,0,0,0,0,1,0,0,0,0,0,0,0,0,0,0,10,12,0.01,0.01,0,0,0.94,0.06,0,201,13,0.94,0.06,0,0,0,0,0,0,normal,21
9,tcp,ftp_data,SF,1109,4985,0,0,0,0,0,1,0,0,0,0,0,0,0,0,0,0,9,8,0.03,0.03,0,0,0.98,0.02,0,76,114,1.0,0.0,0,0,0,0,0,0,normal,21
1,tcp,domain_u,SF,459,12077,0,0,0,0,0,0,0,0,0,0,0,0,0,0,0,0,10,8,0.03,0.03,0,0,0.99,0.01,0,243,98,0.91,0.09,0,0,0,0,0,0,normal,21
9,udp,http,SF,2221,6241,0,0,0,0,0,1,0,0,0,0,0,0,0,0,0,0,10,2,0.0,0.0,0,0,0.98,0.02,0,113,59,0.91,0.09,0,0,0,0,0,0,normal,21
5,icmp,eco_i,SH,76,39,0,0,0,0,0,0,0,0,0,0,0,0,0,0,0,0,2,1,0,0,0,0,0.08,0.93,0,169,3,0,0.55,0.85,0,0,0,0,0,ipsweep,18
0,icmp,private,RSTO,64,20,0,0,0,0,0,0,0,0,0,0,0,0,0,0,0,0,3,1,0,0,0,0,0.12,0.86,0,242,2,0,0.73,0.73,0,0,0,0,0,satan,15
10,udp,http,SF,785,6431,0,0,0,0,0,1,0,0,0,0,0,0,0,0,0,0,2,11,0.03,0.03,0,0,0.95,0.05,0,77,73,0.91,0.09,0,0,0,0,0,0,normal,21
9,udp,http,SF,563,3350,0,0,0,0,0,1,0,0,0,0,0,0,0,0,0,0,12,5,0.02,0.02,0,0,0.9,0.1,0,221,141,0.93,0.07,0,0,0,0,0,0,normal,21
10,tcp,ftp_data,SF,703,4297,0,0,0,0,0,1,0,0,0,0,0,0,0,0,0,0,2,11,0.05,0.05,0,0,0.96,0.04,0,121,236,0.96,0.04,0,0,0,0,0,0,normal,21
2,tcp,domain_u,SF,1864,8964,0,0,0,0,0,0,0,0,0,0,0,0,0,0,0,0,4,5,0.01,0.01,0,0,0.92,0.08,0,255,10,0.96,0.04,0,0,0,0,0,0,normal,21
0,tcp,private,S0,13,0,0,0,0,0,0,0,0,0,0,0,0,0,0,0,0,0,504,405,0.87,0.87,0,0,0.99,0.09,0,255,47,0.2,0,0,0,0.87,0,0,0,neptune,20
8,tcp,http,SF,348,8830,0,0,0,0,0,1,0,0,0,0,0,0,0,0,0,0,3,12,0.03,0.03,0,0,0.97,0.03,0,177,25,0.86,0.14,0,0,0,0,0,0,normal,21
0,udp,domain_u,SF,1327,4090,0,0,0,0,0,0,0,0,0,0,0,0,0,0,0,0,10,3,0.03,0.03,0,0,0.92,0.08,0,145,105,0.88,0.12,0,0,0,0,0,0,normal,21
0,tcp,http,S0,31,0,0,0,0,0,0,0,0,0,0,0,0,0,0,0,0,0,313,352,0.88,0.88,0,0,0.9,0.04,0,255,48,0.14,0,0,0,0.88,0,0,0,back,19
6,tcp,smtp,SF,1306,13782,0,0,0,0,0,1,0,0,0,0,0,0,0,0,0,0,8,2,0.01,0.01,0,0,0.97,0.03,0,60,139,0.86,0.14,0,0,0,0,0,0,normal,21
3,tcp,ftp_data,SF,2325,11835,0,0,0,0,0,1,0,0,0,0,0,0,0,0,0,0,1,8,0.0,0.0,0,0,0.92,0.08,0,51,171,0.88,0.12,0,0,0,0,0,0,normal,21
6,tcp,http,SF,1013,2397,0,0,0,0,0,1,0,0,0,0,0,0,0,0,0,0,1,7,0.02,0.02,0,0,0.95,0.05,0,197,173,0.98,0.02,0,0,0,0,0,0,normal,21
2,tcp,smtp,SF,1052,7923,0,0,0,0,0,1,0,0,0,0,0,0,0,0,0,0,4,5,0.02,0.02,0,0,0.91,0.09,0,130,20,0.95,0.05,0,0,0,0,0,0,normal,21
7,tcp,ftp_data,SF,1326,10009,0,0,0,0,0,1,0,0,0,0,0,0,0,0,0,0,8,11,0.03,0.03,0,0,0.97,0.03,0,80,120,0.87,0.13,0,0,0,0,0,0,normal,21
8,tcp,http,SF,856,3072,0,0,0,0,0,1,0,0,0,0,0,0,0,0,0,0,9,5,0.04,0.04,0,0,0.92,0.08,0,230,87,0.89,0.11,0,0,0,0,0,0,normal,21
0,icmp,ecr_i,SF,1032,0,0,0,0,0,0,0,0,0,0,0,0,0,0,0,0,0,476,431,0.0,0.0,0,0,0.95,0.06,0,255,255,1.0,0,0,0,0.0,0,0,0,smurf,17
0,tcp,private,REJ,10,0,0,0,0,0,0,0,0,0,0,0,0,0,0,0,0,0,319,168,0.83,0.83,0,0,0.92,0.0,0,255,43,0.06,0,0,0,0.83,0,0,0,teardrop,15
2,tcp,smtp,SF,2049,14740,0,0,0,0,0,1,0,0,0,0,0,0,0,0,0,0,4,4,0.02,0.02,0,0,0.96,0.04,0,65,82,0.88,0.12,0,0,0,0,0,0,normal,21
5,tcp,domain_u,SF,1836,12046,0,0,0,0,0,0,0,0,0,0,0,0,0,0,0,0,14,3,0.05,0.05,0,0,0.95,0.05,0,163,189,0.96,0.04,0,0,0,0,0,0,normal,21
0,tcp,private,REJ,36,0,0,0,0,0,0,0,0,0,0,0,0,0,0,0,0,0,183,480,0.9,0.9,0,0,0.96,0.02,0,255,16,0.14,0,0,0,0.9,0,0,0,back,15
0,tcp,private,S0,40,0,0,0,0,0,0,0,0,0,0,0,0,0,0,0,0,0,482,143,0.89,0.89,0,0,0.98,0.03,0,255,41,0.07,0,0,0,0.89,0,0,0,teardrop,16
3,tcp,smtp,SF,216,7915,0,0,0,0,0,1,0,0,0,0,0,0,0,0,0,0,10,10,0.0,0.0,0,0,0.93,0.07,0,106,92,0.86,0.14,0,0,0,0,0,0,normal,21
0,tcp,private,S0,1,0,0,0,0,0,0,0,0,0,0,0,0,0,0,0,0,0,351,288,0.84,0.84,0,0,0.99,0.06,0,255,43,0.12,0,0,0,0.84,0,0,0,neptune,17
5,tcp,http,SF,1985,3725,0,0,0,0,0,1,0,0,0,0,0,0,0,0,0,0,12,8,0.01,0.01,0,0,0.92,0.08,0,147,114,0.92,0.08,0,0,0,0,0,0,normal,21
8,tcp,domain_u,SF,1531,13554,0,0,0,0,0,0,0,0,0,0,0,0,0,0,0,0,2,9,0.01,0.01,0,0,0.91,0.09,0,83,64,0.96,0.04,0,0,0,0,0,0,normal,21
6,udp,http,SF,588,10213,0,0,0,0,0,1,0,0,0,0,0,0,0,0,0,0,7,1,0.02,0.02,0,0,0.98,0.02,0,189,225,0.85,0.15,0,0,0,0,0,0,normal,21
2,udp,http,SF,1249,12941,0,0,0,0,0,1,0,0,0,0,0,0,0,0,0,0,14,2,0.03,0.03,0,0,0.99,0.01,0,217,74,0.98,0.02,0,0,0,0,0,0,normal,21
0,tcp,http,S0,21,0,0,0,0,0,0,0,0,0,0,0,0,0,0,0,0,0,393,281,0.86,0.86,0,0,0.96,0.02,0,255,44,0.17,0,0,0,0.86,0,0,0,teardrop,16
4,tcp,other,REJ,90,11,0,0,0,0,0,0,0,0,0,0,0,0,0,0,0,0,6,1,0,0,0,0,0.07,0.87,0,211,4,0,0.75,0.87,0,0,0,0,0,portsweep,18
3,icmp,private,SF,21,32,0,0,0,0,0,0,0,0,0,0,0,0,0,0,0,0,18,1,0,0,0,0,0.17,0.77,0,167,8,0,0.67,0.66,0,0,0,0,0,satan,17
0,tcp,private,REJ,0,0,0,0,0,0,0,0,0,0,0,0,0,0,0,0,0,0,370,150,0.98,0.98,0,0,0.96,0.02,0,255,42,0.16,0,0,0,0.98,0,0,0,back,20
1,tcp,http,SF,1698,2314,0,0,0,0,0,1,0,0,0,0,0,0,0,0,0,0,15,7,0.0,0.0,0,0,0.96,0.04,0,219,156,0.88,0.12,0,0,0,0,0,0,normal,21
1,tcp,other,SH,33,49,0,0,0,0,0,0,0,0,0,0,0,0,0,0,0,0,3,1,0,0,0,0,0.15,0.87,0,227,10,0,0.89,0.84,0,0,0,0,0,portsweep,14
9,tcp,smtp,SF,1377,12411,0,0,0,0,0,1,0,0,0,0,0,0,0,0,0,0,5,11,0.01,0.01,0,0,1.0,0.0,0,43,72,0.96,0.04,0,0,0,0,0,0,normal,21
6,udp,ftp_data,SF,514,3611,0,0,0,0,0,1,0,0,0,0,0,0,0,0,0,0,13,10,0.01,0.01,0,0,0.98,0.02,0,28,226,0.89,0.11,0,0,0,0,0,0,normal,21
3,icmp,other,SH,69,6,0,0,0,0,0,0,0,0,0,0,0,0,0,0,0,0,18,1,0,0,0,0,0.07,0.7,0,206,6,0,0.72,0.7,0,0,0,0,0,satan,17
0,tcp,private,REJ,25,0,0,0,0,0,0,0,0,0,0,0,0,0,0,0,0,0,115,117,0.96,0.96,0,0,0.95,0.0,0,255,47,0.2,0,0,0,0.96,0,0,0,back,17
10,tcp,domain_u,SF,899,1761,0,0,0,0,0,0,0,0,0,0,0,0,0,0,0,0,9,1,0.04,0.04,0,0,0.98,0.02,0,127,181,0.98,0.02,0,0,0,0,0,0,normal,21
4,udp,http,SF,219,6681,0,0,0,0,0,1,0,0,0,0,0,0,0,0,0,0,15,12,0.02,0.02,0,0,0.95,0.05,0,60,237,0.91,0.09,0,0,0,0,0,0,normal,21
10,tcp,ftp,SF,509,348,0,0,0,3,0,1,0,0,0,0,0,0,0,0,0,1,1,1,0,0,0,0,0,0,0,13,8,0,0,0,0,0,0,0,0,warezclient,8
2,tcp,eco_i,SH,15,27,0,0,0,0,0,0,0,0,0,0,0,0,0,0,0,0,3,1,0,0,0,0,0.18,0.74,0,237,6,0,0.68,0.73,0,0,0,0,0,portsweep,18
0,tcp,http,SF,1460,7182,0,0,0,0,0,1,0,0,0,0,0,0,0,0,0,0,13,9,0.03,0.03,0,0,0.92,0.08,0,22,111,0.88,0.12,0,0,0,0,0,0,normal,21
4,udp,http,SF,859,10579,0,0,0,0,0,1,0,0,0,0,0,0,0,0,0,0,15,1,0.01,0.01,0,0,0.97,0.03,0,183,149,0.9,0.1,0,0,0,0,0,0,normal,21
0,tcp,ftp_data,SF,323,6444,0,0,0,0,0,1,0,0,0,0,0,0,0,0,0,0,10,8,0.03,0.03,0,0,0.95,0.05,0,226,253,0.9,0.1,0,0,0,0,0,0,normal,21
0,tcp,http,S0,2,0,0,0,0,0,0,0,0,0,0,0,0,0,0,0,0,0,420,104,0.95,0.95,0,0,0.93,0.04,0,255,50,0.05,0,0,0,0.95,0,0,0,back,17
0,icmp,ecr_i,SF,1032,0,0,0,0,0,0,0,0,0,0,0,0,0,0,0,0,0,415,450,0.0,0.0,0,0,0.98,0.01,0,255,255,1.0,0,0,0,0.0,0,0,0,smurf,17
0,tcp,http,S0,19,0,0,0,0,0,0,0,0,0,0,0,0,0,0,0,0,0,351,481,0.93,0.93,0,0,0.94,0.05,0,255,36,0.14,0,0,0,0.93,0,0,0,back,17
0,tcp,private,S0,35,0,0,0,0,0,0,0,0,0,0,0,0,0,0,0,0,0,350,128,0.92,0.92,0,0,0.93,0.08,0,255,44,0.16,0,0,0,0.92,0,0,0,back,19
0,icmp,ecr_i,SF,1032,0,0,0,0,0,0,0,0,0,0,0,0,0,0,0,0,0,348,274,0.0,0.0,0,0,0.92,0.09,0,255,255,1.0,0,0,0,0.0,0,0,0,smurf,18
1,tcp,ftp_data,SF,596,944,0,0,0,0,0,1,0,0,0,0,0,0,0,0,0,0,14,3,0.03,0.03,0,0,0.97,0.03,0,82,226,0.91,0.09,0,0,0,0,0,0,normal,21
69,tcp,telnet,SF,5654,5723,0,0,0,0,0,1,0,1,1,1,1,0,0,0,0,0,1,1,0,0,0,0,0,0,0,13,14,0,0,0,0,0,0,0,0,loadmodule,11
3,tcp,smtp,SF,2473,4637,0,0,0,0,0,1,0,0,0,0,0,0,0,0,0,0,13,4,0.02,0.02,0,0,0.9,0.1,0,154,40,0.92,0.08,0,0,0,0,0,0,normal,21
5,tcp,http,SF,1503,3276,0,0,0,0,0,1,0,0,0,0,0,0,0,0,0,0,15,2,0.04,0.04,0,0,0.99,0.01,0,215,52,0.9,0.1,0,0,0,0,0,0,normal,21
4,tcp,domain_u,SF,687,10832,0,0,0,0,0,0,0,0,0,0,0,0,0,0,0,0,1,10,0.03,0.03,0,0,0.92,0.08,0,27,71,0.97,0.03,0,0,0,0,0,0,normal,21
0,udp,http,SF,774,6932,0,0,0,0,0,1,0,0,0,0,0,0,0,0,0,0,13,10,0.03,0.03,0,0,0.97,0.03,0,226,189,0.89,0.11,0,0,0,0,0,0,normal,21
6,tcp,http,SF,593,14717,0,0,0,0,0,1,0,0,0,0,0,0,0,0,0,0,6,5,0.02,0.02,0,0,0.98,0.02,0,253,99,0.85,0.15,0,0,0,0,0,0,normal,21
0,tcp,private,S0,5,0,0,0,0,0,0,0,0,0,0,0,0,0,0,0,0,0,118,473,0.83,0.83,0,0,0.92,0.04,0,255,17,0.12,0,0,0,0.83,0,0,0,back,16
3,tcp,domain_u,SF,1965,12883,0,0,0,0,0,0,0,0,0,0,0,0,0,0,0,0,1,8,0.05,0.05,0,0,0.94,0.06,0,223,222,0.88,0.12,0,0,0,0,0,0,normal,21
1,udp,smtp,SF,1951,2749,0,0,0,0,0,1,0,0,0,0,0,0,0,0,0,0,14,11,0.01,0.01,0,0,1.0,0.0,0,23,34,0.93,0.07,0,0,0,0,0,0,normal,21
2,tcp,eco_i,SF,10,21,0,0,0,0,0,0,0,0,0,0,0,0,0,0,0,0,12,1,0,0,0,0,0.19,0.76,0,195,10,0,0.65,0.72,0,0,0,0,0,nmap,17
0,tcp,domain_u,SF,2069,11093,0,0,0,0,0,0,0,0,0,0,0,0,0,0,0,0,12,1,0.04,0.04,0,0,0.95,0.05,0,154,75,0.95,0.05,0,0,0,0,0,0,normal,21
0,tcp,other,SF,28,28,0,0,0,0,0,0,0,0,0,0,0,0,0,0,0,0,2,1,0,0,0,0,0.16,0.99,0,224,9,0,0.74,0.83,0,0,0,0,0,portsweep,12
9,tcp,smtp,SF,1530,4125,0,0,0,0,0,1,0,0,0,0,0,0,0,0,0,0,8,1,0.02,0.02,0,0,0.98,0.02,0,115,111,0.88,0.12,0,0,0,0,0,0,normal,21
8,tcp,http,SF,2173,13786,0,0,0,0,0,1,0,0,0,0,0,0,0,0,0,0,11,11,0.05,0.05,0,0,0.95,0.05,0,142,168,0.98,0.02,0,0,0,0,0,0,normal,21
4,icmp,eco_i,SF,26,25,0,0,0,0,0,0,0,0,0,0,0,0,0,0,0,0,12,1,0,0,0,0,0.11,0.92,0,198,8,0,0.93,0.92,0,0,0,0,0,ipsweep,18
7,tcp,http,SF,2301,3617,0,0,0,0,0,1,0,0,0,0,0,0,0,0,0,0,12,2,0.03,0.03,0,0,1.0,0.0,0,20,83,0.88,0.12,0,0,0,0,0,0,normal,21
7,udp,smtp,SF,1141,10299,0,0,0,0,0,1,0,0,0,0,0,0,0,0,0,0,14,10,0.01,0.01,0,0,0.93,0.07,0,159,46,0.85,0.15,0,0,0,0,0,0,normal,21
1,udp,ftp_data,SF,380,9911,0,0,0,0,0,1,0,0,0,0,0,0,0,0,0,0,13,6,0.04,0.04,0,0,0.98,0.02,0,123,47,0.89,0.11,0,0,0,0,0,0,normal,21
2,udp,ftp_data,SF,533,4051,0,0,0,0,0,1,0,0,0,0,0,0,0,0,0,0,2,3,0.03,0.03,0,0,0.91,0.09,0,62,197,0.99,0.01,0,0,0,0,0,0,normal,21
48,tcp,ftp,SF,768,564,0,0,0,2,0,1,0,0,0,0,0,0,0,0,0,1,1,1,0,0,0,0,0,0,0,23,17,0,0,0,0,0,0,0,0,warezclient,11
0,tcp,private,S0,44,0,0,0,0,0,0,0,0,0,0,0,0,0,0,0,0,0,305,449,0.89,0.89,0,0,0.98,0.01,0,255,50,0.03,0,0,0,0.89,0,0,0,neptune,16
0,tcp,http,REJ,15,0,0,0,0,0,0,0,0,0,0,0,0,0,0,0,0,0,154,322,0.8,0.8,0,0,0.99,0.05,0,255,38,0.03,0,0,0,0.8,0,0,0,teardrop,19
5,tcp,domain_u,SF,1810,634,0,0,0,0,0,0,0,0,0,0,0,0,0,0,0,0,15,10,0.02,0.02,0,0,1.0,0.0,0,98,132,0.96,0.04,0,0,0,0,0,0,normal,21
0,tcp,private,S0,43,0,0,0,0,0,0,0,0,0,0,0,0,0,0,0,0,0,326,230,0.96,0.96,0,0,0.93,0.02,0,255,24,0.07,0,0,0,0.96,0,0,0,neptune,18
4,tcp,http,SF,812,14829,0,0,0,0,0,1,0,0,0,0,0,0,0,0,0,0,15,1,0.05,0.05,0,0,0.98,0.02,0,138,199,0.93,0.07,0,0,0,0,0,0,normal,21
10,tcp,domain_u,SF,1671,12495,0,0,0,0,0,0,0,0,0,0,0,0,0,0,0,0,2,1,0.03,0.03,0,0,0.96,0.04,0,81,67,0.93,0.07,0,0,0,0,0,0,normal,21
9,tcp,smtp,SF,1074,12922,0,0,0,0,0,1,0,0,0,0,0,0,0,0,0,0,12,10,0.01,0.01,0,0,0.97,0.03,0,35,247,0.96,0.04,0,0,0,0,0,0,normal,21
1,tcp,http,SF,153,9668,0,0,0,0,0,1,0,0,0,0,0,0,0,0,0,0,4,9,0.0,0.0,0,0,0.91,0.09,0,219,107,0.88,0.12,0,0,0,0,0,0,normal,21
0,icmp,ecr_i,SF,1032,0,0,0,0,0,0,0,0,0,0,0,0,0,0,0,0,0,142,279,0.0,0.0,0,0,0.93,0.08,0,255,255,1.0,0,0,0,0.0,0,0,0,smurf,18
10,udp,domain_u,SF,2435,7129,0,0,0,0,0,0,0,0,0,0,0,0,0,0,0,0,1,12,0.04,0.04,0,0,0.91,0.09,0,23,189,0.91,0.09,0,0,0,0,0,0,normal,21
6,udp,domain_u,SF,2184,14934,0,0,0,0,0,0,0,0,0,0,0,0,0,0,0,0,11,3,0.01,0.01,0,0,0.9,0.1,0,209,198,0.99,0.01,0,0,0,0,0,0,normal,21
2,tcp,domain_u,SF,1758,10385,0,0,0,0,0,0,0,0,0,0,0,0,0,0,0,0,3,2,0.0,0.0,0,0,0.98,0.02,0,162,162,0.93,0.07,0,0,0,0,0,0,normal,21
0,tcp,private,REJ,38,0,0,0,0,0,0,0,0,0,0,0,0,0,0,0,0,0,363,399,0.95,0.95,0,0,0.95,0.08,0,255,25,0.06,0,0,0,0.95,0,0,0,back,15
1,tcp,private,SH,95,13,0,0,0,0,0,0,0,0,0,0,0,0,0,0,0,0,3,1,0,0,0,0,0.08,0.91,0,204,9,0,0.95,0.71,0,0,0,0,0,portsweep,18
2,tcp,http,SF,2055,1028,0,0,0,0,0,1,0,0,0,0,0,0,0,0,0,0,9,11,0.01,0.01,0,0,0.99,0.01,0,18,84,0.87,0.13,0,0,0,0,0,0,normal,21
0,tcp,http,REJ,25,0,0,0,0,0,0,0,0,0,0,0,0,0,0,0,0,0,361,364,0.85,0.85,0,0,0.92,0.09,0,255,35,0.1,0,0,0,0.85,0,0,0,back,16
0,tcp,http,REJ,18,0,0,0,0,0,0,0,0,0,0,0,0,0,0,0,0,0,202,405,0.82,0.82,0,0,0.92,0.01,0,255,13,0.09,0,0,0,0.82,0,0,0,neptune,20
10,udp,http,SF,2313,10366,0,0,0,0,0,1,0,0,0,0,0,0,0,0,0,0,4,12,0.03,0.03,0,0,0.97,0.03,0,22,26,0.9,0.1,0,0,0,0,0,0,normal,21
0,tcp,http,REJ,47,0,0,0,0,0,0,0,0,0,0,0,0,0,0,0,0,0,308,399,1.0,1.0,0,0,0.93,0.05,0,255,12,0.07,0,0,0,1.0,0,0,0,neptune,15
0,tcp,http,S0,18,0,0,0,0,0,0,0,0,0,0,0,0,0,0,0,0,0,380,387,0.84,0.84,0,0,0.91,0.05,0,255,29,0.11,0,0,0,0.84,0,0,0,back,19
7,tcp,ftp_data,SF,824,638,0,0,0,0,0,1,0,0,0,0,0,0,0,0,0,0,11,6,0.02,0.02,0,0,0.96,0.04,0,27,232,0.89,0.11,0,0,0,0,0,0,normal,21
3,udp,smtp,SF,632,13794,0,0,0,0,0,1,0,0,0,0,0,0,0,0,0,0,5,6,0.02,0.02,0,0,0.98,0.02,0,132,222,1.0,0.0,0,0,0,0,0,0,normal,21
1,tcp,domain_u,SF,2489,519,0,0,0,0,0,0,0,0,0,0,0,0,0,0,0,0,14,12,0.02,0.02,0,0,0.9,0.1,0,119,159,0.97,0.03,0,0,0,0,0,0,normal,21
3,udp,domain_u,SF,1884,7920,0,0,0,0,0,0,0,0,0,0,0,0,0,0,0,0,9,9,0.01,0.01,0,0,0.93,0.07,0,237,202,0.89,0.11,0,0,0,0,0,0,normal,21
4,tcp,ftp_data,SF,2376,2185,0,0,0,0,0,1,0,0,0,0,0,0,0,0,0,0,12,9,0.0,0.0,0,0,0.94,0.06,0,65,191,0.89,0.11,0,0,0,0,0,0,normal,21
0,tcp,private,S0,48,0,0,0,0,0,0,0,0,0,0,0,0,0,0,0,0,0,356,197,0.83,0.83,0,0,0.94,0.06,0,255,49,0.01,0,0,0,0.83,0,0,0,back,16
0,tcp,http,SF,724,2342,0,0,0,0,0,1,0,0,0,0,0,0,0,0,0,0,13,12,0.01,0.01,0,0,0.97,0.03,0,171,64,0.89,0.11,0,0,0,0,0,0,normal,21
0,tcp,private,S0,33,0,0,0,0,0,0,0,0,0,0,0,0,0,0,0,0,0,226,325,0.87,0.87,0,0,0.91,0.03,0,255,27,0.06,0,0,0,0.87,0,0,0,neptune,18
10,tcp,ftp_data,SF,1163,8231,0,0,0,0,0,1,0,0,0,0,0,0,0,0,0,0,10,9,0.01,0.01,0,0,0.97,0.03,0,87,61,0.87,0.13,0,0,0,0,0,0,normal,21
1,udp,http,SF,1008,13775,0,0,0,0,0,1,0,0,0,0,0,0,0,0,0,0,6,12,0.03,0.03,0,0,0.96,0.04,0,205,69,0.88,0.12,0,0,0,0,0,0,normal,21
0,tcp,http,REJ,20,0,0,0,0,0,0,0,0,0,0,0,0,0,0,0,0,0,451,404,0.94,0.94,0,0,0.93,0.04,0,255,9,0.13,0,0,0,0.94,0,0,0,teardrop,17
9,tcp,ftp_data,SF,1774,7035,0,0,0,0,0,1,0,0,0,0,0,0,0,0,0,0,3,8,0.04,0.04,0,0,1.0,0.0,0,39,181,0.9,0.1,0,0,0,0,0,0,normal,21
0,icmp,ecr_i,SF,1032,0,0,0,0,0,0,0,0,0,0,0,0,0,0,0,0,0,190,250,0.0,0.0,0,0,0.96,0.05,0,255,255,1.0,0,0,0,0.0,0,0,0,smurf,20
10,udp,http,SF,2052,13080,0,0,0,0,0,1,0,0,0,0,0,0,0,0,0,0,1,4,0.05,0.05,0,0,0.97,0.03,0,125,253,0.91,0.09,0,0,0,0,0,0,normal,21
4,icmp,private,RSTO,69,18,0,0,0,0,0,0,0,0,0,0,0,0,0,0,0,0,10,1,0,0,0,0,0.05,0.69,0,231,7,0,0.67,0.7,0,0,0,0,0,portsweep,12
3,tcp,private,REJ,9,26,0,0,0,0,0,0,0,0,0,0,0,0,0,0,0,0,7,1,0,0,0,0,0.1,0.83,0,196,2,0,0.55,0.88,0,0,0,0,0,nmap,15
0,tcp,http,S0,0,0,0,0,0,0,0,0,0,0,0,0,0,0,0,0,0,0,225,146,0.99,0.99,0,0,0.92,0.0,0,255,31,0.11,0,0,0,0.99,0,0,0,neptune,20
56,tcp,ftp,SF,781,931,0,0,0,4,0,1,0,0,0,0,0,0,0,0,0,1,1,1,0,0,0,0,0,0,0,28,3,0,0,0,0,0,0,0,0,warezclient,8
7,udp,http,SF,955,9027,0,0,0,0,0,1,0,0,0,0,0,0,0,0,0,0,8,12,0.03,0.03,0,0,0.99,0.01,0,100,61,0.97,0.03,0,0,0,0,0,0,normal,21
5,udp,ftp_data,SF,1792,9893,0,0,0,0,0,1,0,0,0,0,0,0,0,0,0,0,11,10,0.01,0.01,0,0,0.92,0.08,0,152,200,0.92,0.08,0,0,0,0,0,0,normal,21
10,tcp,domain_u,SF,2007,10017,0,0,0,0,0,0,0,0,0,0,0,0,0,0,0,0,4,7,0.04,0.04,0,0,0.91,0.09,0,58,230,0.86,0.14,0,0,0,0,0,0,normal,21
6,tcp,domain_u,SF,1164,14508,0,0,0,0,0,0,0,0,0,0,0,0,0,0,0,0,11,5,0.0,0.0,0,0,0.94,0.06,0,103,198,1.0,0.0,0,0,0,0,0,0,normal,21
3,icmp,private,REJ,63,22,0,0,0,0,0,0,0,0,0,0,0,0,0,0,0,0,18,1,0,0,0,0,0.15,0.69,0,174,3,0,0.79,0.85,0,0,0,0,0,nmap,15
0,tcp,http,REJ,9,0,0,0,0,0,0,0,0,0,0,0,0,0,0,0,0,0,143,317,0.91,0.91,0,0,0.94,0.0,0,255,11,0.14,0,0,0,0.91,0,0,0,back,18
0,icmp,ecr_i,SF,1032,0,0,0,0,0,0,0,0,0,0,0,0,0,0,0,0,0,299,290,0.0,0.0,0,0,0.93,0.03,0,255,255,1.0,0,0,0,0.0,0,0,0,smurf,15
3,tcp,http,SF,2428,12477,0,0,0,0,0,1,0,0,0,0,0,0,0,0,0,0,9,1,0.04,0.04,0,0,0.9,0.1,0,129,124,0.89,0.11,0,0,0,0,0,0,normal,21
0,tcp,private,REJ,47,0,0,0,0,0,0,0,0,0,0,0,0,0,0,0,0,0,157,248,0.91,0.91,0,0,0.96,0.02,0,255,13,0.16,0,0,0,0.91,0,0,0,neptune,18
0,tcp,http,REJ,41,0,0,0,0,0,0,0,0,0,0,0,0,0,0,0,0,0,412,341,0.81,0.81,0,0,0.96,0.1,0,255,15,0.02,0,0,0,0.81,0,0,0,neptune,19
5,udp,http,SF,2202,10779,0,0,0,0,0,1,0,0,0,0,0,0,0,0,0,0,2,1,0.02,0.02,0,0,0.95,0.05,0,46,121,1.0,0.0,0,0,0,0,0,0,normal,21
4,tcp,smtp,SF,741,5897,0,0,0,0,0,1,0,0,0,0,0,0,0,0,0,0,4,7,0.0,0.0,0,0,0.92,0.08,0,189,71,0.96,0.04,0,0,0,0,0,0,normal,21
3,tcp,private,REJ,26,42,0,0,0,0,0,0,0,0,0,0,0,0,0,0,0,0,15,1,0,0,0,0,0.15,0.83,0,194,7,0,0.63,0.79,0,0,0,0,0,satan,13
0,icmp,ecr_i,SF,1032,0,0,0,0,0,0,0,0,0,0,0,0,0,0,0,0,0,102,231,0.0,0.0,0,0,0.96,0.07,0,255,255,1.0,0,0,0,0.0,0,0,0,smurf,18
1,tcp,smtp,SF,2126,3943,0,0,0,0,0,1,0,0,0,0,0,0,0,0,0,0,7,8,0.0,0.0,0,0,0.91,0.09,0,195,241,0.89,0.11,0,0,0,0,0,0,normal,21
39,tcp,telnet,SF,3202,4747,0,0,0,0,0,1,0,1,1,4,2,0,0,0,0,0,1,1,0,0,0,0,0,0,0,3,12,0,0,0,0,0,0,0,0,buffer_overflow,10
5,udp,domain_u,SF,951,5092,0,0,0,0,0,0,0,0,0,0,0,0,0,0,0,0,2,5,0.01,0.01,0,0,0.92,0.08,0,70,210,0.9,0.1,0,0,0,0,0,0,normal,21
0,tcp,http,S0,30,0,0,0,0,0,0,0,0,0,0,0,0,0,0,0,0,0,355,323,0.99,0.99,0,0,0.97,0.01,0,255,12,0.1,0,0,0,0.99,0,0,0,back,20
0,tcp,private,S0,9,0,0,0,0,0,0,0,0,0,0,0,0,0,0,0,0,0,274,156,0.89,0.89,0,0,0.97,0.01,0,255,19,0.17,0,0,0,0.89,0,0,0,neptune,18
4,icmp,other,REJ,22,45,0,0,0,0,0,0,0,0,0,0,0,0,0,0,0,0,9,1,0,0,0,0,0.18,0.81,0,188,5,0,0.55,1.0,0,0,0,0,0,satan,18
2,tcp,http,SF,1914,1520,0,0,0,0,0,1,0,0,0,0,0,0,0,0,0,0,7,12,0.02,0.02,0,0,0.92,0.08,0,207,73,0.99,0.01,0,0,0,0,0,0,normal,21
0,tcp,private,S0,18,0,0,0,0,0,0,0,0,0,0,0,0,0,0,0,0,0,145,384,0.81,0.81,0,0,0.91,0.09,0,255,24,0.15,0,0,0,0.81,0,0,0,neptune,20
0,tcp,http,REJ,38,0,0,0,0,0,0,0,0,0,0,0,0,0,0,0,0,0,392,206,0.9,0.9,0,0,0.94,0.05,0,255,29,0.15,0,0,0,0.9,0,0,0,teardrop,17
0,tcp,domain_u,SF,948,1797,0,0,0,0,0,0,0,0,0,0,0,0,0,0,0,0,8,8,0.02,0.02,0,0,0.98,0.02,0,147,140,0.97,0.03,0,0,0,0,0,0,normal,21
4,udp,smtp,SF,1251,12437,0,0,0,0,0,1,0,0,0,0,0,0,0,0,0,0,12,9,0.0,0.0,0,0,0.97,0.03,0,31,201,0.96,0.04,0,0,0,0,0,0,normal,21
5,udp,http,SF,216,7669,0,0,0,0,0,1,0,0,0,0,0,0,0,0,0,0,7,7,0.04,0.04,0,0,0.99,0.01,0,192,238,0.87,0.13,0,0,0,0,0,0,normal,21
35,tcp,telnet,SF,691,1097,0,0,0,4,2,0,0,0,0,0,0,0,0,0,0,0,1,1,0,0,0,0,0,0,0,30,15,0,0,0,0,0,0,0,0,guess_passwd,8
7,tcp,domain_u,SF,527,7597,0,0,0,0,0,0,0,0,0,0,0,0,0,0,0,0,1,6,0.03,0.03,0,0,0.9,0.1,0,141,113,0.96,0.04,0,0,0,0,0,0,normal,21
7,tcp,http,SF,1091,5735,0,0,0,0,0,1,0,0,0,0,0,0,0,0,0,0,6,8,0.01,0.01,0,0,0.92,0.08,0,151,13,0.96,0.04,0,0,0,0,0,0,normal,21
0,icmp,eco_i,SF,32,21,0,0,0,0,0,0,0,0,0,0,0,0,0,0,0,0,9,1,0,0,0,0,0.17,0.87,0,253,3,0,0.93,0.83,0,0,0,0,0,ipsweep,16
0,tcp,private,REJ,5,0,0,0,0,0,0,0,0,0,0,0,0,0,0,0,0,0,303,271,0.84,0.84,0,0,0.95,0.08,0,255,47,0.19,0,0,0,0.84,0,0,0,teardrop,20
4,tcp,other,SH,45,5,0,0,0,0,0,0,0,0,0,0,0,0,0,0,0,0,13,1,0,0,0,0,0.16,0.76,0,165,6,0,0.7,0.65,0,0,0,0,0,portsweep,17
4,tcp,smtp,SF,2225,12664,0,0,0,0,0,1,0,0,0,0,0,0,0,0,0,0,7,1,0.03,0.03,0,0,0.99,0.01,0,118,213,0.92,0.08,0,0,0,0,0,0,normal,21
0,tcp,http,REJ,43,0,0,0,0,0,0,0,0,0,0,0,0,0,0,0,0,0,430,271,0.99,0.99,0,0,0.93,0.08,0,255,1,0.11,0,0,0,0.99,0,0,0,back,18
0,tcp,private,REJ,33,0,0,0,0,0,0,0,0,0,0,0,0,0,0,0,0,0,285,125,0.9,0.9,0,0,0.95,0.02,0,255,48,0.14,0,0,0,0.9,0,0,0,back,16
4,tcp,http,SF,921,3847,0,0,0,0,0,1,0,0,0,0,0,0,0,0,0,0,4,6,0.04,0.04,0,0,0.96,0.04,0,90,141,0.93,0.07,0,0,0,0,0,0,normal,21
0,tcp,http,S0,13,0,0,0,0,0,0,0,0,0,0,0,0,0,0,0,0,0,132,349,0.9,0.9,0,0,0.99,0.09,0,255,48,0.07,0,0,0,0.9,0,0,0,neptune,15
0,tcp,private,S0,21,0,0,0,0,0,0,0,0,0,0,0,0,0,0,0,0,0,330,495,0.95,0.95,0,0,0.95,0.07,0,255,30,0.08,0,0,0,0.95,0,0,0,neptune,20
0,tcp,http,REJ,39,0,0,0,0,0,0,0,0,0,0,0,0,0,0,0,0,0,248,133,0.95,0.95,0,0,0.95,0.01,0,255,39,0.09,0,0,0,0.95,0,0,0,neptune,19
4,tcp,http,SF,1399,10021,0,0,0,0,0,1,0,0,0,0,0,0,0,0,0,0,7,8,0.04,0.04,0,0,0.93,0.07,0,26,104,0.87,0.13,0,0,0,0,0,0,normal,21
2,icmp,private,RSTO,77,19,0,0,0,0,0,0,0,0,0,0,0,0,0,0,0,0,19,1,0,0,0,0,0.1,0.71,0,176,7,0,0.68,0.73,0,0,0,0,0,ipsweep,16
0,tcp,http,REJ,36,0,0,0,0,0,0,0,0,0,0,0,0,0,0,0,0,0,138,478,0.8,0.8,0,0,0.92,0.02,0,255,23,0.08,0,0,0,0.8,0,0,0,teardrop,16
5,icmp,private,SF,3,7,0,0,0,0,0,0,0,0,0,0,0,0,0,0,0,0,4,1,0,0,0,0,0.15,0.97,0,225,4,0,0.93,0.93,0,0,0,0,0,portsweep,18
9,tcp,ftp_data,SF,2131,10482,0,0,0,0,0,1,0,0,0,0,0,0,0,0,0,0,4,3,0.02,0.02,0,0,0.92,0.08,0,143,140,0.88,0.12,0,0,0,0,0,0,normal,21
0,tcp,private,REJ,47,0,0,0,0,0,0,0,0,0,0,0,0,0,0,0,0,0,286,377,0.96,0.96,0,0,0.93,0.08,0,255,42,0.06,0,0,0,0.96,0,0,0,neptune,17
5,icmp,eco_i,SH,10,47,0,0,0,0,0,0,0,0,0,0,0,0,0,0,0,0,12,1,0,0,0,0,0.17,0.76,0,185,4,0,0.53,0.89,0,0,0,0,0,satan,17
0,tcp,http,REJ,12,0,0,0,0,0,0,0,0,0,0,0,0,0,0,0,0,0,452,203,0.96,0.96,0,0,0.99,0.0,0,255,46,0.12,0,0,0,0.96,0,0,0,neptune,15
6,tcp,http,SF,1937,4179,0,0,0,0,0,1,0,0,0,0,0,0,0,0,0,0,11,4,0.04,0.04,0,0,0.9,0.1,0,211,125,0.85,0.15,0,0,0,0,0,0,normal,21
0,tcp,private,REJ,22,0,0,0,0,0,0,0,0,0,0,0,0,0,0,0,0,0,425,412,0.98,0.98,0,0,0.96,0.08,0,255,1,0.12,0,0,0,0.98,0,0,0,neptune,17
4,tcp,http,SF,374,11887,0,0,0,0,0,1,0,0,0,0,0,0,0,0,0,0,2,6,0.01,0.01,0,0,0.99,0.01,0,13,166,0.9,0.1,0,0,0,0,0,0,normal,21
4,tcp,domain_u,SF,916,12572,0,0,0,0,0,0,0,0,0,0,0,0,0,0,0,0,11,6,0.02,0.02,0,0,0.95,0.05,0,127,62,0.85,0.15,0,0,0,0,0,0,normal,21
4,tcp,http,SF,968,12961,0,0,0,0,0,1,0,0,0,0,0,0,0,0,0,0,3,5,0.03,0.03,0,0,0.97,0.03,0,251,218,0.99,0.01,0,0,0,0,0,0,normal,21
0,icmp,ecr_i,SF,1032,0,0,0,0,0,0,0,0,0,0,0,0,0,0,0,0,0,358,450,0.0,0.0,0,0,0.98,0.07,0,255,255,1.0,0,0,0,0.0,0,0,0,smurf,18
8,udp,http,SF,1023,11317,0,0,0,0,0,1,0,0,0,0,0,0,0,0,0,0,14,2,0.03,0.03,0,0,0.93,0.07,0,243,58,0.97,0.03,0,0,0,0,0,0,normal,21
5,tcp,ftp_data,SF,1492,14767,0,0,0,0,0,1,0,0,0,0,0,0,0,0,0,0,2,4,0.02,0.02,0,0,0.92,0.08,0,226,223,0.98,0.02,0,0,0,0,0,0,normal,21
8,udp,http,SF,1371,1241,0,0,0,0,0,1,0,0,0,0,0,0,0,0,0,0,6,12,0.04,0.04,0,0,0.92,0.08,0,140,245,0.9,0.1,0,0,0,0,0,0,normal,21
0,tcp,http,S0,11,0,0,0,0,0,0,0,0,0,0,0,0,0,0,0,0,0,296,315,0.93,0.93,0,0,0.93,0.1,0,255,44,0.09,0,0,0,0.93,0,0,0,back,16
8,tcp,http,SF,1333,8788,0,0,0,0,0,1,0,0,0,0,0,0,0,0,0,0,10,8,0.02,0.02,0,0,0.99,0.01,0,208,221,0.93,0.07,0,0,0,0,0,0,normal,21
5,udp,ftp_data,SF,571,9244,0,0,0,0,0,1,0,0,0,0,0,0,0,0,0,0,6,8,0.05,0.05,0,0,0.97,0.03,0,252,176,0.94,0.06,0,0,0,0,0,0,normal,21
0,tcp,private,REJ,29,0,0,0,0,0,0,0,0,0,0,0,0,0,0,0,0,0,101,291,0.97,0.97,0,0,0.92,0.08,0,255,29,0.07,0,0,0,0.97,0,0,0,teardrop,17
110,tcp,telnet,SF,4686,8429,0,0,0,0,0,1,0,1,1,2,1,0,0,0,0,0,1,1,0,0,0,0,0,0,0,14,20,0,0,0,0,0,0,0,0,buffer_overflow,5
22,tcp,ftp,SF,637,364,0,0,0,2,0,1,0,0,0,0,0,0,0,0,0,1,1,1,0,0,0,0,0,0,0,1,5,0,0,0,0,0,0,0,0,warezclient,11
10,tcp,http,SF,1768,1041,0,0,0,0,0,1,0,0,0,0,0,0,0,0,0,0,14,6,0.03,0.03,0,0,0.94,0.06,0,40,52,0.88,0.12,0,0,0,0,0,0,normal,21
6,udp,http,SF,397,3077,0,0,0,0,0,1,0,0,0,0,0,0,0,0,0,0,8,2,0.0,0.0,0,0,0.94,0.06,0,208,160,0.92,0.08,0,0,0,0,0,0,normal,21
9,tcp,ftp_data,SF,1140,5998,0,0,0,0,0,1,0,0,0,0,0,0,0,0,0,0,8,4,0.04,0.04,0,0,0.94,0.06,0,233,183,0.87,0.13,0,0,0,0,0,0,normal,21
5,tcp,ftp_data,SF,1315,14896,0,0,0,0,0,1,0,0,0,0,0,0,0,0,0,0,10,3,0.02,0.02,0,0,0.97,0.03,0,142,183,0.95,0.05,0,0,0,0,0,0,normal,21
9,tcp,ftp_data,SF,1379,11434,0,0,0,0,0,1,0,0,0,0,0,0,0,0,0,0,7,3,0.0,0.0,0,0,0.93,0.07,0,95,213,0.94,0.06,0,0,0,0,0,0,normal,21
5,tcp,http,SF,1548,7499,0,0,0,0,0,1,0,0,0,0,0,0,0,0,0,0,7,10,0.04,0.04,0,0,0.99,0.01,0,192,187,0.93,0.07,0,0,0,0,0,0,normal,21
0,tcp,private,REJ,21,0,0,0,0,0,0,0,0,0,0,0,0,0,0,0,0,0,273,386,0.93,0.93,0,0,0.94,0.04,0,255,20,0.13,0,0,0,0.93,0,0,0,neptune,16
3,udp,ftp_data,SF,2034,5136,0,0,0,0,0,1,0,0,0,0,0,0,0,0,0,0,13,1,0.01,0.01,0,0,0.93,0.07,0,188,230,0.98,0.02,0,0,0,0,0,0,normal,21
3,tcp,eco_i,REJ,45,30,0,0,0,0,0,0,0,0,0,0,0,0,0,0,0,0,8,1,0,0,0,0,0.11,0.72,0,216,6,0,0.51,0.97,0,0,0,0,0,satan,18
3,tcp,http,SF,780,13772,0,0,0,0,0,1,0,0,0,0,0,0,0,0,0,0,6,4,0.02,0.02,0,0,0.98,0.02,0,141,46,0.99,0.01,0,0,0,0,0,0,normal,21
0,tcp,http,REJ,4,0,0,0,0,0,0,0,0,0,0,0,0,0,0,0,0,0,396,330,0.87,0.87,0,0,0.98,0.05,0,255,2,0.06,0,0,0,0.87,0,0,0,back,18
8,udp,http,SF,1128,13048,0,0,0,0,0,1,0,0,0,0,0,0,0,0,0,0,6,3,0.03,0.03,0,0,0.91,0.09,0,139,195,0.94,0.06,0,0,0,0,0,0,normal,21
8,udp,smtp,SF,1002,5569,0,0,0,0,0,1,0,0,0,0,0,0,0,0,0,0,12,1,0.03,0.03,0,0,0.97,0.03,0,104,45,0.94,0.06,0,0,0,0,0,0,normal,21
8,tcp,ftp_data,SF,1271,510,0,0,0,0,0,1,0,0,0,0,0,0,0,0,0,0,1,10,0.03,0.03,0,0,0.99,0.01,0,233,72,0.99,0.01,0,0,0,0,0,0,normal,21
0,tcp,private,SH,64,47,0,0,0,0,0,0,0,0,0,0,0,0,0,0,0,0,13,1,0,0,0,0,0.09,0.97,0,212,2,0,0.91,0.68,0,0,0,0,0,nmap,18
0,tcp,private,REJ,49,0,0,0,0,0,0,0,0,0,0,0,0,0,0,0,0,0,250,178,0.85,0.85,0,0,0.91,0.05,0,255,27,0.01,0,0,0,0.85,0,0,0,teardrop,16
0,tcp,private,REJ,8,0,0,0,0,0,0,0,0,0,0,0,0,0,0,0,0,0,130,162,0.85,0.85,0,0,0.92,0.0,0,255,3,0.08,0,0,0,0.85,0,0,0,back,17
0,icmp,ecr_i,SF,1032,0,0,0,0,0,0,0,0,0,0,0,0,0,0,0,0,0,384,104,0.0,0.0,0,0,0.93,0.06,0,255,255,1.0,0,0,0,0.0,0,0,0,smurf,19
0,tcp,http,S0,0,0,0,0,0,0,0,0,0,0,0,0,0,0,0,0,0,0,380,355,0.88,0.88,0,0,0.98,0.07,0,255,38,0.01,0,0,0,0.88,0,0,0,teardrop,16
7,tcp,domain_u,SF,309,11705,0,0,0,0,0,0,0,0,0,0,0,0,0,0,0,0,6,5,0.04,0.04,0,0,0.93,0.07,0,177,128,0.92,0.08,0,0,0,0,0,0,normal,21
7,tcp,domain_u,SF,1836,11016,0,0,0,0,0,0,0,0,0,0,0,0,0,0,0,0,3,3,0.0,0.0,0,0,0.98,0.02,0,240,221,0.96,0.04,0,0,0,0,0,0,normal,21
10,udp,ftp_data,SF,1403,2796,0,0,0,0,0,1,0,0,0,0,0,0,0,0,0,0,12,3,0.02,0.02,0,0,0.91,0.09,0,140,32,0.89,0.11,0,0,0,0,0,0,normal,21
3,tcp,private,REJ,54,0,0,0,0,0,0,0,0,0,0,0,0,0,0,0,0,0,8,1,0,0,0,0,0.09,0.67,0,245,3,0,0.79,0.77,0,0,0,0,0,satan,18
0,tcp,private,S0,29,0,0,0,0,0,0,0,0,0,0,0,0,0,0,0,0,0,448,303,0.93,0.93,0,0,0.94,0.08,0,255,6,0.1,0,0,0,0.93,0,0,0,neptune,16
0,icmp,ecr_i,SF,1032,0,0,0,0,0,0,0,0,0,0,0,0,0,0,0,0,0,299,434,0.0,0.0,0,0,0.92,0.06,0,255,255,1.0,0,0,0,0.0,0,0,0,smurf,20
0,tcp,http,S0,5,0,0,0,0,0,0,0,0,0,0,0,0,0,0,0,0,0,208,511,0.84,0.84,0,0,0.96,0.09,0,255,36,0.05,0,0,0,0.84,0,0,0,neptune,20
0,tcp,http,REJ,24,0,0,0,0,0,0,0,0,0,0,0,0,0,0,0,0,0,208,315,1.0,1.0,0,0,0.95,0.03,0,255,20,0.05,0,0,0,1.0,0,0,0,neptune,16
3,udp,domain_u,SF,1139,5473,0,0,0,0,0,0,0,0,0,0,0,0,0,0,0,0,6,6,0.03,0.03,0,0,0.95,0.05,0,172,99,0.88,0.12,0,0,0,0,0,0,normal,21
3,tcp,smtp,SF,721,5343,0,0,0,0,0,1,0,0,0,0,0,0,0,0,0,0,7,4,0.02,0.02,0,0,0.97,0.03,0,124,124,0.98,0.02,0,0,0,0,0,0,normal,21
10,tcp,http,SF,2241,9012,0,0,0,0,0,1,0,0,0,0,0,0,0,0,0,0,1,7,0.02,0.02,0,0,0.96,0.04,0,20,244,0.87,0.13,0,0,0,0,0,0,normal,21
0,tcp,private,REJ,34,0,0,0,0,0,0,0,0,0,0,0,0,0,0,0,0,0,486,244,0.86,0.86,0,0,0.99,0.01,0,255,17,0.01,0,0,0,0.86,0,0,0,neptune,16
7,tcp,domain_u,SF,1211,9934,0,0,0,0,0,0,0,0,0,0,0,0,0,0,0,0,13,2,0.03,0.03,0,0,0.97,0.03,0,228,35,0.98,0.02,0,0,0,0,0,0,normal,21
3,tcp,ftp_data,SF,1358,14059,0,0,0,0,0,1,0,0,0,0,0,0,0,0,0,0,2,8,0.04,0.04,0,0,0.95,0.05,0,235,138,0.9,0.1,0,0,0,0,0,0,normal,21
9,udp,http,SF,1200,9355,0,0,0,0,0,1,0,0,0,0,0,0,0,0,0,0,4,2,0.05,0.05,0,0,0.95,0.05,0,116,31,0.98,0.02,0,0,0,0,0,0,normal,21
0,udp,domain_u,SF,1496,11156,0,0,0,0,0,0,0,0,0,0,0,0,0,0,0,0,8,5,0.02,0.02,0,0,0.92,0.08,0,149,204,0.92,0.08,0,0,0,0,0,0,normal,21
1,tcp,http,SF,257,12780,0,0,0,0,0,1,0,0,0,0,0,0,0,0,0,0,11,12,0.01,0.01,0,0,0.94,0.06,0,171,192,0.98,0.02,0,0,0,0,0,0,normal,21
9,tcp,http,SF,469,3797,0,0,0,0,0,1,0,0,0,0,0,0,0,0,0,0,15,8,0.0,0.0,0,0,0.95,0.05,0,103,226,0.89,0.11,0,0,0,0,0,0,normal,21
1,udp,smtp,SF,2431,10340,0,0,0,0,0,1,0,0,0,0,0,0,0,0,0,0,10,3,0.02,0.02,0,0,0.99,0.01,0,40,94,0.99,0.01,0,0,0,0,0,0,normal,21
2,udp,http,SF,233,6727,0,0,0,0,0,1,0,0,0,0,0,0,0,0,0,0,9,10,0.03,0.03,0,0,0.94,0.06,0,206,226,0.95,0.05,0,0,0,0,0,0,normal,21
0,tcp,private,S0,39,0,0,0,0,0,0,0,0,0,0,0,0,0,0,0,0,0,450,315,0.99,0.99,0,0,0.91,0.1,0,255,29,0.09,0,0,0,0.99,0,0,0,neptune,19
5,tcp,eco_i,RSTO,3,4,0,0,0,0,0,0,0,0,0,0,0,0,0,0,0,0,8,1,0,0,0,0,0.12,0.81,0,159,5,0,0.93,0.72,0,0,0,0,0,ipsweep,13
5,tcp,ftp_data,SF,857,10530,0,0,0,0,0,1,0,0,0,0,0,0,0,0,0,0,9,10,0.02,0.02,0,0,0.9,0.1,0,238,222,0.91,0.09,0,0,0,0,0,0,normal,21
0,tcp,http,REJ,46,0,0,0,0,0,0,0,0,0,0,0,0,0,0,0,0,0,488,456,0.86,0.86,0,0,0.96,0.06,0,255,20,0.1,0,0,0,0.86,0,0,0,teardrop,15
2,tcp,smtp,SF,1906,10008,0,0,0,0,0,1,0,0,0,0,0,0,0,0,0,0,10,10,0.01,0.01,0,0,0.92,0.08,0,106,241,0.94,0.06,0,0,0,0,0,0,normal,21
2,tcp,http,SF,1248,8425,0,0,0,0,0,1,0,0,0,0,0,0,0,0,0,0,10,8,0.0,0.0,0,0,0.99,0.01,0,250,128,0.99,0.01,0,0,0,0,0,0,normal,21
9,tcp,http,SF,987,6540,0,0,0,0,0,1,0,0,0,0,0,0,0,0,0,0,12,5,0.03,0.03,0,0,0.93,0.07,0,33,128,0.89,0.11,0,0,0,0,0,0,normal,21
10,tcp,http,SF,1231,12141,0,0,0,0,0,1,0,0,0,0,0,0,0,0,0,0,14,8,0.02,0.02,0,0,0.93,0.07,0,154,141,0.86,0.14,0,0,0,0,0,0,normal,21
2,tcp,http,SF,1852,9883,0,0,0,0,0,1,0,0,0,0,0,0,0,0,0,0,5,9,0.04,0.04,0,0,0.91,0.09,0,201,13,0.94,0.06,0,0,0,0,0,0,normal,21
9,udp,smtp,SF,783,8103,0,0,0,0,0,1,0,0,0,0,0,0,0,0,0,0,5,3,0.02,0.02,0,0,0.94,0.06,0,206,184,0.91,0.09,0,0,0,0,0,0,normal,21
10,udp,domain_u,SF,2152,7746,0,0,0,0,0,0,0,0,0,0,0,0,0,0,0,0,8,10,0.01,0.01,0,0,0.96,0.04,0,139,166,0.91,0.09,0,0,0,0,0,0,normal,21
0,tcp,private,S0,6,0,0,0,0,0,0,0,0,0,0,0,0,0,0,0,0,0,349,255,0.82,0.82,0,0,0.91,0.09,0,255,21,0.08,0,0,0,0.82,0,0,0,teardrop,19
10,udp,smtp,SF,2154,4231,0,0,0,0,0,1,0,0,0,0,0,0,0,0,0,0,12,3,0.05,0.05,0,0,0.95,0.05,0,171,39,0.9,0.1,0,0,0,0,0,0,normal,21
0,tcp,domain_u,SF,417,465,0,0,0,0,0,0,0,0,0,0,0,0,0,0,0,0,13,9,0.04,0.04,0,0,0.99,0.01,0,55,25,0.96,0.04,0,0,0,0,0,0,normal,21
3,udp,smtp,SF,692,10850,0,0,0,0,0,1,0,0,0,0,0,0,0,0,0,0,8,10,0.04,0.04,0,0,0.99,0.01,0,29,109,0.94,0.06,0,0,0,0,0,0,normal,21
0,icmp,ecr_i,SF,1032,0,0,0,0,0,0,0,0,0,0,0,0,0,0,0,0,0,127,192,0.0,0.0,0,0,0.99,0.09,0,255,255,1.0,0,0,0,0.0,0,0,0,smurf,16
0,tcp,ftp_data,SF,1244,3191,0,0,0,0,0,1,0,0,0,0,0,0,0,0,0,0,1,12,0.01,0.01,0,0,0.92,0.08,0,189,18,0.85,0.15,0,0,0,0,0,0,normal,21
2,tcp,smtp,SF,878,9115,0,0,0,0,0,1,0,0,0,0,0,0,0,0,0,0,3,3,0.04,0.04,0,0,0.97,0.03,0,51,67,0.96,0.04,0,0,0,0,0,0,normal,21
9,tcp,http,SF,228,13288,0,0,0,0,0,1,0,0,0,0,0,0,0,0,0,0,3,7,0.02,0.02,0,0,0.95,0.05,0,19,82,0.89,0.11,0,0,0,0,0,0,normal,21
5,icmp,eco_i,SF,31,1,0,0,0,0,0,0,0,0,0,0,0,0,0,0,0,0,1,1,0,0,0,0,0.16,0.89,0,217,10,0,0.57,0.64,0,0,0,0,0,satan,18
0,tcp,http,S0,3,0,0,0,0,0,0,0,0,0,0,0,0,0,0,0,0,0,454,202,0.94,0.94,0,0,0.97,0.07,0,255,48,0.16,0,0,0,0.94,0,0,0,back,17
0,icmp,ecr_i,SF,1032,0,0,0,0,0,0,0,0,0,0,0,0,0,0,0,0,0,348,249,0.0,0.0,0,0,0.93,0.1,0,255,255,1.0,0,0,0,0.0,0,0,0,smurf,17
7,udp,http,SF,250,421,0,0,0,0,0,1,0,0,0,0,0,0,0,0,0,0,15,7,0.02,0.02,0,0,0.97,0.03,0,58,226,1.0,0.0,0,0,0,0,0,0,normal,21
9,tcp,http,SF,1840,12934,0,0,0,0,0,1,0,0,0,0,0,0,0,0,0,0,15,2,0.0,0.0,0,0,0.9,0.1,0,187,32,0.93,0.07,0,0,0,0,0,0,normal,21
10,tcp,ftp_data,SF,1299,7665,0,0,0,0,0,1,0,0,0,0,0,0,0,0,0,0,12,9,0.0,0.0,0,0,0.99,0.01,0,60,26,0.88,0.12,0,0,0,0,0,0,normal,21
0,tcp,private,S0,46,0,0,0,0,0,0,0,0,0,0,0,0,0,0,0,0,0,136,206,0.98,0.98,0,0,0.93,0.01,0,255,7,0.03,0,0,0,0.98,0,0,0,back,18
8,tcp,http,SF,2358,1347,0,0,0,0,0,1,0,0,0,0,0,0,0,0,0,0,4,5,0.0,0.0,0,0,0.92,0.08,0,179,88,0.85,0.15,0,0,0,0,0,0,normal,21
81,tcp,telnet,SF,1721,2492,0,0,0,0,0,1,0,1,1,1,1,0,0,0,0,0,1,1,0,0,0,0,0,0,0,3,15,0,0,0,0,0,0,0,0,rootkit,8
10,udp,ftp_data,SF,1510,960,0,0,0,0,0,1,0,0,0,0,0,0,0,0,0,0,10,6,0.05,0.05,0,0,0.93,0.07,0,173,226,0.93,0.07,0,0,0,0,0,0,normal,21
0,icmp,ecr_i,SF,1032,0,0,0,0,0,0,0,0,0,0,0,0,0,0,0,0,0,434,142,0.0,0.0,0,0,0.93,0.02,0,255,255,1.0,0,0,0,0.0,0,0,0,smurf,17
0,tcp,http,S0,23,0,0,0,0,0,0,0,0,0,0,0,0,0,0,0,0,0,109,149,0.92,0.92,0,0,0.94,0.1,0,255,40,0.12,0,0,0,0.92,0,0,0,back,20
6,tcp,ftp_data,SF,1777,11514,0,0,0,0,0,1,0,0,0,0,0,0,0,0,0,0,13,11,0.03,0.03,0,0,0.96,0.04,0,43,79,0.94,0.06,0,0,0,0,0,0,normal,21
1,tcp,ftp_data,SF,2398,14593,0,0,0,0,0,1,0,0,0,0,0,0,0,0,0,0,10,11,0.0,0.0,0,0,0.98,0.02,0,187,240,0.91,0.09,0,0,0,0,0,0,normal,21
0,icmp,ecr_i,SF,1032,0,0,0,0,0,0,0,0,0,0,0,0,0,0,0,0,0,257,146,0.0,0.0,0,0,0.91,0.03,0,255,255,1.0,0,0,0,0.0,0,0,0,smurf,19
1,tcp,http,SF,2059,2338,0,0,0,0,0,1,0,0,0,0,0,0,0,0,0,0,5,10,0.03,0.03,0,0,0.91,0.09,0,27,22,0.9,0.1,0,0,0,0,0,0,normal,21
0,tcp,private,S0,38,0,0,0,0,0,0,0,0,0,0,0,0,0,0,0,0,0,247,198,0.91,0.91,0,0,0.92,0.09,0,255,2,0.08,0,0,0,0.91,0,0,0,neptune,18
5,tcp,domain_u,SF,1087,3832,0,0,0,0,0,0,0,0,0,0,0,0,0,0,0,0,3,3,0.05,0.05,0,0,0.94,0.06,0,46,106,0.95,0.05,0,0,0,0,0,0,normal,21
1,udp,smtp,SF,1506,11162,0,0,0,0,0,1,0,0,0,0,0,0,0,0,0,0,3,4,0.01,0.01,0,0,0.95,0.05,0,222,101,0.93,0.07,0,0,0,0,0,0,normal,21
9,tcp,domain_u,SF,2269,12610,0,0,0,0,0,0,0,0,0,0,0,0,0,0,0,0,3,10,0.04,0.04,0,0,0.98,0.02,0,33,52,0.91,0.09,0,0,0,0,0,0,normal,21
11,tcp,ftp,SF,521,2829,0,0,0,2,0,1,0,0,0,0,0,0,0,0,0,1,1,1,0,0,0,0,0,0,0,16,26,0,0,0,0,0,0,0,0,warezclient,12
4,udp,domain_u,SF,2310,12516,0,0,0,0,0,0,0,0,0,0,0,0,0,0,0,0,10,11,0.0,0.0,0,0,0.91,0.09,0,47,148,0.99,0.01,0,0,0,0,0,0,normal,21
0,tcp,private,S0,45,0,0,0,0,0,0,0,0,0,0,0,0,0,0,0,0,0,288,463,0.91,0.91,0,0,0.99,0.07,0,255,27,0.01,0,0,0,0.91,0,0,0,teardrop,16
5,tcp,ftp_data,SF,1792,3964,0,0,0,0,0,1,0,0,0,0,0,0,0,0,0,0,9,1,0.04,0.04,0,0,0.93,0.07,0,173,164,0.91,0.09,0,0,0,0,0,0,normal,21
4,tcp,http,SF,599,5322,0,0,0,0,0,1,0,0,0,0,0,0,0,0,0,0,13,3,0.03,0.03,0,0,0.93,0.07,0,96,212,0.93,0.07,0,0,0,0,0,0,normal,21
10,udp,ftp_data,SF,288,7750,0,0,0,0,0,1,0,0,0,0,0,0,0,0,0,0,9,7,0.02,0.02,0,0,0.97,0.03,0,244,77,0.96,0.04,0,0,0,0,0,0,normal,21
2,tcp,http,SF,946,8561,0,0,0,0,0,1,0,0,0,0,0,0,0,0,0,0,2,10,0.02,0.02,0,0,0.94,0.06,0,120,39,0.92,0.08,0,0,0,0,0,0,normal,21
3,tcp,http,SF,2281,2610,0,0,0,0,0,1,0,0,0,0,0,0,0,0,0,0,4,1,0.01,0.01,0,0,0.94,0.06,0,236,228,0.95,0.05,0,0,0,0,0,0,normal,21
7,udp,ftp_data,SF,1883,1067,0,0,0,0,0,1,0,0,0,0,0,0,0,0,0,0,4,4,0.0,0.0,0,0,0.95,0.05,0,141,40,0.85,0.15,0,0,0,0,0,0,normal,21
0,tcp,private,REJ,12,0,0,0,0,0,0,0,0,0,0,0,0,0,0,0,0,0,431,280,0.82,0.82,0,0,0.93,0.03,0,255,34,0.06,0,0,0,0.82,0,0,0,teardrop,15
9,tcp,http,SF,767,366,0,0,0,0,0,1,0,0,0,0,0,0,0,0,0,0,10,1,0.01,0.01,0,0,0.99,0.01,0,62,71,0.91,0.09,0,0,0,0,0,0,normal,21
3,icmp,other,RSTO,68,0,0,0,0,0,0,0,0,0,0,0,0,0,0,0,0,0,5,1,0,0,0,0,0.12,0.69,0,173,8,0,0.57,0.98,0,0,0,0,0,nmap,17
4,udp,http,SF,1863,4143,0,0,0,0,0,1,0,0,0,0,0,0,0,0,0,0,12,2,0.01,0.01,0,0,0.96,0.04,0,174,203,0.97,0.03,0,0,0,0,0,0,normal,21
7,tcp,http,SF,321,600,0,0,0,0,0,1,0,0,0,0,0,0,0,0,0,0,7,6,0.02,0.02,0,0,0.91,0.09,0,47,107,0.99,0.01,0,0,0,0,0,0,normal,21
0,tcp,private,REJ,37,0,0,0,0,0,0,0,0,0,0,0,0,0,0,0,0,0,235,177,0.96,0.96,0,0,0.93,0.07,0,255,50,0.09,0,0,0,0.96,0,0,0,neptune,17
7,tcp,smtp,SF,933,14452,0,0,0,0,0,1,0,0,0,0,0,0,0,0,0,0,6,2,0.04,0.04,0,0,0.92,0.08,0,246,20,0.97,0.03,0,0,0,0,0,0,normal,21
9,udp,ftp_data,SF,1940,1881,0,0,0,0,0,1,0,0,0,0,0,0,0,0,0,0,9,4,0.02,0.02,0,0,0.93,0.07,0,230,65,0.98,0.02,0,0,0,0,0,0,normal,21
3,udp,http,SF,2258,6315,0,0,0,0,0,1,0,0,0,0,0,0,0,0,0,0,7,3,0.03,0.03,0,0,0.91,0.09,0,166,71,0.9,0.1,0,0,0,0,0,0,normal,21
16,tcp,ftp,SF,330,2245,0,0,0,2,0,1,0,0,0,0,0,0,0,0,0,1,1,1,0,0,0,0,0,0,0,13,26,0,0,0,0,0,0,0,0,warezclient,11
10,udp,http,SF,1828,1621,0,0,0,0,0,1,0,0,0,0,0,0,0,0,0,0,13,1,0.04,0.04,0,0,0.95,0.05,0,194,252,0.94,0.06,0,0,0,0,0,0,normal,21
2,tcp,ftp_data,SF,327,2254,0,0,0,0,0,1,0,0,0,0,0,0,0,0,0,0,2,10,0.03,0.03,0,0,0.98,0.02,0,15,143,0.86,0.14,0,0,0,0,0,0,normal,21
2,tcp,other,REJ,80,28,0,0,0,0,0,0,0,0,0,0,0,0,0,0,0,0,19,1,0,0,0,0,0.07,0.98,0,249,7,0,0.68,0.75,0,0,0,0,0,ipsweep,13
4,tcp,ftp_data,SF,749,11552,0,0,0,0,0,1,0,0,0,0,0,0,0,0,0,0,13,6,0.04,0.04,0,0,0.92,0.08,0,46,246,0.96,0.04,0,0,0,0,0,0,normal,21
0,tcp,http,S0,31,0,0,0,0,0,0,0,0,0,0,0,0,0,0,0,0,0,246,193,0.87,0.87,0,0,0.91,0.02,0,255,30,0.04,0,0,0,0.87,0,0,0,neptune,16
0,tcp,http,S0,41,0,0,0,0,0,0,0,0,0,0,0,0,0,0,0,0,0,207,364,0.9,0.9,0,0,0.97,0.01,0,255,42,0.13,0,0,0,0.9,0,0,0,back,20
5,udp,domain_u,SF,2364,12810,0,0,0,0,0,0,0,0,0,0,0,0,0,0,0,0,15,8,0.05,0.05,0,0,0.93,0.07,0,179,55,0.99,0.01,0,0,0,0,0,0,normal,21
0,tcp,http,S0,33,0,0,0,0,0,0,0,0,0,0,0,0,0,0,0,0,0,195,454,0.99,0.99,0,0,0.94,0.04,0,255,21,0.13,0,0,0,0.99,0,0,0,teardrop,15
0,tcp,private,S0,5,0,0,0,0,0,0,0,0,0,0,0,0,0,0,0,0,0,115,469,0.82,0.82,0,0,0.96,0.01,0,255,10,0.14,0,0,0,0.82,0,0,0,neptune,15
0,udp,domain_u,SF,1403,3389,0,0,0,0,0,0,0,0,0,0,0,0,0,0,0,0,4,7,0.02,0.02,0,0,0.98,0.02,0,240,206,0.89,0.11,0,0,0,0,0,0,normal,21
5,tcp,http,SF,1881,5008,0,0,0,0,0,1,0,0,0,0,0,0,0,0,0,0,14,9,0.01,0.01,0,0,0.94,0.06,0,125,191,0.98,0.02,0,0,0,0,0,0,normal,21
0,tcp,private,REJ,50,0,0,0,0,0,0,0,0,0,0,0,0,0,0,0,0,0,236,416,0.84,0.84,0,0,0.94,0.01,0,255,45,0.08,0,0,0,0.84,0,0,0,neptune,18
9,udp,http,SF,2281,9464,0,0,0,0,0,1,0,0,0,0,0,0,0,0,0,0,12,4,0.01,0.01,0,0,0.93,0.07,0,131,246,0.98,0.02,0,0,0,0,0,0,normal,21
6,tcp,http,SF,583,7277,0,0,0,0,0,1,0,0,0,0,0,0,0,0,0,0,2,6,0.01,0.01,0,0,0.99,0.01,0,106,97,0.94,0.06,0,0,0,0,0,0,normal,21
0,tcp,private,REJ,18,0,0,0,0,0,0,0,0,0,0,0,0,0,0,0,0,0,452,438,0.86,0.86,0,0,0.97,0.01,0,255,14,0.19,0,0,0,0.86,0,0,0,teardrop,18
0,tcp,private,S0,22,0,0,0,0,0,0,0,0,0,0,0,0,0,0,0,0,0,192,145,0.82,0.82,0,0,0.98,0.09,0,255,28,0.11,0,0,0,0.82,0,0,0,neptune,18
4,tcp,other,SF,88,27,0,0,0,0,0,0,0,0,0,0,0,0,0,0,0,0,14,1,0,0,0,0,0.15,0.91,0,204,3,0,0.58,0.81,0,0,0,0,0,satan,15
29,tcp,telnet,SF,286,1460,0,0,0,2,3,0,0,0,0,0,0,0,0,0,0,0,1,1,0,0,0,0,0,0,0,20,7,0,0,0,0,0,0,0,0,guess_passwd,13
0,icmp,ecr_i,SF,1032,0,0,0,0,0,0,0,0,0,0,0,0,0,0,0,0,0,290,329,0.0,0.0,0,0,0.98,0.04,0,255,255,1.0,0,0,0,0.0,0,0,0,smurf,18
5,tcp,http,SF,2385,14231,0,0,0,0,0,1,0,0,0,0,0,0,0,0,0,0,15,1,0.04,0.04,0,0,0.91,0.09,0,113,122,1.0,0.0,0,0,0,0,0,0,normal,21
3,tcp,private,SF,83,18,0,0,0,0,0,0,0,0,0,0,0,0,0,0,0,0,13,1,0,0,0,0,0.2,0.82,0,255,3,0,0.84,0.81,0,0,0,0,0,nmap,17
6,tcp,smtp,SF,1222,12193,0,0,0,0,0,1,0,0,0,0,0,0,0,0,0,0,2,9,0.04,0.04,0,0,0.97,0.03,0,148,221,1.0,0.0,0,0,0,0,0,0,normal,21
53,tcp,ftp,SF,666,249,0,0,0,1,0,1,0,0,0,0,0,0,0,0,0,1,1,1,0,0,0,0,0,0,0,26,4,0,0,0,0,0,0,0,0,warezclient,14
1,tcp,domain_u,SF,2387,9044,0,0,0,0,0,0,0,0,0,0,0,0,0,0,0,0,6,12,0.03,0.03,0,0,0.98,0.02,0,84,68,0.99,0.01,0,0,0,0,0,0,normal,21
5,tcp,smtp,SF,1318,12723,0,0,0,0,0,1,0,0,0,0,0,0,0,0,0,0,5,5,0.02,0.02,0,0,1.0,0.0,0,49,92,0.87,0.13,0,0,0,0,0,0,normal,21
2,tcp,domain_u,SF,573,14258,0,0,0,0,0,0,0,0,0,0,0,0,0,0,0,0,7,3,0.02,0.02,0,0,0.96,0.04,0,151,37,0.95,0.05,0,0,0,0,0,0,normal,21
2,tcp,private,SH,100,6,0,0,0,0,0,0,0,0,0,0,0,0,0,0,0,0,16,1,0,0,0,0,0.13,0.9,0,202,9,0,0.62,0.8,0,0,0,0,0,ipsweep,18
3,icmp,eco_i,REJ,6,39,0,0,0,0,0,0,0,0,0,0,0,0,0,0,0,0,12,1,0,0,0,0,0.12,0.67,0,194,1,0,0.71,0.94,0,0,0,0,0,portsweep,17
5,icmp,eco_i,SH,41,32,0,0,0,0,0,0,0,0,0,0,0,0,0,0,0,0,20,1,0,0,0,0,0.19,0.95,0,156,10,0,0.85,0.86,0,0,0,0,0,nmap,16
8,udp,domain_u,SF,1826,6937,0,0,0,0,0,0,0,0,0,0,0,0,0,0,0,0,7,10,0.04,0.04,0,0,0.95,0.05,0,30,25,0.91,0.09,0,0,0,0,0,0,normal,21
1,icmp,other,REJ,91,6,0,0,0,0,0,0,0,0,0,0,0,0,0,0,0,0,3,1,0,0,0,0,0.09,0.85,0,205,8,0,0.81,0.74,0,0,0,0,0,satan,13
8,udp,domain_u,SF,2414,12564,0,0,0,0,0,0,0,0,0,0,0,0,0,0,0,0,12,3,0.04,0.04,0,0,0.98,0.02,0,155,143,0.98,0.02,0,0,0,0,0,0,normal,21
1,udp,domain_u,SF,1231,5415,0,0,0,0,0,0,0,0,0,0,0,0,0,0,0,0,6,1,0.05,0.05,0,0,0.97,0.03,0,179,199,0.98,0.02,0,0,0,0,0,0,normal,21
0,icmp,ecr_i,SF,1032,0,0,0,0,0,0,0,0,0,0,0,0,0,0,0,0,0,446,257,0.0,0.0,0,0,0.95,0.05,0,255,255,1.0,0,0,0,0.0,0,0,0,smurf,16
7,tcp,http,SF,695,14040,0,0,0,0,0,1,0,0,0,0,0,0,0,0,0,0,15,4,0.03,0.03,0,0,0.97,0.03,0,161,61,1.0,0.0,0,0,0,0,0,0,normal,21
5,udp,smtp,SF,1716,5864,0,0,0,0,0,1,0,0,0,0,0,0,0,0,0,0,2,11,0.03,0.03,0,0,0.95,0.05,0,71,127,0.87,0.13,0,0,0,0,0,0,normal,21
9,udp,http,SF,917,10792,0,0,0,0,0,1,0,0,0,0,0,0,0,0,0,0,11,11,0.02,0.02,0,0,0.96,0.04,0,169,174,0.87,0.13,0,0,0,0,0,0,normal,21
2,udp,http,SF,2017,11916,0,0,0,0,0,1,0,0,0,0,0,0,0,0,0,0,12,8,0.03,0.03,0,0,0.91,0.09,0,72,18,0.86,0.14,0,0,0,0,0,0,normal,21
0,icmp,ecr_i,SF,1032,0,0,0,0,0,0,0,0,0,0,0,0,0,0,0,0,0,313,240,0.0,0.0,0,0,0.9,0.07,0,255,255,1.0,0,0,0,0.0,0,0,0,smurf,18
0,icmp,ecr_i,SF,1032,0,0,0,0,0,0,0,0,0,0,0,0,0,0,0,0,0,146,472,0.0,0.0,0,0,0.95,0.03,0,255,255,1.0,0,0,0,0.0,0,0,0,smurf,17
0,icmp,ecr_i,SF,1032,0,0,0,0,0,0,0,0,0,0,0,0,0,0,0,0,0,473,493,0.0,0.0,0,0,0.97,0.07,0,255,255,1.0,0,0,0,0.0,0,0,0,smurf,17
1,tcp,http,SF,265,12509,0,0,0,0,0,1,0,0,0,0,0,0,0,0,0,0,13,1,0.0,0.0,0,0,0.98,0.02,0,63,163,1.0,0.0,0,0,0,0,0,0,normal,21
0,tcp,private,REJ,34,0,0,0,0,0,0,0,0,0,0,0,0,0,0,0,0,0,238,187,0.91,0.91,0,0,0.97,0.07,0,255,42,0.1,0,0,0,0.91,0,0,0,neptune,15
4,udp,smtp,SF,541,11410,0,0,0,0,0,1,0,0,0,0,0,0,0,0,0,0,4,11,0.01,0.01,0,0,0.95,0.05,0,231,127,0.89,0.11,0,0,0,0,0,0,normal,21
3,tcp,private,SH,90,29,0,0,0,0,0,0,0,0,0,0,0,0,0,0,0,0,7,1,0,0,0,0,0.06,0.83,0,222,7,0,0.52,0.91,0,0,0,0,0,ipsweep,15
115,tcp,telnet,SF,2095,9501,0,0,0,0,0,1,0,1,1,1,1,0,0,0,0,0,1,1,0,0,0,0,0,0,0,1,8,0,0,0,0,0,0,0,0,buffer_overflow,8
0,tcp,private,REJ,45,0,0,0,0,0,0,0,0,0,0,0,0,0,0,0,0,0,379,420,0.86,0.86,0,0,0.97,0.05,0,255,45,0.13,0,0,0,0.86,0,0,0,teardrop,20
6,tcp,http,SF,755,5790,0,0,0,0,0,1,0,0,0,0,0,0,0,0,0,0,10,3,0.01,0.01,0,0,0.96,0.04,0,236,137,0.97,0.03,0,0,0,0,0,0,normal,21
8,udp,ftp_data,SF,819,10009,0,0,0,0,0,1,0,0,0,0,0,0,0,0,0,0,3,6,0.0,0.0,0,0,0.95,0.05,0,112,238,0.89,0.11,0,0,0,0,0,0,normal,21
6,tcp,ftp_data,SF,1151,4966,0,0,0,0,0,1,0,0,0,0,0,0,0,0,0,0,11,2,0.04,0.04,0,0,0.98,0.02,0,104,102,0.98,0.02,0,0,0,0,0,0,normal,21
2,tcp,domain_u,SF,682,6645,0,0,0,0,0,0,0,0,0,0,0,0,0,0,0,0,6,2,0.04,0.04,0,0,0.94,0.06,0,157,69,0.95,0.05,0,0,0,0,0,0,normal,21
1,udp,ftp_data,SF,2263,7208,0,0,0,0,0,1,0,0,0,0,0,0,0,0,0,0,4,8,0.0,0.0,0,0,0.93,0.07,0,99,16,0.95,0.05,0,0,0,0,0,0,normal,21
0,tcp,private,S0,27,0,0,0,0,0,0,0,0,0,0,0,0,0,0,0,0,0,166,451,0.89,0.89,0,0,0.94,0.08,0,255,32,0.18,0,0,0,0.89,0,0,0,neptune,16
3,icmp,other,SF,8,13,0,0,0,0,0,0,0,0,0,0,0,0,0,0,0,0,15,1,0,0,0,0,0.08,0.75,0,233,9,0,0.52,0.7,0,0,0,0,0,ipsweep,16
0,icmp,ecr_i,SF,1032,0,0,0,0,0,0,0,0,0,0,0,0,0,0,0,0,0,274,459,0.0,0.0,0,0,0.99,0.0,0,255,255,1.0,0,0,0,0.0,0,0,0,smurf,18
1,udp,http,SF,2291,6619,0,0,0,0,0,1,0,0,0,0,0,0,0,0,0,0,4,4,0.04,0.04,0,0,0.91,0.09,0,191,228,0.97,0.03,0,0,0,0,0,0,normal,21
8,tcp,ftp_data,SF,1799,1060,0,0,0,0,0,1,0,0,0,0,0,0,0,0,0,0,12,10,0.0,0.0,0,0,0.92,0.08,0,82,79,0.98,0.02,0,0,0,0,0,0,normal,21
0,tcp,private,REJ,19,0,0,0,0,0,0,0,0,0,0,0,0,0,0,0,0,0,376,436,0.92,0.92,0,0,0.98,0.07,0,255,19,0.15,0,0,0,0.92,0,0,0,neptune,15
0,icmp,eco_i,SF,52,6,0,0,0,0,0,0,0,0,0,0,0,0,0,0,0,0,11,1,0,0,0,0,0.13,0.64,0,235,7,0,0.62,0.94,0,0,0,0,0,nmap,13
3,tcp,ftp_data,SF,277,11414,0,0,0,0,0,1,0,0,0,0,0,0,0,0,0,0,6,3,0.02,0.02,0,0,0.99,0.01,0,242,84,0.95,0.05,0,0,0,0,0,0,normal,21
9,tcp,domain_u,SF,320,14714,0,0,0,0,0,0,0,0,0,0,0,0,0,0,0,0,7,12,0.02,0.02,0,0,0.95,0.05,0,253,108,0.86,0.14,0,0,0,0,0,0,normal,21
9,udp,domain_u,SF,1136,8214,0,0,0,0,0,0,0,0,0,0,0,0,0,0,0,0,12,8,0.02,0.02,0,0,0.98,0.02,0,163,130,0.95,0.05,0,0,0,0,0,0,normal,21
4,udp,smtp,SF,2489,6507,0,0,0,0,0,1,0,0,0,0,0,0,0,0,0,0,3,12,0.01,0.01,0,0,0.94,0.06,0,63,93,0.92,0.08,0,0,0,0,0,0,normal,21
9,udp,domain_u,SF,1776,1965,0,0,0,0,0,0,0,0,0,0,0,0,0,0,0,0,13,7,0.02,0.02,0,0,0.91,0.09,0,201,210,0.97,0.03,0,0,0,0,0,0,normal,21
8,udp,http,SF,212,8158,0,0,0,0,0,1,0,0,0,0,0,0,0,0,0,0,4,4,0.0,0.0,0,0,0.98,0.02,0,228,78,0.87,0.13,0,0,0,0,0,0,normal,21
5,tcp,other,RSTO,71,22,0,0,0,0,0,0,0,0,0,0,0,0,0,0,0,0,14,1,0,0,0,0,0.14,0.87,0,165,6,0,0.66,0.68,0,0,0,0,0,portsweep,12
0,tcp,http,S0,21,0,0,0,0,0,0,0,0,0,0,0,0,0,0,0,0,0,331,340,0.97,0.97,0,0,0.93,0.02,0,255,7,0.12,0,0,0,0.97,0,0,0,back,16
3,udp,domain_u,SF,532,3859,0,0,0,0,0,0,0,0,0,0,0,0,0,0,0,0,6,3,0.01,0.01,0,0,0.9,0.1,0,173,27,0.92,0.08,0,0,0,0,0,0,normal,21
0,tcp,http,REJ,4,0,0,0,0,0,0,0,0,0,0,0,0,0,0,0,0,0,409,155,0.84,0.84,0,0,0.97,0.01,0,255,23,0.16,0,0,0,0.84,0,0,0,back,20
5,tcp,eco_i,REJ,35,48,0,0,0,0,0,0,0,0,0,0,0,0,0,0,0,0,2,1,0,0,0,0,0.12,0.76,0,245,10,0,0.93,0.82,0,0,0,0,0,portsweep,14
3,tcp,smtp,SF,1358,3184,0,0,0,0,0,1,0,0,0,0,0,0,0,0,0,0,1,4,0.03,0.03,0,0,0.91,0.09,0,183,191,0.93,0.07,0,0,0,0,0,0,normal,21
74,tcp,telnet,SF,2332,5743,0,0,0,0,0,1,0,1,1,3,2,0,0,0,0,0,1,1,0,0,0,0,0,0,0,13,10,0,0,0,0,0,0,0,0,rootkit,7
2,tcp,http,SF,2243,8857,0,0,0,0,0,1,0,0,0,0,0,0,0,0,0,0,2,10,0.05,0.05,0,0,0.94,0.06,0,30,12,0.96,0.04,0,0,0,0,0,0,normal,21
8,udp,http,SF,372,3345,0,0,0,0,0,1,0,0,0,0,0,0,0,0,0,0,6,2,0.02,0.02,0,0,0.93,0.07,0,255,128,0.94,0.06,0,0,0,0,0,0,normal,21
10,tcp,smtp,SF,2253,596,0,0,0,0,0,1,0,0,0,0,0,0,0,0,0,0,13,5,0.04,0.04,0,0,0.91,0.09,0,82,185,0.89,0.11,0,0,0,0,0,0,normal,21
56,tcp,ftp,SF,699,1645,0,0,0,1,0,1,0,0,0,0,0,0,0,0,0,1,1,1,0,0,0,0,0,0,0,22,23,0,0,0,0,0,0,0,0,warezclient,14
0,tcp,private,S0,29,0,0,0,0,0,0,0,0,0,0,0,0,0,0,0,0,0,317,319,0.93,0.93,0,0,0.93,0.05,0,255,30,0.16,0,0,0,0.93,0,0,0,back,17
5,tcp,http,SF,935,13424,0,0,0,0,0,1,0,0,0,0,0,0,0,0,0,0,3,9,0.01,0.01,0,0,0.96,0.04,0,124,96,0.94,0.06,0,0,0,0,0,0,normal,21
0,tcp,private,REJ,27,0,0,0,0,0,0,0,0,0,0,0,0,0,0,0,0,0,277,497,0.83,0.83,0,0,0.97,0.04,0,255,33,0.09,0,0,0,0.83,0,0,0,back,20
0,tcp,http,REJ,4,0,0,0,0,0,0,0,0,0,0,0,0,0,0,0,0,0,252,150,0.98,0.98,0,0,0.99,0.01,0,255,10,0.02,0,0,0,0.98,0,0,0,back,17
1,tcp,other,SH,47,5,0,0,0,0,0,0,0,0,0,0,0,0,0,0,0,0,14,1,0,0,0,0,0.14,0.65,0,234,8,0,0.51,0.96,0,0,0,0,0,ipsweep,13
3,tcp,http,SF,932,4591,0,0,0,0,0,1,0,0,0,0,0,0,0,0,0,0,8,6,0.04,0.04,0,0,0.95,0.05,0,32,119,0.99,0.01,0,0,0,0,0,0,normal,21
0,tcp,private,REJ,8,0,0,0,0,0,0,0,0,0,0,0,0,0,0,0,0,0,193,377,0.95,0.95,0,0,0.91,0.03,0,255,26,0.13,0,0,0,0.95,0,0,0,teardrop,19
2,tcp,private,RSTO,5,9,0,0,0,0,0,0,0,0,0,0,0,0,0,0,0,0,10,1,0,0,0,0,0.13,0.69,0,171,5,0,0.58,0.81,0,0,0,0,0,ipsweep,15
0,icmp,ecr_i,SF,1032,0,0,0,0,0,0,0,0,0,0,0,0,0,0,0,0,0,380,270,0.0,0.0,0,0,0.91,0.09,0,255,255,1.0,0,0,0,0.0,0,0,0,smurf,20
0,tcp,private,S0,35,0,0,0,0,0,0,0,0,0,0,0,0,0,0,0,0,0,507,451,0.91,0.91,0,0,0.96,0.08,0,255,21,0.01,0,0,0,0.91,0,0,0,back,17
9,tcp,http,SF,842,3915,0,0,0,0,0,1,0,0,0,0,0,0,0,0,0,0,9,6,0.03,0.03,0,0,0.93,0.07,0,63,180,0.87,0.13,0,0,0,0,0,0,normal,21
0,tcp,http,REJ,27,0,0,0,0,0,0,0,0,0,0,0,0,0,0,0,0,0,410,410,0.93,0.93,0,0,0.99,0.08,0,255,6,0.13,0,0,0,0.93,0,0,0,back,18
3,tcp,http,SF,2073,10096,0,0,0,0,0,1,0,0,0,0,0,0,0,0,0,0,7,5,0.02,0.02,0,0,0.99,0.01,0,54,189,0.96,0.04,0,0,0,0,0,0,normal,21
0,icmp,ecr_i,SF,1032,0,0,0,0,0,0,0,0,0,0,0,0,0,0,0,0,0,335,495,0.0,0.0,0,0,0.99,0.04,0,255,255,1.0,0,0,0,0.0,0,0,0,smurf,18
5,tcp,ftp_data,SF,1632,13720,0,0,0,0,0,1,0,0,0,0,0,0,0,0,0,0,1,12,0.01,0.01,0,0,0.93,0.07,0,218,160,0.98,0.02,0,0,0,0,0,0,normal,21
0,icmp,ecr_i,SF,1032,0,0,0,0,0,0,0,0,0,0,0,0,0,0,0,0,0,358,458,0.0,0.0,0,0,0.93,0.07,0,255,255,1.0,0,0,0,0.0,0,0,0,smurf,17
6,tcp,http,SF,464,9533,0,0,0,0,0,1,0,0,0,0,0,0,0,0,0,0,14,4,0.04,0.04,0,0,0.93,0.07,0,155,97,0.99,0.01,0,0,0,0,0,0,normal,21
4,tcp,domain_u,SF,551,10348,0,0,0,0,0,0,0,0,0,0,0,0,0,0,0,0,5,10,0.03,0.03,0,0,0.94,0.06,0,255,120,0.93,0.07,0,0,0,0,0,0,normal,21
6,tcp,http,SF,572,4119,0,0,0,0,0,1,0,0,0,0,0,0,0,0,0,0,11,1,0.05,0.05,0,0,0.97,0.03,0,179,27,0.92,0.08,0,0,0,0,0,0,normal,21
2,tcp,http,SF,2395,4290,0,0,0,0,0,1,0,0,0,0,0,0,0,0,0,0,4,8,0.03,0.03,0,0,0.97,0.03,0,158,93,0.97,0.03,0,0,0,0,0,0,normal,21
0,udp,domain_u,SF,1326,13865,0,0,0,0,0,0,0,0,0,0,0,0,0,0,0,0,4,4,0.04,0.04,0,0,0.99,0.01,0,104,246,0.9,0.1,0,0,0,0,0,0,normal,21
6,udp,http,SF,1672,9524,0,0,0,0,0,1,0,0,0,0,0,0,0,0,0,0,1,1,0.03,0.03,0,0,0.96,0.04,0,28,221,0.94,0.06,0,0,0,0,0,0,normal,21
0,tcp,http,S0,44,0,0,0,0,0,0,0,0,0,0,0,0,0,0,0,0,0,145,471,0.95,0.95,0,0,0.96,0.02,0,255,8,0.13,0,0,0,0.95,0,0,0,neptune,16
3,tcp,http,SF,416,5855,0,0,0,0,0,1,0,0,0,0,0,0,0,0,0,0,2,6,0.01,0.01,0,0,0.95,0.05,0,220,140,0.86,0.14,0,0,0,0,0,0,normal,21
4,tcp,http,SF,1016,10394,0,0,0,0,0,1,0,0,0,0,0,0,0,0,0,0,13,7,0.03,0.03,0,0,0.94,0.06,0,111,101,0.92,0.08,0,0,0,0,0,0,normal,21
5,udp,ftp_data,SF,2302,10277,0,0,0,0,0,1,0,0,0,0,0,0,0,0,0,0,8,11,0.02,0.02,0,0,0.97,0.03,0,217,225,0.91,0.09,0,0,0,0,0,0,normal,21
4,tcp,http,SF,1005,6718,0,0,0,0,0,1,0,0,0,0,0,0,0,0,0,0,6,2,0.04,0.04,0,0,0.99,0.01,0,63,156,0.97,0.03,0,0,0,0,0,0,normal,21
4,icmp,eco_i,SF,88,23,0,0,0,0,0,0,0,0,0,0,0,0,0,0,0,0,8,1,0,0,0,0,0.2,0.67,0,191,7,0,0.94,0.85,0,0,0,0,0,ipsweep,18
0,icmp,ecr_i,SF,1032,0,0,0,0,0,0,0,0,0,0,0,0,0,0,0,0,0,495,457,0.0,0.0,0,0,1.0,0.07,0,255,255,1.0,0,0,0,0.0,0,0,0,smurf,20
0,icmp,ecr_i,SF,1032,0,0,0,0,0,0,0,0,0,0,0,0,0,0,0,0,0,466,261,0.0,0.0,0,0,0.96,0.1,0,255,255,1.0,0,0,0,0.0,0,0,0,smurf,16
57,tcp,telnet,SF,791,371,0,0,0,2,1,0,0,0,0,0,0,0,0,0,0,0,1,1,0,0,0,0,0,0,0,9,16,0,0,0,0,0,0,0,0,guess_passwd,8
4,tcp,other,SF,33,5,0,0,0,0,0,0,0,0,0,0,0,0,0,0,0,0,14,1,0,0,0,0,0.16,0.61,0,227,5,0,0.71,0.96,0,0,0,0,0,satan,16
0,tcp,http,S0,1,0,0,0,0,0,0,0,0,0,0,0,0,0,0,0,0,0,461,133,0.89,0.89,0,0,0.98,0.02,0,255,11,0.06,0,0,0,0.89,0,0,0,back,20
0,tcp,private,S0,23,0,0,0,0,0,0,0,0,0,0,0,0,0,0,0,0,0,377,279,0.92,0.92,0,0,0.99,0.09,0,255,2,0.04,0,0,0,0.92,0,0,0,neptune,17
0,tcp,http,REJ,14,0,0,0,0,0,0,0,0,0,0,0,0,0,0,0,0,0,229,205,0.97,0.97,0,0,0.94,0.02,0,255,7,0.02,0,0,0,0.97,0,0,0,back,16
9,tcp,ftp_data,SF,1591,11422,0,0,0,0,0,1,0,0,0,0,0,0,0,0,0,0,15,7,0.01,0.01,0,0,0.9,0.1,0,153,43,0.93,0.07,0,0,0,0,0,0,normal,21
0,icmp,ecr_i,SF,1032,0,0,0,0,0,0,0,0,0,0,0,0,0,0,0,0,0,316,465,0.0,0.0,0,0,0.99,0.09,0,255,255,1.0,0,0,0,0.0,0,0,0,smurf,15
0,tcp,private,S0,33,0,0,0,0,0,0,0,0,0,0,0,0,0,0,0,0,0,473,338,0.86,0.86,0,0,0.95,0.09,0,255,29,0.08,0,0,0,0.86,0,0,0,neptune,15
0,tcp,http,REJ,26,0,0,0,0,0,0,0,0,0,0,0,0,0,0,0,0,0,400,298,0.98,0.98,0,0,0.93,0.04,0,255,29,0.09,0,0,0,0.98,0,0,0,neptune,20
0,tcp,http,S0,5,0,0,0,0,0,0,0,0,0,0,0,0,0,0,0,0,0,462,242,0.82,0.82,0,0,0.98,0.03,0,255,41,0.03,0,0,0,0.82,0,0,0,back,18
4,tcp,eco_i,SH,3,43,0,0,0,0,0,0,0,0,0,0,0,0,0,0,0,0,12,1,0,0,0,0,0.16,0.98,0,178,9,0,0.55,0.98,0,0,0,0,0,ipsweep,17
0,tcp,http,REJ,4,0,0,0,0,0,0,0,0,0,0,0,0,0,0,0,0,0,422,307,0.91,0.91,0,0,0.98,0.04,0,255,29,0.06,0,0,0,0.91,0,0,0,neptune,16
8,udp,ftp_data,SF,1067,14858,0,0,0,0,0,1,0,0,0,0,0,0,0,0,0,0,2,10,0.02,0.02,0,0,0.92,0.08,0,31,199,0.99,0.01,0,0,0,0,0,0,normal,21
5,tcp,http,SF,2136,9358,0,0,0,0,0,1,0,0,0,0,0,0,0,0,0,0,13,6,0.01,0.01,0,0,0.93,0.07,0,61,23,0.95,0.05,0,0,0,0,0,0,normal,21
0,tcp,http,REJ,9,0,0,0,0,0,0,0,0,0,0,0,0,0,0,0,0,0,255,180,0.86,0.86,0,0,0.97,0.01,0,255,1,0.1,0,0,0,0.86,0,0,0,teardrop,19
9,tcp,http,SF,1583,6107,0,0,0,0,0,1,0,0,0,0,0,0,0,0,0,0,11,9,0.02,0.02,0,0,0.93,0.07,0,134,184,0.92,0.08,0,0,0,0,0,0,normal,21
8,udp,smtp,SF,2000,6137,0,0,0,0,0,1,0,0,0,0,0,0,0,0,0,0,9,10,0.04,0.04,0,0,0.98,0.02,0,138,61,0.98,0.02,0,0,0,0,0,0,normal,21
1,udp,http,SF,2246,2342,0,0,0,0,0,1,0,0,0,0,0,0,0,0,0,0,6,5,0.03,0.03,0,0,0.96,0.04,0,118,13,0.85,0.15,0,0,0,0,0,0,normal,21
5,udp,ftp_data,SF,1892,8067,0,0,0,0,0,1,0,0,0,0,0,0,0,0,0,0,9,1,0.04,0.04,0,0,0.92,0.08,0,202,101,0.98,0.02,0,0,0,0,0,0,normal,21
0,tcp,eco_i,REJ,9,21,0,0,0,0,0,0,0,0,0,0,0,0,0,0,0,0,12,1,0,0,0,0,0.05,0.8,0,156,6,0,0.6,0.69,0,0,0,0,0,nmap,12
0,icmp,ecr_i,SF,1032,0,0,0,0,0,0,0,0,0,0,0,0,0,0,0,0,0,391,163,0.0,0.0,0,0,0.97,0.01,0,255,255,1.0,0,0,0,0.0,0,0,0,smurf,20
8,tcp,http,SF,161,7873,0,0,0,0,0,1,0,0,0,0,0,0,0,0,0,0,13,3,0.05,0.05,0,0,0.92,0.08,0,225,223,0.87,0.13,0,0,0,0,0,0,normal,21
0,tcp,http,SF,282,7388,0,0,0,0,0,1,0,0,0,0,0,0,0,0,0,0,7,8,0.0,0.0,0,0,1.0,0.0,0,141,97,0.85,0.15,0,0,0,0,0,0,normal,21
6,tcp,http,SF,1846,10319,0,0,0,0,0,1,0,0,0,0,0,0,0,0,0,0,15,12,0.03,0.03,0,0,0.94,0.06,0,77,102,0.88,0.12,0,0,0,0,0,0,normal,21
6,udp,domain_u,SF,398,11152,0,0,0,0,0,0,0,0,0,0,0,0,0,0,0,0,15,4,0.04,0.04,0,0,0.91,0.09,0,66,25,0.89,0.11,0,0,0,0,0,0,normal,21
0,tcp,private,REJ,33,0,0,0,0,0,0,0,0,0,0,0,0,0,0,0,0,0,328,327,0.81,0.81,0,0,0.97,0.05,0,255,5,0.02,0,0,0,0.81,0,0,0,neptune,20
7,tcp,smtp,SF,1225,9701,0,0,0,0,0,1,0,0,0,0,0,0,0,0,0,0,8,8,0.04,0.04,0,0,0.96,0.04,0,47,238,0.89,0.11,0,0,0,0,0,0,normal,21
0,tcp,private,REJ,30,0,0,0,0,0,0,0,0,0,0,0,0,0,0,0,0,0,241,280,0.81,0.81,0,0,0.96,0.1,0,255,2,0.11,0,0,0,0.81,0,0,0,teardrop,19
4,icmp,private,REJ,94,39,0,0,0,0,0,0,0,0,0,0,0,0,0,0,0,0,8,1,0,0,0,0,0.18,0.66,0,192,4,0,0.94,0.68,0,0,0,0,0,portsweep,18
0,tcp,http,S0,2,0,0,0,0,0,0,0,0,0,0,0,0,0,0,0,0,0,353,466,0.99,0.99,0,0,0.93,0.01,0,255,15,0.14,0,0,0,0.99,0,0,0,teardrop,15
1,udp,ftp_data,SF,2474,13422,0,0,0,0,0,1,0,0,0,0,0,0,0,0,0,0,11,7,0.02,0.02,0,0,0.98,0.02,0,239,89,0.99,0.01,0,0,0,0,0,0,normal,21
10,tcp,smtp,SF,2255,4781,0,0,0,0,0,1,0,0,0,0,0,0,0,0,0,0,4,1,0.02,0.02,0,0,0.99,0.01,0,40,38,0.95,0.05,0,0,0,0,0,0,normal,21
3,tcp,private,SF,25,45,0,0,0,0,0,0,0,0,0,0,0,0,0,0,0,0,10,1,0,0,0,0,0.2,0.83,0,209,1,0,0.84,0.7,0,0,0,0,0,portsweep,16
9,tcp,smtp,SF,1309,4821,0,0,0,0,0,1,0,0,0,0,0,0,0,0,0,0,3,4,0.0,0.0,0,0,0.96,0.04,0,194,69,0.85,0.15,0,0,0,0,0,0,normal,21
0,tcp,http,S0,26,0,0,0,0,0,0,0,0,0,0,0,0,0,0,0,0,0,499,415,0.83,0.83,0,0,0.9,0.03,0,255,17,0.16,0,0,0,0.83,0,0,0,back,20
4,udp,domain_u,SF,250,5586,0,0,0,0,0,0,0,0,0,0,0,0,0,0,0,0,5,8,0.03,0.03,0,0,0.93,0.07,0,29,157,0.92,0.08,0,0,0,0,0,0,normal,21
56,tcp,ftp,SF,120,1825,0,0,0,1,0,1,0,0,0,0,0,0,0,0,0,0,1,1,0,0,0,0,0,0,0,19,22,0,0,0,0,0,0,0,0,ftp_write,11
44,tcp,ftp,SF,489,2112,0,0,0,1,0,1,0,0,0,0,0,0,0,0,0,0,1,1,0,0,0,0,0,0,0,28,13,0,0,0,0,0,0,0,0,ftp_write,9
5,tcp,http,SF,2319,1409,0,0,0,0,0,1,0,0,0,0,0,0,0,0,0,0,8,2,0.04,0.04,0,0,1.0,0.0,0,145,94,0.93,0.07,0,0,0,0,0,0,normal,21
0,icmp,ecr_i,SF,1032,0,0,0,0,0,0,0,0,0,0,0,0,0,0,0,0,0,436,301,0.0,0.0,0,0,0.93,0.01,0,255,255,1.0,0,0,0,0.0,0,0,0,smurf,19
0,tcp,private,REJ,49,0,0,0,0,0,0,0,0,0,0,0,0,0,0,0,0,0,197,162,0.96,0.96,0,0,0.97,0.06,0,255,46,0.15,0,0,0,0.96,0,0,0,neptune,17
6,udp,ftp_data,SF,1794,2027,0,0,0,0,0,1,0,0,0,0,0,0,0,0,0,0,10,1,0.02,0.02,0,0,0.96,0.04,0,14,46,0.95,0.05,0,0,0,0,0,0,normal,21
2,udp,http,SF,1985,13501,0,0,0,0,0,1,0,0,0,0,0,0,0,0,0,0,9,3,0.0,0.0,0,0,0.94,0.06,0,31,183,0.99,0.01,0,0,0,0,0,0,normal,21
5,tcp,other,SH,87,9,0,0,0,0,0,0,0,0,0,0,0,0,0,0,0,0,5,1,0,0,0,0,0.09,0.83,0,174,10,0,0.89,0.88,0,0,0,0,0,nmap,16
7,udp,http,SF,2161,5648,0,0,0,0,0,1,0,0,0,0,0,0,0,0,0,0,2,11,0.02,0.02,0,0,0.97,0.03,0,235,163,0.97,0.03,0,0,0,0,0,0,normal,21
2,tcp,smtp,SF,413,12495,0,0,0,0,0,1,0,0,0,0,0,0,0,0,0,0,15,7,0.01,0.01,0,0,0.9,0.1,0,33,249,0.86,0.14,0,0,0,0,0,0,normal,21
2,tcp,other,SF,99,41,0,0,0,0,0,0,0,0,0,0,0,0,0,0,0,0,15,1,0,0,0,0,0.09,0.94,0,236,1,0,0.86,0.86,0,0,0,0,0,satan,14
0,icmp,ecr_i,SF,1032,0,0,0,0,0,0,0,0,0,0,0,0,0,0,0,0,0,459,416,0.0,0.0,0,0,0.99,0.04,0,255,255,1.0,0,0,0,0.0,0,0,0,smurf,19
0,icmp,ecr_i,SF,1032,0,0,0,0,0,0,0,0,0,0,0,0,0,0,0,0,0,320,475,0.0,0.0,0,0,0.94,0.07,0,255,255,1.0,0,0,0,0.0,0,0,0,smurf,20
0,tcp,http,S0,26,0,0,0,0,0,0,0,0,0,0,0,0,0,0,0,0,0,169,299,0.9,0.9,0,0,0.99,0.07,0,255,26,0.07,0,0,0,0.9,0,0,0,teardrop,20
9,tcp,http,SF,2336,6404,0,0,0,0,0,1,0,0,0,0,0,0,0,0,0,0,13,10,0.0,0.0,0,0,0.91,0.09,0,113,249,0.93,0.07,0,0,0,0,0,0,normal,21
0,tcp,private,S0,11,0,0,0,0,0,0,0,0,0,0,0,0,0,0,0,0,0,421,469,0.93,0.93,0,0,0.94,0.02,0,255,46,0.08,0,0,0,0.93,0,0,0,teardrop,17
0,icmp,ecr_i,SF,1032,0,0,0,0,0,0,0,0,0,0,0,0,0,0,0,0,0,219,365,0.0,0.0,0,0,1.0,0.03,0,255,255,1.0,0,0,0,0.0,0,0,0,smurf,16
7,tcp,domain_u,SF,1107,7821,0,0,0,0,0,0,0,0,0,0,0,0,0,0,0,0,10,11,0.01,0.01,0,0,0.93,0.07,0,150,192,0.91,0.09,0,0,0,0,0,0,normal,21
0,tcp,private,REJ,31,0,0,0,0,0,0,0,0,0,0,0,0,0,0,0,0,0,246,317,0.93,0.93,0,0,0.98,0.06,0,255,50,0.16,0,0,0,0.93,0,0,0,neptune,15
7,udp,ftp_data,SF,353,10976,0,0,0,0,0,1,0,0,0,0,0,0,0,0,0,0,4,6,0.02,0.02,0,0,0.9,0.1,0,198,219,0.93,0.07,0,0,0,0,0,0,normal,21
9,tcp,domain_u,SF,1343,4159,0,0,0,0,0,0,0,0,0,0,0,0,0,0,0,0,7,2,0.04,0.04,0,0,0.93,0.07,0,167,161,0.99,0.01,0,0,0,0,0,0,normal,21
0,icmp,ecr_i,SF,1032,0,0,0,0,0,0,0,0,0,0,0,0,0,0,0,0,0,107,209,0.0,0.0,0,0,0.97,0.09,0,255,255,1.0,0,0,0,0.0,0,0,0,smurf,19
0,tcp,http,REJ,10,0,0,0,0,0,0,0,0,0,0,0,0,0,0,0,0,0,347,224,0.94,0.94,0,0,0.91,0.05,0,255,11,0.14,0,0,0,0.94,0,0,0,back,17
10,tcp,ftp_data,SF,2456,4359,0,0,0,0,0,1,0,0,0,0,0,0,0,0,0,0,3,10,0.04,0.04,0,0,0.98,0.02,0,82,160,0.93,0.07,0,0,0,0,0,0,normal,21
0,icmp,ecr_i,SF,1032,0,0,0,0,0,0,0,0,0,0,0,0,0,0,0,0,0,148,207,0.0,0.0,0,0,0.91,0.08,0,255,255,1.0,0,0,0,0.0,0,0,0,smurf,16
0,tcp,private,REJ,29,0,0,0,0,0,0,0,0,0,0,0,0,0,0,0,0,0,244,328,0.98,0.98,0,0,0.99,0.06,0,255,2,0.14,0,0,0,0.98,0,0,0,back,17
10,tcp,ftp_data,SF,840,2691,0,0,0,0,0,1,0,0,0,0,0,0,0,0,0,0,7,4,0.03,0.03,0,0,0.9,0.1,0,179,221,0.96,0.04,0,0,0,0,0,0,normal,21
8,tcp,domain_u,SF,1121,2652,0,0,0,0,0,0,0,0,0,0,0,0,0,0,0,0,1,2,0.03,0.03,0,0,0.94,0.06,0,42,97,0.91,0.09,0,0,0,0,0,0,normal,21
9,udp,http,SF,1550,11620,0,0,0,0,0,1,0,0,0,0,0,0,0,0,0,0,14,10,0.02,0.02,0,0,0.96,0.04,0,146,65,0.86,0.14,0,0,0,0,0,0,normal,21
4,icmp,private,SF,11,14,0,0,0,0,0,0,0,0,0,0,0,0,0,0,0,0,8,1,0,0,0,0,0.09,0.67,0,190,1,0,0.59,0.9,0,0,0,0,0,ipsweep,15
7,tcp,ftp_data,SF,510,5563,0,0,0,0,0,1,0,0,0,0,0,0,0,0,0,0,11,9,0.03,0.03,0,0,0.98,0.02,0,201,38,0.85,0.15,0,0,0,0,0,0,normal,21
0,tcp,http,REJ,22,0,0,0,0,0,0,0,0,0,0,0,0,0,0,0,0,0,281,353,0.86,0.86,0,0,0.92,0.0,0,255,20,0.03,0,0,0,0.86,0,0,0,neptune,17
2,tcp,ftp,SF,687,2888,0,0,0,3,0,1,0,0,0,0,0,0,0,0,0,1,1,1,0,0,0,0,0,0,0,13,6,0,0,0,0,0,0,0,0,warezclient,10
8,udp,http,SF,2123,5702,0,0,0,0,0,1,0,0,0,0,0,0,0,0,0,0,9,3,0.02,0.02,0,0,0.9,0.1,0,27,50,0.96,0.04,0,0,0,0,0,0,normal,21
5,udp,http,SF,1272,10607,0,0,0,0,0,1,0,0,0,0,0,0,0,0,0,0,4,1,0.0,0.0,0,0,0.99,0.01,0,158,102,1.0,0.0,0,0,0,0,0,0,normal,21
0,tcp,http,REJ,3,0,0,0,0,0,0,0,0,0,0,0,0,0,0,0,0,0,399,492,0.84,0.84,0,0,0.99,0.09,0,255,49,0.09,0,0,0,0.84,0,0,0,teardrop,16
5,tcp,domain_u,SF,1007,11488,0,0,0,0,0,0,0,0,0,0,0,0,0,0,0,0,5,3,0.04,0.04,0,0,0.93,0.07,0,76,208,0.87,0.13,0,0,0,0,0,0,normal,21
0,tcp,http,S0,39,0,0,0,0,0,0,0,0,0,0,0,0,0,0,0,0,0,149,365,0.83,0.83,0,0,0.92,0.04,0,255,32,0.2,0,0,0,0.83,0,0,0,neptune,17
7,udp,domain_u,SF,1760,8500,0,0,0,0,0,0,0,0,0,0,0,0,0,0,0,0,10,3,0.01,0.01,0,0,0.9,0.1,0,88,166,0.9,0.1,0,0,0,0,0,0,normal,21
9,tcp,smtp,SF,1029,8457,0,0,0,0,0,1,0,0,0,0,0,0,0,0,0,0,13,1,0.01,0.01,0,0,0.96,0.04,0,19,242,0.98,0.02,0,0,0,0,0,0,normal,21
1,tcp,http,SF,171,13695,0,0,0,0,0,1,0,0,0,0,0,0,0,0,0,0,12,4,0.02,0.02,0,0,0.94,0.06,0,230,225,0.86,0.14,0,0,0,0,0,0,normal,21
0,tcp,private,REJ,23,0,0,0,0,0,0,0,0,0,0,0,0,0,0,0,0,0,310,217,0.91,0.91,0,0,0.97,0.09,0,255,8,0.12,0,0,0,0.91,0,0,0,neptune,17
0,tcp,http,SF,860,13359,0,0,0,0,0,1,0,0,0,0,0,0,0,0,0,0,13,4,0.03,0.03,0,0,0.93,0.07,0,211,54,0.86,0.14,0,0,0,0,0,0,normal,21
0,udp,ftp_data,SF,2093,9983,0,0,0,0,0,1,0,0,0,0,0,0,0,0,0,0,11,11,0.03,0.03,0,0,0.98,0.02,0,186,127,0.99,0.01,0,0,0,0,0,0,normal,21
0,tcp,private,S0,25,0,0,0,0,0,0,0,0,0,0,0,0,0,0,0,0,0,385,159,0.91,0.91,0,0,0.98,0.09,0,255,46,0.1,0,0,0,0.91,0,0,0,teardrop,19
2,tcp,ftp_data,SF,431,4456,0,0,0,0,0,1,0,0,0,0,0,0,0,0,0,0,3,4,0.02,0.02,0,0,0.99,0.01,0,69,207,0.94,0.06,0,0,0,0,0,0,normal,21
9,tcp,domain_u,SF,2176,5597,0,0,0,0,0,0,0,0,0,0,0,0,0,0,0,0,15,5,0.01,0.01,0,0,0.9,0.1,0,93,155,0.91,0.09,0,0,0,0,0,0,normal,21
0,tcp,domain_u,SF,1464,10571,0,0,0,0,0,0,0,0,0,0,0,0,0,0,0,0,9,9,0.04,0.04,0,0,0.94,0.06,0,218,134,0.88,0.12,0,0,0,0,0,0,normal,21
7,udp,http,SF,306,14429,0,0,0,0,0,1,0,0,0,0,0,0,0,0,0,0,5,2,0.03,0.03,0,0,0.97,0.03,0,232,92,0.92,0.08,0,0,0,0,0,0,normal,21
7,udp,smtp,SF,1288,1634,0,0,0,0,0,1,0,0,0,0,0,0,0,0,0,0,5,1,0.03,0.03,0,0,0.96,0.04,0,164,50,0.97,0.03,0,0,0,0,0,0,normal,21
5,udp,domain_u,SF,782,1848,0,0,0,0,0,0,0,0,0,0,0,0,0,0,0,0,7,10,0.04,0.04,0,0,0.92,0.08,0,197,191,0.96,0.04,0,0,0,0,0,0,normal,21
4,tcp,http,SF,2222,7826,0,0,0,0,0,1,0,0,0,0,0,0,0,0,0,0,10,4,0.03,0.03,0,0,0.98,0.02,0,110,178,0.98,0.02,0,0,0,0,0,0,normal,21
5,tcp,eco_i,RSTO,43,33,0,0,0,0,0,0,0,0,0,0,0,0,0,0,0,0,6,1,0,0,0,0,0.1,0.77,0,253,6,0,0.86,0.99,0,0,0,0,0,ipsweep,15
9,tcp,smtp,SF,711,1638,0,0,0,0,0,1,0,0,0,0,0,0,0,0,0,0,11,4,0.05,0.05,0,0,0.91,0.09,0,77,180,0.91,0.09,0,0,0,0,0,0,normal,21
0,tcp,http,REJ,37,0,0,0,0,0,0,0,0,0,0,0,0,0,0,0,0,0,449,434,0.86,0.86,0,0,0.97,0.06,0,255,38,0.18,0,0,0,0.86,0,0,0,back,19
0,tcp,http,REJ,45,0,0,0,0,0,0,0,0,0,0,0,0,0,0,0,0,0,259,482,0.99,0.99,0,0,0.98,0.04,0,255,30,0.11,0,0,0,0.99,0,0,0,neptune,16
2,tcp,ftp_data,SF,1065,3267,0,0,0,0,0,1,0,0,0,0,0,0,0,0,0,0,6,12,0.02,0.02,0,0,0.93,0.07,0,40,243,0.99,0.01,0,0,0,0,0,0,normal,21
9,udp,http,SF,2337,12443,0,0,0,0,0,1,0,0,0,0,0,0,0,0,0,0,2,11,0.04,0.04,0,0,0.96,0.04,0,179,17,0.87,0.13,0,0,0,0,0,0,normal,21
0,tcp,private,S0,5,0,0,0,0,0,0,0,0,0,0,0,0,0,0,0,0,0,510,279,0.81,0.81,0,0,0.98,0.09,0,255,4,0.11,0,0,0,0.81,0,0,0,teardrop,17
2,tcp,other,SF,37,13,0,0,0,0,0,0,0,0,0,0,0,0,0,0,0,0,20,1,0,0,0,0,0.12,0.88,0,186,7,0,0.86,0.71,0,0,0,0,0,nmap,12
0,icmp,ecr_i,SF,1032,0,0,0,0,0,0,0,0,0,0,0,0,0,0,0,0,0,234,267,0.0,0.0,0,0,0.9,0.05,0,255,255,1.0,0,0,0,0.0,0,0,0,smurf,17
0,tcp,private,REJ,2,0,0,0,0,0,0,0,0,0,0,0,0,0,0,0,0,0,198,340,0.93,0.93,0,0,0.98,0.06,0,255,31,0.1,0,0,0,0.93,0,0,0,neptune,20
0,tcp,private,REJ,29,0,0,0,0,0,0,0,0,0,0,0,0,0,0,0,0,0,288,337,0.97,0.97,0,0,0.92,0.0,0,255,14,0.03,0,0,0,0.97,0,0,0,neptune,19
0,icmp,ecr_i,SF,1032,0,0,0,0,0,0,0,0,0,0,0,0,0,0,0,0,0,478,395,0.0,0.0,0,0,0.95,0.03,0,255,255,1.0,0,0,0,0.0,0,0,0,smurf,19
51,tcp,ftp,SF,667,1116,0,0,0,1,0,1,0,0,0,0,0,0,0,0,0,0,1,1,0,0,0,0,0,0,0,14,22,0,0,0,0,0,0,0,0,ftp_write,11
1,tcp,eco_i,RSTO,94,20,0,0,0,0,0,0,0,0,0,0,0,0,0,0,0,0,15,1,0,0,0,0,0.18,0.87,0,245,1,0,0.85,0.86,0,0,0,0,0,ipsweep,17
0,icmp,ecr_i,SF,1032,0,0,0,0,0,0,0,0,0,0,0,0,0,0,0,0,0,425,247,0.0,0.0,0,0,0.99,0.09,0,255,255,1.0,0,0,0,0.0,0,0,0,smurf,16
6,udp,http,SF,1886,6885,0,0,0,0,0,1,0,0,0,0,0,0,0,0,0,0,3,5,0.02,0.02,0,0,0.96,0.04,0,201,134,0.97,0.03,0,0,0,0,0,0,normal,21
0,tcp,http,REJ,29,0,0,0,0,0,0,0,0,0,0,0,0,0,0,0,0,0,449,111,0.86,0.86,0,0,0.95,0.08,0,255,50,0.02,0,0,0,0.86,0,0,0,back,16
10,udp,http,SF,950,12203,0,0,0,0,0,1,0,0,0,0,0,0,0,0,0,0,9,12,0.0,0.0,0,0,0.94,0.06,0,207,25,0.89,0.11,0,0,0,0,0,0,normal,21
8,tcp,http,SF,588,6584,0,0,0,0,0,1,0,0,0,0,0,0,0,0,0,0,3,11,0.05,0.05,0,0,0.93,0.07,0,202,163,0.99,0.01,0,0,0,0,0,0,normal,21
0,tcp,http,REJ,8,0,0,0,0,0,0,0,0,0,0,0,0,0,0,0,0,0,109,511,0.93,0.93,0,0,0.93,0.0,0,255,26,0.06,0,0,0,0.93,0,0,0,teardrop,18
0,tcp,private,S0,5,0,0,0,0,0,0,0,0,0,0,0,0,0,0,0,0,0,440,468,0.89,0.89,0,0,0.99,0.03,0,255,2,0.11,0,0,0,0.89,0,0,0,back,17
0,tcp,http,S0,14,0,0,0,0,0,0,0,0,0,0,0,0,0,0,0,0,0,254,162,0.85,0.85,0,0,0.97,0.04,0,255,44,0.13,0,0,0,0.85,0,0,0,neptune,15
1,tcp,http,SF,1637,14741,0,0,0,0,0,1,0,0,0,0,0,0,0,0,0,0,14,9,0.02,0.02,0,0,1.0,0.0,0,190,62,0.93,0.07,0,0,0,0,0,0,normal,21
5,tcp,private,SF,18,12,0,0,0,0,0,0,0,0,0,0,0,0,0,0,0,0,8,1,0,0,0,0,0.13,0.81,0,225,3,0,0.79,0.95,0,0,0,0,0,satan,13
1,udp,ftp_data,SF,286,2335,0,0,0,0,0,1,0,0,0,0,0,0,0,0,0,0,11,5,0.05,0.05,0,0,0.96,0.04,0,216,231,0.94,0.06,0,0,0,0,0,0,normal,21
0,tcp,private,S0,42,0,0,0,0,0,0,0,0,0,0,0,0,0,0,0,0,0,215,324,0.84,0.84,0,0,0.91,0.03,0,255,28,0.16,0,0,0,0.84,0,0,0,back,19
3,tcp,smtp,SF,1082,8175,0,0,0,0,0,1,0,0,0,0,0,0,0,0,0,0,13,1,0.02,0.02,0,0,0.96,0.04,0,42,115,0.93,0.07,0,0,0,0,0,0,normal,21
0,tcp,private,REJ,28,0,0,0,0,0,0,0,0,0,0,0,0,0,0,0,0,0,484,486,0.88,0.88,0,0,0.95,0.01,0,255,32,0.1,0,0,0,0.88,0,0,0,neptune,17
8,tcp,smtp,SF,214,8744,0,0,0,0,0,1,0,0,0,0,0,0,0,0,0,0,13,2,0.01,0.01,0,0,0.99,0.01,0,109,74,0.95,0.05,0,0,0,0,0,0,normal,21
0,tcp,http,REJ,17,0,0,0,0,0,0,0,0,0,0,0,0,0,0,0,0,0,394,164,0.94,0.94,0,0,1.0,0.04,0,255,15,0.16,0,0,0,0.94,0,0,0,neptune,20
6,tcp,http,SF,1410,426,0,0,0,0,0,1,0,0,0,0,0,0,0,0,0,0,8,6,0.05,0.05,0,0,0.96,0.04,0,191,204,0.9,0.1,0,0,0,0,0,0,normal,21
0,tcp,http,S0,31,0,0,0,0,0,0,0,0,0,0,0,0,0,0,0,0,0,360,495,0.91,0.91,0,0,0.99,0.02,0,255,6,0.03,0,0,0,0.91,0,0,0,back,20
4,udp,domain_u,SF,2262,7890,0,0,0,0,0,0,0,0,0,0,0,0,0,0,0,0,2,12,0.0,0.0,0,0,0.97,0.03,0,179,50,0.89,0.11,0,0,0,0,0,0,normal,21
0,tcp,http,REJ,17,0,0,0,0,0,0,0,0,0,0,0,0,0,0,0,0,0,378,335,0.87,0.87,0,0,0.96,0.09,0,255,47,0.2,0,0,0,0.87,0,0,0,neptune,16
0,tcp,http,S0,17,0,0,0,0,0,0,0,0,0,0,0,0,0,0,0,0,0,257,466,0.92,0.92,0,0,0.91,0.0,0,255,41,0.18,0,0,0,0.92,0,0,0,back,17
0,tcp,private,REJ,35,0,0,0,0,0,0,0,0,0,0,0,0,0,0,0,0,0,445,165,0.83,0.83,0,0,0.99,0.06,0,255,20,0.05,0,0,0,0.83,0,0,0,neptune,20
54,tcp,telnet,SF,196,2657,0,0,0,4,2,0,0,0,0,0,0,0,0,0,0,0,1,1,0,0,0,0,0,0,0,8,16,0,0,0,0,0,0,0,0,guess_passwd,9
0,tcp,private,S0,23,0,0,0,0,0,0,0,0,0,0,0,0,0,0,0,0,0,352,351,0.92,0.92,0,0,0.9,0.0,0,255,9,0.17,0,0,0,0.92,0,0,0,teardrop,20
8,tcp,smtp,SF,288,5226,0,0,0,0,0,1,0,0,0,0,0,0,0,0,0,0,2,6,0.03,0.03,0,0,0.98,0.02,0,123,252,1.0,0.0,0,0,0,0,0,0,normal,21
0,tcp,http,REJ,46,0,0,0,0,0,0,0,0,0,0,0,0,0,0,0,0,0,167,480,0.91,0.91,0,0,0.95,0.05,0,255,41,0.07,0,0,0,0.91,0,0,0,neptune,17
0,tcp,smtp,SF,2072,12020,0,0,0,0,0,1,0,0,0,0,0,0,0,0,0,0,10,2,0.01,0.01,0,0,0.96,0.04,0,234,62,0.86,0.14,0,0,0,0,0,0,normal,21
0,tcp,private,REJ,33,0,0,0,0,0,0,0,0,0,0,0,0,0,0,0,0,0,303,321,0.84,0.84,0,0,0.93,0.02,0,255,48,0.18,0,0,0,0.84,0,0,0,teardrop,15
51,tcp,telnet,SF,315,1283,0,0,0,1,2,0,0,0,0,0,0,0,0,0,0,0,1,1,0,0,0,0,0,0,0,27,25,0,0,0,0,0,0,0,0,guess_passwd,9
5,tcp,eco_i,REJ,82,11,0,0,0,0,0,0,0,0,0,0,0,0,0,0,0,0,15,1,0,0,0,0,0.14,0.94,0,218,8,0,0.63,0.96,0,0,0,0,0,ipsweep,12
10,tcp,domain_u,SF,249,8593,0,0,0,0,0,0,0,0,0,0,0,0,0,0,0,0,1,5,0.04,0.04,0,0,0.9,0.1,0,41,28,0.87,0.13,0,0,0,0,0,0,normal,21
0,icmp,ecr_i,SF,1032,0,0,0,0,0,0,0,0,0,0,0,0,0,0,0,0,0,239,427,0.0,0.0,0,0,0.97,0.06,0,255,255,1.0,0,0,0,0.0,0,0,0,smurf,15
0,tcp,other,RSTO,10,27,0,0,0,0,0,0,0,0,0,0,0,0,0,0,0,0,5,1,0,0,0,0,0.06,0.95,0,197,10,0,0.83,0.64,0,0,0,0,0,satan,14
1,udp,ftp_data,SF,327,14175,0,0,0,0,0,1,0,0,0,0,0,0,0,0,0,0,15,6,0.02,0.02,0,0,0.94,0.06,0,106,223,0.9,0.1,0,0,0,0,0,0,normal,21
0,icmp,ecr_i,SF,1032,0,0,0,0,0,0,0,0,0,0,0,0,0,0,0,0,0,210,413,0.0,0.0,0,0,0.93,0.08,0,255,255,1.0,0,0,0,0.0,0,0,0,smurf,18
3,tcp,ftp_data,SF,454,1635,0,0,0,0,0,1,0,0,0,0,0,0,0,0,0,0,15,1,0.01,0.01,0,0,0.94,0.06,0,225,157,0.98,0.02,0,0,0,0,0,0,normal,21
7,udp,ftp_data,SF,600,13756,0,0,0,0,0,1,0,0,0,0,0,0,0,0,0,0,4,12,0.04,0.04,0,0,0.92,0.08,0,233,108,0.95,0.05,0,0,0,0,0,0,normal,21
10,tcp,http,SF,440,4102,0,0,0,0,0,1,0,0,0,0,0,0,0,0,0,0,8,4,0.0,0.0,0,0,0.91,0.09,0,87,162,0.95,0.05,0,0,0,0,0,0,normal,21
1,tcp,ftp_data,SF,1242,9851,0,0,0,0,0,1,0,0,0,0,0,0,0,0,0,0,8,2,0.02,0.02,0,0,1.0,0.0,0,89,134,0.97,0.03,0,0,0,0,0,0,normal,21
10,tcp,http,SF,658,3039,0,0,0,0,0,1,0,0,0,0,0,0,0,0,0,0,11,7,0.04,0.04,0,0,0.94,0.06,0,230,166,0.98,0.02,0,0,0,0,0,0,normal,21
4,tcp,http,SF,514,2514,0,0,0,0,0,1,0,0,0,0,0,0,0,0,0,0,1,2,0.01,0.01,0,0,0.92,0.08,0,132,114,0.98,0.02,0,0,0,0,0,0,normal,21
7,udp,domain_u,SF,2127,9083,0,0,0,0,0,0,0,0,0,0,0,0,0,0,0,0,6,1,0.03,0.03,0,0,0.91,0.09,0,152,163,0.98,0.02,0,0,0,0,0,0,normal,21
0,icmp,ecr_i,SF,1032,0,0,0,0,0,0,0,0,0,0,0,0,0,0,0,0,0,167,509,0.0,0.0,0,0,0.91,0.04,0,255,255,1.0,0,0,0,0.0,0,0,0,smurf,19
3,udp,ftp_data,SF,2373,14714,0,0,0,0,0,1,0,0,0,0,0,0,0,0,0,0,1,1,0.01,0.01,0,0,0.96,0.04,0,185,91,0.87,0.13,0,0,0,0,0,0,normal,21
1,icmp,private,SF,92,8,0,0,0,0,0,0,0,0,0,0,0,0,0,0,0,0,18,1,0,0,0,0,0.09,0.77,0,249,6,0,0.53,0.98,0,0,0,0,0,ipsweep,18
9,udp,http,SF,574,352,0,0,0,0,0,1,0,0,0,0,0,0,0,0,0,0,1,11,0.04,0.04,0,0,0.9,0.1,0,211,205,0.95,0.05,0,0,0,0,0,0,normal,21
49,tcp,ftp,SF,398,475,0,0,0,3,0,1,0,0,0,0,0,0,0,0,0,1,1,1,0,0,0,0,0,0,0,21,12,0,0,0,0,0,0,0,0,warezclient,12
4,udp,http,SF,292,4308,0,0,0,0,0,1,0,0,0,0,0,0,0,0,0,0,11,2,0.05,0.05,0,0,0.97,0.03,0,43,230,0.99,0.01,0,0,0,0,0,0,normal,21
0,tcp,http,REJ,44,0,0,0,0,0,0,0,0,0,0,0,0,0,0,0,0,0,160,201,0.82,0.82,0,0,0.94,0.03,0,255,35,0.16,0,0,0,0.82,0,0,0,neptune,20
1,udp,http,SF,1195,10675,0,0,0,0,0,1,0,0,0,0,0,0,0,0,0,0,11,5,0.02,0.02,0,0,0.99,0.01,0,105,30,0.91,0.09,0,0,0,0,0,0,normal,21
2,udp,smtp,SF,778,400,0,0,0,0,0,1,0,0,0,0,0,0,0,0,0,0,9,8,0.03,0.03,0,0,0.99,0.01,0,181,15,0.86,0.14,0,0,0,0,0,0,normal,21
0,tcp,private,S0,36,0,0,0,0,0,0,0,0,0,0,0,0,0,0,0,0,0,188,109,0.92,0.92,0,0,0.99,0.05,0,255,22,0.14,0,0,0,0.92,0,0,0,neptune,15
0,icmp,private,RSTO,67,34,0,0,0,0,0,0,0,0,0,0,0,0,0,0,0,0,4,1,0,0,0,0,0.17,0.94,0,214,5,0,0.59,0.68,0,0,0,0,0,portsweep,18
0,tcp,ftp_data,SF,2285,1436,0,0,0,0,0,1,0,0,0,0,0,0,0,0,0,0,6,6,0.04,0.04,0,0,0.9,0.1,0,34,138,0.96,0.04,0,0,0,0,0,0,normal,21
0,tcp,http,S0,27,0,0,0,0,0,0,0,0,0,0,0,0,0,0,0,0,0,456,211,0.85,0.85,0,0,0.98,0.02,0,255,3,0.14,0,0,0,0.85,0,0,0,back,17
5,tcp,ftp_data,SF,198,3227,0,0,0,0,0,1,0,0,0,0,0,0,0,0,0,0,10,6,0.04,0.04,0,0,0.93,0.07,0,114,21,0.95,0.05,0,0,0,0,0,0,normal,21
0,icmp,eco_i,RSTO,84,40,0,0,0,0,0,0,0,0,0,0,0,0,0,0,0,0,20,1,0,0,0,0,0.2,0.91,0,230,8,0,0.88,0.75,0,0,0,0,0,ipsweep,15
1,tcp,private,REJ,26,38,0,0,0,0,0,0,0,0,0,0,0,0,0,0,0,0,10,1,0,0,0,0,0.05,0.77,0,228,5,0,0.95,0.72,0,0,0,0,0,ipsweep,15
9,tcp,http,SF,707,7191,0,0,0,0,0,1,0,0,0,0,0,0,0,0,0,0,9,4,0.04,0.04,0,0,0.93,0.07,0,135,97,0.95,0.05,0,0,0,0,0,0,normal,21
0,tcp,http,S0,45,0,0,0,0,0,0,0,0,0,0,0,0,0,0,0,0,0,501,305,0.85,0.85,0,0,0.95,0.09,0,255,3,0.12,0,0,0,0.85,0,0,0,teardrop,16
0,tcp,private,REJ,27,0,0,0,0,0,0,0,0,0,0,0,0,0,0,0,0,0,437,325,0.87,0.87,0,0,0.97,0.07,0,255,26,0.02,0,0,0,0.87,0,0,0,back,18
0,icmp,ecr_i,SF,1032,0,0,0,0,0,0,0,0,0,0,0,0,0,0,0,0,0,153,412,0.0,0.0,0,0,0.96,0.02,0,255,255,1.0,0,0,0,0.0,0,0,0,smurf,19
6,tcp,domain_u,SF,2455,11059,0,0,0,0,0,0,0,0,0,0,0,0,0,0,0,0,2,4,0.01,0.01,0,0,0.95,0.05,0,101,244,0.93,0.07,0,0,0,0,0,0,normal,21
4,tcp,eco_i,SF,77,28,0,0,0,0,0,0,0,0,0,0,0,0,0,0,0,0,2,1,0,0,0,0,0.1,0.82,0,155,9,0,0.82,0.92,0,0,0,0,0,portsweep,14
5,tcp,other,REJ,38,18,0,0,0,0,0,0,0,0,0,0,0,0,0,0,0,0,1,1,0,0,0,0,0.06,0.71,0,152,9,0,0.87,0.97,0,0,0,0,0,portsweep,15
0,tcp,http,REJ,34,0,0,0,0,0,0,0,0,0,0,0,0,0,0,0,0,0,127,363,0.91,0.91,0,0,0.94,0.1,0,255,24,0.17,0,0,0,0.91,0,0,0,teardrop,20
6,tcp,http,SF,935,7162,0,0,0,0,0,1,0,0,0,0,0,0,0,0,0,0,9,6,0.04,0.04,0,0,0.94,0.06,0,65,217,0.95,0.05,0,0,0,0,0,0,normal,21
10,udp,http,SF,2400,1110,0,0,0,0,0,1,0,0,0,0,0,0,0,0,0,0,12,5,0.05,0.05,0,0,0.98,0.02,0,202,166,0.96,0.04,0,0,0,0,0,0,normal,21
9,tcp,domain_u,SF,1114,13400,0,0,0,0,0,0,0,0,0,0,0,0,0,0,0,0,13,10,0.03,0.03,0,0,0.99,0.01,0,149,89,0.9,0.1,0,0,0,0,0,0,normal,21
5,icmp,eco_i,RSTO,39,37,0,0,0,0,0,0,0,0,0,0,0,0,0,0,0,0,3,1,0,0,0,0,0.16,0.95,0,240,3,0,0.74,0.78,0,0,0,0,0,portsweep,16
0,icmp,private,RSTO,20,21,0,0,0,0,0,0,0,0,0,0,0,0,0,0,0,0,3,1,0,0,0,0,0.05,0.84,0,253,4,0,0.94,0.78,0,0,0,0,0,satan,18
2,udp,smtp,SF,1445,8786,0,0,0,0,0,1,0,0,0,0,0,0,0,0,0,0,12,3,0.01,0.01,0,0,0.93,0.07,0,17,17,0.92,0.08,0,0,0,0,0,0,normal,21
3,tcp,private,SF,98,38,0,0,0,0,0,0,0,0,0,0,0,0,0,0,0,0,4,1,0,0,0,0,0.18,0.66,0,165,2,0,0.82,0.62,0,0,0,0,0,nmap,14
4,tcp,ftp_data,SF,927,10015,0,0,0,0,0,1,0,0,0,0,0,0,0,0,0,0,14,7,0.03,0.03,0,0,0.91,0.09,0,17,162,0.89,0.11,0,0,0,0,0,0,normal,21
3,tcp,domain_u,SF,1418,3612,0,0,0,0,0,0,0,0,0,0,0,0,0,0,0,0,8,9,0.04,0.04,0,0,0.9,0.1,0,244,230,0.94,0.06,0,0,0,0,0,0,normal,21
9,tcp,domain_u,SF,2099,954,0,0,0,0,0,0,0,0,0,0,0,0,0,0,0,0,7,3,0.05,0.05,0,0,0.95,0.05,0,102,187,0.96,0.04,0,0,0,0,0,0,normal,21
10,tcp,domain_u,SF,820,12375,0,0,0,0,0,0,0,0,0,0,0,0,0,0,0,0,3,10,0.04,0.04,0,0,0.96,0.04,0,194,109,0.99,0.01,0,0,0,0,0,0,normal,21
4,tcp,http,SF,984,11214,0,0,0,0,0,1,0,0,0,0,0,0,0,0,0,0,11,6,0.03,0.03,0,0,0.97,0.03,0,122,15,0.93,0.07,0,0,0,0,0,0,normal,21
10,tcp,ftp_data,SF,251,5683,0,0,0,0,0,1,0,0,0,0,0,0,0,0,0,0,8,1,0.01,0.01,0,0,0.96,0.04,0,58,39,0.89,0.11,0,0,0,0,0,0,normal,21
3,tcp,eco_i,SF,80,34,0,0,0,0,0,0,0,0,0,0,0,0,0,0,0,0,6,1,0,0,0,0,0.15,0.62,0,223,7,0,0.84,0.62,0,0,0,0,0,nmap,16
1,icmp,private,REJ,45,15,0,0,0,0,0,0,0,0,0,0,0,0,0,0,0,0,4,1,0,0,0,0,0.08,0.69,0,195,1,0,0.5,0.72,0,0,0,0,0,nmap,13
9,tcp,http,SF,468,9963,0,0,0,0,0,1,0,0,0,0,0,0,0,0,0,0,13,10,0.0,0.0,0,0,0.98,0.02,0,18,192,0.9,0.1,0,0,0,0,0,0,normal,21
10,tcp,http,SF,2232,2781,0,0,0,0,0,1,0,0,0,0,0,0,0,0,0,0,9,12,0.03,0.03,0,0,0.99,0.01,0,72,17,0.98,0.02,0,0,0,0,0,0,normal,21
7,udp,http,SF,2173,8548,0,0,0,0,0,1,0,0,0,0,0,0,0,0,0,0,9,3,0.04,0.04,0,0,0.91,0.09,0,167,123,0.99,0.01,0,0,0,0,0,0,normal,21
0,tcp,http,S0,48,0,0,0,0,0,0,0,0,0,0,0,0,0,0,0,0,0,503,320,0.93,0.93,0,0,0.93,0.02,0,255,30,0.05,0,0,0,0.93,0,0,0,teardrop,16
1,icmp,eco_i,RSTO,39,4,0,0,0,0,0,0,0,0,0,0,0,0,0,0,0,0,14,1,0,0,0,0,0.18,0.79,0,213,3,0,0.55,0.99,0,0,0,0,0,ipsweep,15
10,tcp,http,SF,1929,9592,0,0,0,0,0,1,0,0,0,0,0,0,0,0,0,0,1,4,0.01,0.01,0,0,0.93,0.07,0,190,216,0.98,0.02,0,0,0,0,0,0,normal,21
0,udp,domain_u,SF,1652,14379,0,0,0,0,0,0,0,0,0,0,0,0,0,0,0,0,1,8,0.01,0.01,0,0,0.99,0.01,0,156,185,0.86,0.14,0,0,0,0,0,0,normal,21
0,icmp,ecr_i,SF,1032,0,0,0,0,0,0,0,0,0,0,0,0,0,0,0,0,0,205,455,0.0,0.0,0,0,0.98,0.03,0,255,255,1.0,0,0,0,0.0,0,0,0,smurf,19
2,udp,http,SF,1866,11992,0,0,0,0,0,1,0,0,0,0,0,0,0,0,0,0,12,11,0.04,0.04,0,0,0.99,0.01,0,203,170,0.96,0.04,0,0,0,0,0,0,normal,21
1,udp,ftp_data,SF,2490,1081,0,0,0,0,0,1,0,0,0,0,0,0,0,0,0,0,7,1,0.0,0.0,0,0,0.97,0.03,0,88,209,0.9,0.1,0,0,0,0,0,0,normal,21
9,udp,http,SF,2482,5223,0,0,0,0,0,1,0,0,0,0,0,0,0,0,0,0,1,10,0.04,0.04,0,0,0.95,0.05,0,203,13,0.85,0.15,0,0,0,0,0,0,normal,21
0,tcp,http,S0,7,0,0,0,0,0,0,0,0,0,0,0,0,0,0,0,0,0,293,451,0.98,0.98,0,0,0.99,0.0,0,255,39,0.09,0,0,0,0.98,0,0,0,teardrop,15
7,tcp,ftp_data,SF,464,6072,0,0,0,0,0,1,0,0,0,0,0,0,0,0,0,0,15,4,0.03,0.03,0,0,0.93,0.07,0,68,25,0.95,0.05,0,0,0,0,0,0,normal,21
0,tcp,http,REJ,30,0,0,0,0,0,0,0,0,0,0,0,0,0,0,0,0,0,386,385,0.95,0.95,0,0,0.9,0.03,0,255,49,0.2,0,0,0,0.95,0,0,0,teardrop,17
0,tcp,http,S0,22,0,0,0,0,0,0,0,0,0,0,0,0,0,0,0,0,0,250,381,0.85,0.85,0,0,0.99,0.05,0,255,35,0.03,0,0,0,0.85,0,0,0,back,18
1,icmp,eco_i,SF,30,17,0,0,0,0,0,0,0,0,0,0,0,0,0,0,0,0,17,1,0,0,0,0,0.13,0.92,0,241,3,0,0.78,0.81,0,0,0,0,0,ipsweep,18
1,tcp,ftp_data,SF,2480,11323,0,0,0,0,0,1,0,0,0,0,0,0,0,0,0,0,2,6,0.03,0.03,0,0,0.94,0.06,0,48,149,0.92,0.08,0,0,0,0,0,0,normal,21
7,tcp,ftp,SF,273,2533,0,0,0,2,0,1,0,0,0,0,0,0,0,0,0,0,1,1,0,0,0,0,0,0,0,20,27,0,0,0,0,0,0,0,0,ftp_write,12
0,icmp,eco_i,SF,3,20,0,0,0,0,0,0,0,0,0,0,0,0,0,0,0,0,16,1,0,0,0,0,0.1,0.87,0,210,3,0,0.87,0.83,0,0,0,0,0,ipsweep,18
5,tcp,smtp,SF,1338,7263,0,0,0,0,0,1,0,0,0,0,0,0,0,0,0,0,10,6,0.02,0.02,0,0,0.93,0.07,0,28,156,0.95,0.05,0,0,0,0,0,0,normal,21
102,tcp,telnet,SF,2050,2838,0,0,0,0,0,1,0,1,1,1,2,0,0,0,0,0,1,1,0,0,0,0,0,0,0,15,7,0,0,0,0,0,0,0,0,buffer_overflow,10
0,tcp,http,S0,1,0,0,0,0,0,0,0,0,0,0,0,0,0,0,0,0,0,198,124,0.94,0.94,0,0,0.97,0.01,0,255,7,0.17,0,0,0,0.94,0,0,0,back,20
0,icmp,ecr_i,SF,1032,0,0,0,0,0,0,0,0,0,0,0,0,0,0,0,0,0,411,143,0.0,0.0,0,0,0.91,0.08,0,255,255,1.0,0,0,0,0.0,0,0,0,smurf,20
4,tcp,ftp_data,SF,2375,11818,0,0,0,0,0,1,0,0,0,0,0,0,0,0,0,0,3,11,0.01,0.01,0,0,0.93,0.07,0,90,128,0.97,0.03,0,0,0,0,0,0,normal,21
4,udp,smtp,SF,398,12493,0,0,0,0,0,1,0,0,0,0,0,0,0,0,0,0,11,9,0.01,0.01,0,0,0.92,0.08,0,64,30,0.91,0.09,0,0,0,0,0,0,normal,21
1,tcp,smtp,SF,220,11506,0,0,0,0,0,1,0,0,0,0,0,0,0,0,0,0,14,5,0.02,0.02,0,0,0.96,0.04,0,79,124,0.95,0.05,0,0,0,0,0,0,normal,21
1,tcp,domain_u,SF,2127,2818,0,0,0,0,0,0,0,0,0,0,0,0,0,0,0,0,8,5,0.01,0.01,0,0,0.92,0.08,0,76,239,0.89,0.11,0,0,0,0,0,0,normal,21
5,udp,domain_u,SF,2035,14750,0,0,0,0,0,0,0,0,0,0,0,0,0,0,0,0,10,2,0.04,0.04,0,0,0.94,0.06,0,123,251,0.89,0.11,0,0,0,0,0,0,normal,21
9,udp,ftp_data,SF,1278,5902,0,0,0,0,0,1,0,0,0,0,0,0,0,0,0,0,7,2,0.0,0.0,0,0,0.93,0.07,0,158,67,0.95,0.05,0,0,0,0,0,0,normal,21
0,icmp,private,REJ,38,7,0,0,0,0,0,0,0,0,0,0,0,0,0,0,0,0,18,1,0,0,0,0,0.17,0.76,0,227,1,0,0.61,0.82,0,0,0,0,0,ipsweep,17
7,tcp,smtp,SF,754,1443,0,0,0,0,0,1,0,0,0,0,0,0,0,0,0,0,15,10,0.04,0.04,0,0,0.94,0.06,0,204,248,0.97,0.03,0,0,0,0,0,0,normal,21
0,tcp,http,REJ,39,0,0,0,0,0,0,0,0,0,0,0,0,0,0,0,0,0,434,299,0.85,0.85,0,0,0.92,0.05,0,255,50,0.08,0,0,0,0.85,0,0,0,back,15
9,udp,http,SF,1255,2730,0,0,0,0,0,1,0,0,0,0,0,0,0,0,0,0,14,3,0.05,0.05,0,0,0.97,0.03,0,195,135,0.88,0.12,0,0,0,0,0,0,normal,21
10,tcp,domain_u,SF,2218,3504,0,0,0,0,0,0,0,0,0,0,0,0,0,0,0,0,7,1,0.02,0.02,0,0,0.91,0.09,0,244,38,0.86,0.14,0,0,0,0,0,0,normal,21
6,udp,domain_u,SF,1642,9723,0,0,0,0,0,0,0,0,0,0,0,0,0,0,0,0,7,10,0.04,0.04,0,0,0.96,0.04,0,111,63,0.88,0.12,0,0,0,0,0,0,normal,21
0,tcp,private,REJ,22,0,0,0,0,0,0,0,0,0,0,0,0,0,0,0,0,0,504,382,0.98,0.98,0,0,0.92,0.04,0,255,10,0.03,0,0,0,0.98,0,0,0,teardrop,15
0,tcp,http,S0,11,0,0,0,0,0,0,0,0,0,0,0,0,0,0,0,0,0,437,419,0.81,0.81,0,0,0.98,0.05,0,255,38,0.1,0,0,0,0.81,0,0,0,back,19
0,tcp,private,S0,45,0,0,0,0,0,0,0,0,0,0,0,0,0,0,0,0,0,210,314,0.96,0.96,0,0,0.92,0.02,0,255,9,0.08,0,0,0,0.96,0,0,0,neptune,16
1,udp,domain_u,SF,2199,10263,0,0,0,0,0,0,0,0,0,0,0,0,0,0,0,0,2,5,0.04,0.04,0,0,1.0,0.0,0,124,215,0.97,0.03,0,0,0,0,0,0,normal,21
3,icmp,private,RSTO,2,33,0,0,0,0,0,0,0,0,0,0,0,0,0,0,0,0,4,1,0,0,0,0,0.06,0.98,0,167,4,0,0.85,0.82,0,0,0,0,0,ipsweep,15
0,udp,ftp_data,SF,1460,8050,0,0,0,0,0,1,0,0,0,0,0,0,0,0,0,0,4,7,0.02,0.02,0,0,0.98,0.02,0,234,162,0.89,0.11,0,0,0,0,0,0,normal,21
0,tcp,http,S0,6,0,0,0,0,0,0,0,0,0,0,0,0,0,0,0,0,0,498,199,0.97,0.97,0,0,0.98,0.01,0,255,33,0.16,0,0,0,0.97,0,0,0,teardrop,18
0,tcp,private,S0,50,0,0,0,0,0,0,0,0,0,0,0,0,0,0,0,0,0,194,482,0.95,0.95,0,0,0.9,0.07,0,255,4,0.13,0,0,0,0.95,0,0,0,back,16
0,tcp,private,S0,10,0,0,0,0,0,0,0,0,0,0,0,0,0,0,0,0,0,448,164,0.82,0.82,0,0,0.92,0.01,0,255,40,0.02,0,0,0,0.82,0,0,0,teardrop,20
3,icmp,other,SF,71,14,0,0,0,0,0,0,0,0,0,0,0,0,0,0,0,0,17,1,0,0,0,0,0.15,0.86,0,152,4,0,0.67,0.68,0,0,0,0,0,ipsweep,12
5,tcp,http,SF,1481,4852,0,0,0,0,0,1,0,0,0,0,0,0,0,0,0,0,5,9,0.04,0.04,0,0,0.98,0.02,0,55,136,0.85,0.15,0,0,0,0,0,0,normal,21
0,tcp,http,REJ,15,0,0,0,0,0,0,0,0,0,0,0,0,0,0,0,0,0,481,104,0.98,0.98,0,0,0.91,0.05,0,255,28,0.15,0,0,0,0.98,0,0,0,back,20
8,tcp,smtp,SF,2305,3064,0,0,0,0,0,1,0,0,0,0,0,0,0,0,0,0,2,11,0.0,0.0,0,0,0.92,0.08,0,246,195,0.9,0.1,0,0,0,0,0,0,normal,21
0,tcp,private,REJ,15,0,0,0,0,0,0,0,0,0,0,0,0,0,0,0,0,0,381,402,0.86,0.86,0,0,0.92,0.07,0,255,33,0.05,0,0,0,0.86,0,0,0,back,15
0,tcp,http,SF,1480,3276,0,0,0,0,0,1,0,0,0,0,0,0,0,0,0,0,4,7,0.01,0.01,0,0,0.91,0.09,0,72,139,0.87,0.13,0,0,0,0,0,0,normal,21
1,icmp,other,SH,36,20,0,0,0,0,0,0,0,0,0,0,0,0,0,0,0,0,11,1,0,0,0,0,0.13,0.8,0,218,1,0,0.67,0.88,0,0,0,0,0,ipsweep,14
5,tcp,private,REJ,23,24,0,0,0,0,0,0,0,0,0,0,0,0,0,0,0,0,4,1,0,0,0,0,0.11,0.81,0,227,10,0,0.67,0.76,0,0,0,0,0,ipsweep,13
1,udp,ftp_data,SF,2166,14327,0,0,0,0,0,1,0,0,0,0,0,0,0,0,0,0,15,3,0.01,0.01,0,0,0.92,0.08,0,47,147,0.89,0.11,0,0,0,0,0,0,normal,21
0,tcp,private,REJ,3,0,0,0,0,0,0,0,0,0,0,0,0,0,0,0,0,0,193,219,0.96,0.96,0,0,0.95,0.01,0,255,1,0.08,0,0,0,0.96,0,0,0,teardrop,16
5,udp,domain_u,SF,515,13702,0,0,0,0,0,0,0,0,0,0,0,0,0,0,0,0,5,5,0.02,0.02,0,0,0.93,0.07,0,20,246,0.91,0.09,0,0,0,0,0,0,normal,21
0,udp,domain_u,SF,664,945,0,0,0,0,0,0,0,0,0,0,0,0,0,0,0,0,8,8,0.04,0.04,0,0,0.9,0.1,0,88,159,0.9,0.1,0,0,0,0,0,0,normal,21
8,tcp,smtp,SF,1911,11516,0,0,0,0,0,1,0,0,0,0,0,0,0,0,0,0,11,12,0.03,0.03,0,0,0.98,0.02,0,255,54,0.9,0.1,0,0,0,0,0,0,normal,21
8,tcp,smtp,SF,1741,12951,0,0,0,0,0,1,0,0,0,0,0,0,0,0,0,0,6,2,0.0,0.0,0,0,0.98,0.02,0,210,168,0.98,0.02,0,0,0,0,0,0,normal,21
4,icmp,private,REJ,11,16,0,0,0,0,0,0,0,0,0,0,0,0,0,0,0,0,14,1,0,0,0,0,0.18,0.72,0,242,4,0,0.54,0.8,0,0,0,0,0,nmap,15
3,tcp,http,SF,2490,1285,0,0,0,0,0,1,0,0,0,0,0,0,0,0,0,0,14,3,0.04,0.04,0,0,0.93,0.07,0,82,186,0.92,0.08,0,0,0,0,0,0,normal,21
0,icmp,ecr_i,SF,1032,0,0,0,0,0,0,0,0,0,0,0,0,0,0,0,0,0,509,103,0.0,0.0,0,0,0.99,0.07,0,255,255,1.0,0,0,0,0.0,0,0,0,smurf,17
4,udp,smtp,SF,1663,2483,0,0,0,0,0,1,0,0,0,0,0,0,0,0,0,0,11,12,0.02,0.02,0,0,0.94,0.06,0,216,75,0.93,0.07,0,0,0,0,0,0,normal,21
0,tcp,http,S0,7,0,0,0,0,0,0,0,0,0,0,0,0,0,0,0,0,0,436,336,0.91,0.91,0,0,0.92,0.03,0,255,37,0.15,0,0,0,0.91,0,0,0,neptune,15
0,tcp,private,REJ,33,0,0,0,0,0,0,0,0,0,0,0,0,0,0,0,0,0,304,508,0.96,0.96,0,0,0.96,0.04,0,255,39,0.1,0,0,0,0.96,0,0,0,neptune,18
0,udp,domain_u,SF,2404,12761,0,0,0,0,0,0,0,0,0,0,0,0,0,0,0,0,12,12,0.03,0.03,0,0,0.93,0.07,0,221,114,0.9,0.1,0,0,0,0,0,0,normal,21
6,tcp,http,SF,1029,5374,0,0,0,0,0,1,0,0,0,0,0,0,0,0,0,0,7,4,0.01,0.01,0,0,0.95,0.05,0,212,37,0.96,0.04,0,0,0,0,0,0,normal,21
0,tcp,http,REJ,48,0,0,0,0,0,0,0,0,0,0,0,0,0,0,0,0,0,271,460,0.81,0.81,0,0,0.96,0.03,0,255,48,0.02,0,0,0,0.81,0,0,0,teardrop,16
6,tcp,http,SF,1334,6272,0,0,0,0,0,1,0,0,0,0,0,0,0,0,0,0,5,7,0.05,0.05,0,0,0.94,0.06,0,101,100,0.98,0.02,0,0,0,0,0,0,normal,21
10,tcp,domain_u,SF,2168,9003,0,0,0,0,0,0,0,0,0,0,0,0,0,0,0,0,7,2,0.0,0.0,0,0,0.98,0.02,0,68,27,0.89,0.11,0,0,0,0,0,0,normal,21
6,tcp,ftp_data,SF,2060,8997,0,0,0,0,0,1,0,0,0,0,0,0,0,0,0,0,10,5,0.01,0.01,0,0,0.92,0.08,0,105,186,0.95,0.05,0,0,0,0,0,0,normal,21
1,tcp,smtp,SF,1666,3849,0,0,0,0,0,1,0,0,0,0,0,0,0,0,0,0,3,6,0.02,0.02,0,0,0.97,0.03,0,233,81,0.93,0.07,0,0,0,0,0,0,normal,21
2,tcp,domain_u,SF,200,8207,0,0,0,0,0,0,0,0,0,0,0,0,0,0,0,0,12,4,0.01,0.01,0,0,0.99,0.01,0,131,125,0.89,0.11,0,0,0,0,0,0,normal,21
9,tcp,http,SF,1777,5682,0,0,0,0,0,1,0,0,0,0,0,0,0,0,0,0,4,12,0.02,0.02,0,0,0.92,0.08,0,204,246,0.95,0.05,0,0,0,0,0,0,normal,21
1,tcp,smtp,SF,2100,9803,0,0,0,0,0,1,0,0,0,0,0,0,0,0,0,0,5,6,0.02,0.02,0,0,0.93,0.07,0,96,246,0.97,0.03,0,0,0,0,0,0,normal,21
103,tcp,telnet,SF,3465,4338,0,0,0,0,0,1,0,1,1,4,3,0,0,0,0,0,1,1,0,0,0,0,0,0,0,7,8,0,0,0,0,0,0,0,0,loadmodule,12
0,icmp,ecr_i,SF,1032,0,0,0,0,0,0,0,0,0,0,0,0,0,0,0,0,0,364,241,0.0,0.0,0,0,0.94,0.05,0,255,255,1.0,0,0,0,0.0,0,0,0,smurf,18
4,tcp,http,SF,2212,9026,0,0,0,0,0,1,0,0,0,0,0,0,0,0,0,0,11,2,0.02,0.02,0,0,0.91,0.09,0,184,100,0.91,0.09,0,0,0,0,0,0,normal,21
0,tcp,private,REJ,11,0,0,0,0,0,0,0,0,0,0,0,0,0,0,0,0,0,423,307,0.91,0.91,0,0,0.99,0.02,0,255,44,0.18,0,0,0,0.91,0,0,0,neptune,15
6,udp,smtp,SF,1119,6705,0,0,0,0,0,1,0,0,0,0,0,0,0,0,0,0,11,12,0.02,0.02,0,0,0.99,0.01,0,248,169,0.89,0.11,0,0,0,0,0,0,normal,21
4,tcp,other,RSTO,96,28,0,0,0,0,0,0,0,0,0,0,0,0,0,0,0,0,7,1,0,0,0,0,0.19,0.84,0,220,8,0,0.67,0.83,0,0,0,0,0,portsweep,13
4,tcp,domain_u,SF,1871,1446,0,0,0,0,0,0,0,0,0,0,0,0,0,0,0,0,10,3,0.03,0.03,0,0,0.94,0.06,0,131,244,0.94,0.06,0,0,0,0,0,0,normal,21
0,tcp,http,S0,21,0,0,0,0,0,0,0,0,0,0,0,0,0,0,0,0,0,321,190,0.84,0.84,0,0,0.99,0.04,0,255,41,0.14,0,0,0,0.84,0,0,0,back,15
7,tcp,smtp,SF,405,5985,0,0,0,0,0,1,0,0,0,0,0,0,0,0,0,0,11,3,0.01,0.01,0,0,0.99,0.01,0,40,46,0.9,0.1,0,0,0,0,0,0,normal,21
2,tcp,domain_u,SF,2018,9098,0,0,0,0,0,0,0,0,0,0,0,0,0,0,0,0,14,7,0.01,0.01,0,0,0.96,0.04,0,13,216,0.95,0.05,0,0,0,0,0,0,normal,21
4,tcp,eco_i,SF,22,48,0,0,0,0,0,0,0,0,0,0,0,0,0,0,0,0,14,1,0,0,0,0,0.08,0.81,0,238,9,0,0.84,0.71,0,0,0,0,0,nmap,17
10,tcp,http,SF,574,4398,0,0,0,0,0,1,0,0,0,0,0,0,0,0,0,0,8,1,0.04,0.04,0,0,1.0,0.0,0,136,154,0.92,0.08,0,0,0,0,0,0,normal,21
106,tcp,telnet,SF,3831,8198,0,0,0,0,0,1,0,1,1,3,1,0,0,0,0,0,1,1,0,0,0,0,0,0,0,8,11,0,0,0,0,0,0,0,0,rootkit,11
0,tcp,private,REJ,7,0,0,0,0,0,0,0,0,0,0,0,0,0,0,0,0,0,500,503,0.98,0.98,0,0,0.94,0.01,0,255,40,0.13,0,0,0,0.98,0,0,0,neptune,16
2,tcp,domain_u,SF,1345,12980,0,0,0,0,0,0,0,0,0,0,0,0,0,0,0,0,11,8,0.01,0.01,0,0,0.93,0.07,0,150,115,0.95,0.05,0,0,0,0,0,0,normal,21
0,tcp,http,REJ,18,0,0,0,0,0,0,0,0,0,0,0,0,0,0,0,0,0,510,259,0.83,0.83,0,0,0.98,0.01,0,255,15,0.19,0,0,0,0.83,0,0,0,neptune,16
10,udp,ftp_data,SF,976,12563,0,0,0,0,0,1,0,0,0,0,0,0,0,0,0,0,15,1,0.03,0.03,0,0,0.94,0.06,0,154,14,0.98,0.02,0,0,0,0,0,0,normal,21
2,tcp,ftp_data,SF,607,5024,0,0,0,0,0,1,0,0,0,0,0,0,0,0,0,0,8,5,0.01,0.01,0,0,0.98,0.02,0,47,195,0.99,0.01,0,0,0,0,0,0,normal,21
0,tcp,http,S0,22,0,0,0,0,0,0,0,0,0,0,0,0,0,0,0,0,0,485,491,0.88,0.88,0,0,0.92,0.08,0,255,39,0.05,0,0,0,0.88,0,0,0,teardrop,16
9,tcp,ftp_data,SF,2072,1683,0,0,0,0,0,1,0,0,0,0,0,0,0,0,0,0,9,12,0.01,0.01,0,0,0.94,0.06,0,67,232,0.92,0.08,0,0,0,0,0,0,normal,21
0,tcp,http,REJ,24,0,0,0,0,0,0,0,0,0,0,0,0,0,0,0,0,0,241,403,0.98,0.98,0,0,0.92,0.1,0,255,37,0.13,0,0,0,0.98,0,0,0,back,18
43,tcp,ftp,SF,304,482,0,0,0,4,0,1,0,0,0,0,0,0,0,0,0,0,1,1,0,0,0,0,0,0,0,12,14,0,0,0,0,0,0,0,0,ftp_write,12
19,tcp,ftp,SF,155,2734,0,0,0,1,0,1,0,0,0,0,0,0,0,0,0,1,1,1,0,0,0,0,0,0,0,22,26,0,0,0,0,0,0,0,0,warezclient,8
10,udp,smtp,SF,1583,14868,0,0,0,0,0,1,0,0,0,0,0,0,0,0,0,0,14,8,0.04,0.04,0,0,0.96,0.04,0,46,228,0.9,0.1,0,0,0,0,0,0,normal,21
9,udp,domain_u,SF,2248,7718,0,0,0,0,0,0,0,0,0,0,0,0,0,0,0,0,15,7,0.03,0.03,0,0,0.94,0.06,0,163,174,0.98,0.02,0,0,0,0,0,0,normal,21
1,tcp,private,REJ,96,46,0,0,0,0,0,0,0,0,0,0,0,0,0,0,0,0,10,1,0,0,0,0,0.12,0.92,0,161,10,0,0.91,0.71,0,0,0,0,0,portsweep,17
2,tcp,smtp,SF,2147,5487,0,0,0,0,0,1,0,0,0,0,0,0,0,0,0,0,5,10,0.04,0.04,0,0,0.94,0.06,0,117,150,0.86,0.14,0,0,0,0,0,0,normal,21
0,tcp,other,REJ,67,27,0,0,0,0,0,0,0,0,0,0,0,0,0,0,0,0,12,1,0,0,0,0,0.19,0.74,0,212,9,0,0.61,0.85,0,0,0,0,0,portsweep,12
4,icmp,other,RSTO,14,7,0,0,0,0,0,0,0,0,0,0,0,0,0,0,0,0,2,1,0,0,0,0,0.2,0.77,0,251,1,0,0.78,0.96,0,0,0,0,0,nmap,14
10,tcp,domain_u,SF,1227,7493,0,0,0,0,0,0,0,0,0,0,0,0,0,0,0,0,13,12,0.03,0.03,0,0,0.93,0.07,0,41,114,0.87,0.13,0,0,0,0,0,0,normal,21
3,udp,smtp,SF,1264,13288,0,0,0,0,0,1,0,0,0,0,0,0,0,0,0,0,14,6,0.01,0.01,0,0,0.96,0.04,0,126,219,0.92,0.08,0,0,0,0,0,0,normal,21
70,tcp,telnet,SF,4988,5193,0,0,0,0,0,1,0,1,1,1,3,0,0,0,0,0,1,1,0,0,0,0,0,0,0,16,14,0,0,0,0,0,0,0,0,rootkit,7
2,icmp,other,SF,60,3,0,0,0,0,0,0,0,0,0,0,0,0,0,0,0,0,8,1,0,0,0,0,0.1,0.76,0,244,1,0,0.53,0.95,0,0,0,0,0,satan,18
10,tcp,http,SF,553,5602,0,0,0,0,0,1,0,0,0,0,0,0,0,0,0,0,12,7,0.01,0.01,0,0,0.91,0.09,0,86,132,0.91,0.09,0,0,0,0,0,0,normal,21
10,tcp,http,SF,1404,900,0,0,0,0,0,1,0,0,0,0,0,0,0,0,0,0,4,6,0.01,0.01,0,0,0.99,0.01,0,205,246,0.86,0.14,0,0,0,0,0,0,normal,21
0,icmp,ecr_i,SF,1032,0,0,0,0,0,0,0,0,0,0,0,0,0,0,0,0,0,454,405,0.0,0.0,0,0,0.93,0.03,0,255,255,1.0,0,0,0,0.0,0,0,0,smurf,18
33,tcp,ftp,SF,365,252,0,0,0,1,0,1,0,0,0,0,0,0,0,0,0,0,1,1,0,0,0,0,0,0,0,11,24,0,0,0,0,0,0,0,0,ftp_write,8
8,tcp,smtp,SF,2093,5725,0,0,0,0,0,1,0,0,0,0,0,0,0,0,0,0,4,12,0.02,0.02,0,0,0.98,0.02,0,194,12,0.95,0.05,0,0,0,0,0,0,normal,21
6,tcp,ftp_data,SF,556,12107,0,0,0,0,0,1,0,0,0,0,0,0,0,0,0,0,2,6,0.02,0.02,0,0,0.94,0.06,0,168,42,0.94,0.06,0,0,0,0,0,0,normal,21
0,tcp,http,S0,44,0,0,0,0,0,0,0,0,0,0,0,0,0,0,0,0,0,407,351,0.89,0.89,0,0,0.91,0.05,0,255,7,0.19,0,0,0,0.89,0,0,0,back,16
6,tcp,domain_u,SF,1931,7497,0,0,0,0,0,0,0,0,0,0,0,0,0,0,0,0,1,7,0.04,0.04,0,0,0.95,0.05,0,25,48,0.99,0.01,0,0,0,0,0,0,normal,21
8,tcp,smtp,SF,2448,403,0,0,0,0,0,1,0,0,0,0,0,0,0,0,0,0,15,12,0.05,0.05,0,0,0.91,0.09,0,188,95,0.96,0.04,0,0,0,0,0,0,normal,21
10,tcp,http,SF,1521,10626,0,0,0,0,0,1,0,0,0,0,0,0,0,0,0,0,2,10,0.02,0.02,0,0,0.97,0.03,0,176,59,0.99,0.01,0,0,0,0,0,0,normal,21
9,udp,domain_u,SF,1493,6698,0,0,0,0,0,0,0,0,0,0,0,0,0,0,0,0,2,9,0.03,0.03,0,0,0.99,0.01,0,12,201,0.88,0.12,0,0,0,0,0,0,normal,21
10,tcp,http,SF,2020,1759,0,0,0,0,0,1,0,0,0,0,0,0,0,0,0,0,7,9,0.01,0.01,0,0,0.94,0.06,0,227,41,0.85,0.15,0,0,0,0,0,0,normal,21
1,tcp,http,SF,2009,4264,0,0,0,0,0,1,0,0,0,0,0,0,0,0,0,0,4,3,0.02,0.02,0,0,0.99,0.01,0,170,190,0.87,0.13,0,0,0,0,0,0,normal,21
8,tcp,http,SF,696,5047,0,0,0,0,0,1,0,0,0,0,0,0,0,0,0,0,2,8,0.04,0.04,0,0,0.96,0.04,0,186,204,0.87,0.13,0,0,0,0,0,0,normal,21
40,tcp,ftp,SF,395,1749,0,0,0,4,0,1,0,0,0,0,0,0,0,0,0,0,1,1,0,0,0,0,0,0,0,1,26,0,0,0,0,0,0,0,0,ftp_write,14
0,tcp,http,S0,23,0,0,0,0,0,0,0,0,0,0,0,0,0,0,0,0,0,182,318,0.84,0.84,0,0,0.97,0.08,0,255,40,0.05,0,0,0,0.84,0,0,0,neptune,20
28,tcp,ftp,SF,718,2275,0,0,0,4,0,1,0,0,0,0,0,0,0,0,0,1,1,1,0,0,0,0,0,0,0,17,1,0,0,0,0,0,0,0,0,warezclient,12
4,tcp,smtp,SF,214,6522,0,0,0,0,0,1,0,0,0,0,0,0,0,0,0,0,11,3,0.04,0.04,0,0,0.97,0.03,0,211,255,0.97,0.03,0,0,0,0,0,0,normal,21
3,tcp,other,REJ,65,20,0,0,0,0,0,0,0,0,0,0,0,0,0,0,0,0,4,1,0,0,0,0,0.2,0.98,0,227,10,0,0.75,0.87,0,0,0,0,0,satan,17
10,tcp,domain_u,SF,303,4275,0,0,0,0,0,0,0,0,0,0,0,0,0,0,0,0,4,1,0.03,0.03,0,0,0.97,0.03,0,121,182,0.86,0.14,0,0,0,0,0,0,normal,21
1,tcp,domain_u,SF,1393,7207,0,0,0,0,0,0,0,0,0,0,0,0,0,0,0,0,1,3,0.01,0.01,0,0,0.98,0.02,0,47,222,0.98,0.02,0,0,0,0,0,0,normal,21
46,tcp,telnet,SF,5613,4371,0,0,0,0,0,1,0,1,1,4,3,0,0,0,0,0,1,1,0,0,0,0,0,0,0,2,6,0,0,0,0,0,0,0,0,rootkit,6
2,udp,ftp_data,SF,1205,10122,0,0,0,0,0,1,0,0,0,0,0,0,0,0,0,0,1,9,0.0,0.0,0,0,0.98,0.02,0,176,197,0.99,0.01,0,0,0,0,0,0,normal,21
5,tcp,domain_u,SF,1602,13253,0,0,0,0,0,0,0,0,0,0,0,0,0,0,0,0,5,7,0.03,0.03,0,0,0.94,0.06,0,71,29,0.96,0.04,0,0,0,0,0,0,normal,21
4,tcp,private,RSTO,92,49,0,0,0,0,0,0,0,0,0,0,0,0,0,0,0,0,19,1,0,0,0,0,0.15,0.8,0,155,2,0,0.51,0.85,0,0,0,0,0,nmap,17
0,tcp,http,REJ,49,0,0,0,0,0,0,0,0,0,0,0,0,0,0,0,0,0,148,400,0.91,0.91,0,0,0.95,0.07,0,255,20,0.16,0,0,0,0.91,0,0,0,back,16
6,udp,domain_u,SF,1470,7759,0,0,0,0,0,0,0,0,0,0,0,0,0,0,0,0,1,9,0.02,0.02,0,0,0.98,0.02,0,65,94,0.85,0.15,0,0,0,0,0,0,normal,21
0,icmp,ecr_i,SF,1032,0,0,0,0,0,0,0,0,0,0,0,0,0,0,0,0,0,483,425,0.0,0.0,0,0,0.99,0.02,0,255,255,1.0,0,0,0,0.0,0,0,0,smurf,19
0,tcp,http,REJ,35,0,0,0,0,0,0,0,0,0,0,0,0,0,0,0,0,0,141,273,0.93,0.93,0,0,0.99,0.06,0,255,40,0.15,0,0,0,0.93,0,0,0,teardrop,19
5,icmp,other,SF,22,21,0,0,0,0,0,0,0,0,0,0,0,0,0,0,0,0,19,1,0,0,0,0,0.11,0.61,0,155,9,0,0.62,0.7,0,0,0,0,0,ipsweep,12
10,tcp,http,SF,1428,6473,0,0,0,0,0,1,0,0,0,0,0,0,0,0,0,0,11,11,0.03,0.03,0,0,1.0,0.0,0,223,171,0.88,0.12,0,0,0,0,0,0,normal,21
5,tcp,smtp,SF,2121,13311,0,0,0,0,0,1,0,0,0,0,0,0,0,0,0,0,13,1,0.02,0.02,0,0,0.95,0.05,0,100,159,0.96,0.04,0,0,0,0,0,0,normal,21
7,udp,ftp_data,SF,1134,10745,0,0,0,0,0,1,0,0,0,0,0,0,0,0,0,0,1,8,0.0,0.0,0,0,0.99,0.01,0,36,245,0.9,0.1,0,0,0,0,0,0,normal,21
0,tcp,http,SF,1612,4235,0,0,0,0,0,1,0,0,0,0,0,0,0,0,0,0,5,9,0.04,0.04,0,0,0.95,0.05,0,45,26,0.9,0.1,0,0,0,0,0,0,normal,21
1,tcp,eco_i,SH,17,16,0,0,0,0,0,0,0,0,0,0,0,0,0,0,0,0,20,1,0,0,0,0,0.12,0.7,0,213,3,0,0.87,0.81,0,0,0,0,0,nmap,12
1,udp,http,SF,2348,501,0,0,0,0,0,1,0,0,0,0,0,0,0,0,0,0,2,12,0.01,0.01,0,0,0.9,0.1,0,99,103,0.89,0.11,0,0,0,0,0,0,normal,21
1,udp,http,SF,227,12033,0,0,0,0,0,1,0,0,0,0,0,0,0,0,0,0,10,6,0.04,0.04,0,0,0.96,0.04,0,147,53,0.88,0.12,0,0,0,0,0,0,normal,21
7,udp,smtp,SF,2256,8392,0,0,0,0,0,1,0,0,0,0,0,0,0,0,0,0,8,5,0.01,0.01,0,0,0.94,0.06,0,156,214,0.87,0.13,0,0,0,0,0,0,normal,21
0,tcp,domain_u,SF,1007,8918,0,0,0,0,0,0,0,0,0,0,0,0,0,0,0,0,13,1,0.04,0.04,0,0,0.96,0.04,0,190,27,0.89,0.11,0,0,0,0,0,0,normal,21
4,tcp,private,REJ,34,12,0,0,0,0,0,0,0,0,0,0,0,0,0,0,0,0,19,1,0,0,0,0,0.11,0.99,0,177,2,0,0.87,0.78,0,0,0,0,0,satan,18
10,tcp,http,SF,579,5898,0,0,0,0,0,1,0,0,0,0,0,0,0,0,0,0,12,11,0.02,0.02,0,0,0.92,0.08,0,22,174,0.99,0.01,0,0,0,0,0,0,normal,21
0,icmp,ecr_i,SF,1032,0,0,0,0,0,0,0,0,0,0,0,0,0,0,0,0,0,258,166,0.0,0.0,0,0,0.95,0.04,0,255,255,1.0,0,0,0,0.0,0,0,0,smurf,20
5,tcp,http,SF,1230,8166,0,0,0,0,0,1,0,0,0,0,0,0,0,0,0,0,11,12,0.05,0.05,0,0,0.95,0.05,0,57,158,0.97,0.03,0,0,0,0,0,0,normal,21
2,tcp,ftp_data,SF,2123,12305,0,0,0,0,0,1,0,0,0,0,0,0,0,0,0,0,10,7,0.02,0.02,0,0,0.9,0.1,0,190,174,0.9,0.1,0,0,0,0,0,0,normal,21
8,tcp,http,SF,2381,1595,0,0,0,0,0,1,0,0,0,0,0,0,0,0,0,0,6,11,0.01,0.01,0,0,0.91,0.09,0,82,218,0.99,0.01,0,0,0,0,0,0,normal,21
4,udp,ftp_data,SF,2410,7911,0,0,0,0,0,1,0,0,0,0,0,0,0,0,0,0,8,2,0.03,0.03,0,0,0.94,0.06,0,93,101,0.87,0.13,0,0,0,0,0,0,normal,21
0,tcp,private,S0,16,0,0,0,0,0,0,0,0,0,0,0,0,0,0,0,0,0,258,127,0.82,0.82,0,0,0.95,0.08,0,255,37,0.13,0,0,0,0.82,0,0,0,back,16
3,tcp,http,SF,2464,7270,0,0,0,0,0,1,0,0,0,0,0,0,0,0,0,0,13,4,0.02,0.02,0,0,0.94,0.06,0,48,224,0.98,0.02,0,0,0,0,0,0,normal,21
9,tcp,ftp_data,SF,1110,1289,0,0,0,0,0,1,0,0,0,0,0,0,0,0,0,0,13,8,0.01,0.01,0,0,0.91,0.09,0,220,204,1.0,0.0,0,0,0,0,0,0,normal,21
0,tcp,http,S0,16,0,0,0,0,0,0,0,0,0,0,0,0,0,0,0,0,0,471,102,0.93,0.93,0,0,0.92,0.05,0,255,3,0.12,0,0,0,0.93,0,0,0,back,15
0,tcp,ftp_data,SF,243,6640,0,0,0,0,0,1,0,0,0,0,0,0,0,0,0,0,11,4,0.05,0.05,0,0,0.94,0.06,0,195,59,0.91,0.09,0,0,0,0,0,0,normal,21
0,tcp,http,REJ,12,0,0,0,0,0,0,0,0,0,0,0,0,0,0,0,0,0,208,351,0.99,0.99,0,0,0.91,0.08,0,255,9,0.04,0,0,0,0.99,0,0,0,back,20
3,tcp,private,RSTO,81,2,0,0,0,0,0,0,0,0,0,0,0,0,0,0,0,0,7,1,0,0,0,0,0.07,0.83,0,167,7,0,0.91,0.97,0,0,0,0,0,ipsweep,17
0,udp,http,SF,2162,453,0,0,0,0,0,1,0,0,0,0,0,0,0,0,0,0,10,4,0.05,0.05,0,0,0.91,0.09,0,35,139,0.92,0.08,0,0,0,0,0,0,normal,21
5,tcp,eco_i,REJ,28,37,0,0,0,0,0,0,0,0,0,0,0,0,0,0,0,0,2,1,0,0,0,0,0.16,0.68,0,176,7,0,0.63,0.87,0,0,0,0,0,portsweep,16
1,tcp,smtp,SF,1423,6958,0,0,0,0,0,1,0,0,0,0,0,0,0,0,0,0,2,8,0.04,0.04,0,0,1.0,0.0,0,204,164,0.93,0.07,0,0,0,0,0,0,normal,21
6,udp,http,SF,753,7377,0,0,0,0,0,1,0,0,0,0,0,0,0,0,0,0,6,7,0.02,0.02,0,0,0.97,0.03,0,239,147,0.87,0.13,0,0,0,0,0,0,normal,21
9,tcp,http,SF,1951,7397,0,0,0,0,0,1,0,0,0,0,0,0,0,0,0,0,4,6,0.03,0.03,0,0,0.97,0.03,0,98,122,0.95,0.05,0,0,0,0,0,0,normal,21
4,tcp,domain_u,SF,2446,10967,0,0,0,0,0,0,0,0,0,0,0,0,0,0,0,0,15,8,0.04,0.04,0,0,0.97,0.03,0,24,224,0.95,0.05,0,0,0,0,0,0,normal,21
0,icmp,ecr_i,SF,1032,0,0,0,0,0,0,0,0,0,0,0,0,0,0,0,0,0,494,357,0.0,0.0,0,0,1.0,0.06,0,255,255,1.0,0,0,0,0.0,0,0,0,smurf,20
8,tcp,http,SF,342,3764,0,0,0,0,0,1,0,0,0,0,0,0,0,0,0,0,6,11,0.05,0.05,0,0,0.91,0.09,0,44,17,0.88,0.12,0,0,0,0,0,0,normal,21
1,icmp,private,RSTO,7,15,0,0,0,0,0,0,0,0,0,0,0,0,0,0,0,0,9,1,0,0,0,0,0.15,0.75,0,222,7,0,0.64,0.85,0,0,0,0,0,portsweep,14
10,udp,http,SF,2393,12317,0,0,0,0,0,1,0,0,0,0,0,0,0,0,0,0,14,6,0.03,0.03,0,0,0.99,0.01,0,54,150,0.85,0.15,0,0,0,0,0,0,normal,21
0,tcp,smtp,SF,426,8161,0,0,0,0,0,1,0,0,0,0,0,0,0,0,0,0,8,2,0.04,0.04,0,0,0.96,0.04,0,49,181,0.92,0.08,0,0,0,0,0,0,normal,21
4,udp,domain_u,SF,2437,10531,0,0,0,0,0,0,0,0,0,0,0,0,0,0,0,0,2,2,0.03,0.03,0,0,0.97,0.03,0,130,185,0.9,0.1,0,0,0,0,0,0,normal,21
0,icmp,ecr_i,SF,1032,0,0,0,0,0,0,0,0,0,0,0,0,0,0,0,0,0,468,370,0.0,0.0,0,0,0.94,0.06,0,255,255,1.0,0,0,0,0.0,0,0,0,smurf,15
5,tcp,http,SF,1680,10591,0,0,0,0,0,1,0,0,0,0,0,0,0,0,0,0,12,5,0.04,0.04,0,0,0.92,0.08,0,59,158,0.93,0.07,0,0,0,0,0,0,normal,21
5,icmp,eco_i,RSTO,25,9,0,0,0,0,0,0,0,0,0,0,0,0,0,0,0,0,7,1,0,0,0,0,0.13,0.97,0,172,8,0,0.59,0.94,0,0,0,0,0,nmap,14
0,tcp,http,REJ,10,0,0,0,0,0,0,0,0,0,0,0,0,0,0,0,0,0,134,481,0.84,0.84,0,0,0.93,0.06,0,255,16,0.14,0,0,0,0.84,0,0,0,back,17
0,icmp,ecr_i,SF,1032,0,0,0,0,0,0,0,0,0,0,0,0,0,0,0,0,0,357,374,0.0,0.0,0,0,0.91,0.06,0,255,255,1.0,0,0,0,0.0,0,0,0,smurf,19
2,tcp,domain_u,SF,575,10759,0,0,0,0,0,0,0,0,0,0,0,0,0,0,0,0,15,2,0.02,0.02,0,0,0.91,0.09,0,187,125,0.85,0.15,0,0,0,0,0,0,normal,21
5,tcp,eco_i,SH,17,0,0,0,0,0,0,0,0,0,0,0,0,0,0,0,0,0,20,1,0,0,0,0,0.11,0.91,0,240,10,0,0.73,0.89,0,0,0,0,0,portsweep,16
0,tcp,http,REJ,22,0,0,0,0,0,0,0,0,0,0,0,0,0,0,0,0,0,300,349,0.94,0.94,0,0,0.9,0.02,0,255,32,0.08,0,0,0,0.94,0,0,0,teardrop,18
71,tcp,telnet,SF,5718,8360,0,0,0,0,0,1,0,1,1,2,1,0,0,0,0,0,1,1,0,0,0,0,0,0,0,7,19,0,0,0,0,0,0,0,0,rootkit,5
0,icmp,ecr_i,SF,1032,0,0,0,0,0,0,0,0,0,0,0,0,0,0,0,0,0,415,101,0.0,0.0,0,0,0.91,0.09,0,255,255,1.0,0,0,0,0.0,0,0,0,smurf,20
1,tcp,private,SH,40,13,0,0,0,0,0,0,0,0,0,0,0,0,0,0,0,0,1,1,0,0,0,0,0.1,0.67,0,238,10,0,0.53,0.9,0,0,0,0,0,nmap,17
4,udp,smtp,SF,256,7160,0,0,0,0,0,1,0,0,0,0,0,0,0,0,0,0,4,1,0.01,0.01,0,0,0.9,0.1,0,20,203,0.97,0.03,0,0,0,0,0,0,normal,21
10,tcp,domain_u,SF,926,6875,0,0,0,0,0,0,0,0,0,0,0,0,0,0,0,0,5,2,0.03,0.03,0,0,0.94,0.06,0,225,123,0.92,0.08,0,0,0,0,0,0,normal,21
0,tcp,domain_u,SF,841,10731,0,0,0,0,0,0,0,0,0,0,0,0,0,0,0,0,4,11,0.04,0.04,0,0,0.93,0.07,0,54,17,0.88,0.12,0,0,0,0,0,0,normal,21
0,icmp,ecr_i,SF,1032,0,0,0,0,0,0,0,0,0,0,0,0,0,0,0,0,0,108,420,0.0,0.0,0,0,0.94,0.03,0,255,255,1.0,0,0,0,0.0,0,0,0,smurf,20
4,tcp,eco_i,SF,42,36,0,0,0,0,0,0,0,0,0,0,0,0,0,0,0,0,11,1,0,0,0,0,0.07,0.96,0,237,6,0,0.85,0.9,0,0,0,0,0,satan,13
6,tcp,domain_u,SF,1443,11529,0,0,0,0,0,0,0,0,0,0,0,0,0,0,0,0,8,9,0.03,0.03,0,0,1.0,0.0,0,19,255,0.97,0.03,0,0,0,0,0,0,normal,21
7,tcp,http,SF,2367,10484,0,0,0,0,0,1,0,0,0,0,0,0,0,0,0,0,4,9,0.05,0.05,0,0,0.92,0.08,0,195,230,0.88,0.12,0,0,0,0,0,0,normal,21
0,tcp,http,S0,10,0,0,0,0,0,0,0,0,0,0,0,0,0,0,0,0,0,128,380,0.89,0.89,0,0,0.91,0.05,0,255,20,0.01,0,0,0,0.89,0,0,0,neptune,19
0,icmp,ecr_i,SF,1032,0,0,0,0,0,0,0,0,0,0,0,0,0,0,0,0,0,223,301,0.0,0.0,0,0,0.94,0.04,0,255,255,1.0,0,0,0,0.0,0,0,0,smurf,16
3,tcp,ftp_data,SF,1169,10458,0,0,0,0,0,1,0,0,0,0,0,0,0,0,0,0,6,12,0.02,0.02,0,0,0.99,0.01,0,239,63,0.9,0.1,0,0,0,0,0,0,normal,21
5,udp,smtp,SF,1096,14682,0,0,0,0,0,1,0,0,0,0,0,0,0,0,0,0,11,6,0.01,0.01,0,0,0.92,0.08,0,58,80,0.92,0.08,0,0,0,0,0,0,normal,21
4,tcp,http,SF,1745,3048,0,0,0,0,0,1,0,0,0,0,0,0,0,0,0,0,4,7,0.01,0.01,0,0,0.96,0.04,0,123,174,0.9,0.1,0,0,0,0,0,0,normal,21
1,tcp,smtp,SF,928,6586,0,0,0,0,0,1,0,0,0,0,0,0,0,0,0,0,7,9,0.02,0.02,0,0,0.99,0.01,0,59,43,0.95,0.05,0,0,0,0,0,0,normal,21
6,udp,http,SF,1011,9074,0,0,0,0,0,1,0,0,0,0,0,0,0,0,0,0,8,10,0.02,0.02,0,0,0.95,0.05,0,15,36,0.92,0.08,0,0,0,0,0,0,normal,21
7,udp,http,SF,2042,4186,0,0,0,0,0,1,0,0,0,0,0,0,0,0,0,0,11,12,0.01,0.01,0,0,0.99,0.01,0,200,196,0.89,0.11,0,0,0,0,0,0,normal,21
8,tcp,domain_u,SF,719,3320,0,0,0,0,0,0,0,0,0,0,0,0,0,0,0,0,5,2,0.0,0.0,0,0,0.94,0.06,0,221,178,0.87,0.13,0,0,0,0,0,0,normal,21
0,tcp,private,REJ,6,0,0,0,0,0,0,0,0,0,0,0,0,0,0,0,0,0,165,509,0.95,0.95,0,0,0.99,0.02,0,255,35,0.17,0,0,0,0.95,0,0,0,back,20
3,tcp,eco_i,REJ,11,22,0,0,0,0,0,0,0,0,0,0,0,0,0,0,0,0,18,1,0,0,0,0,0.17,0.8,0,200,3,0,0.65,0.83,0,0,0,0,0,satan,16
3,icmp,private,SF,70,4,0,0,0,0,0,0,0,0,0,0,0,0,0,0,0,0,18,1,0,0,0,0,0.11,0.87,0,226,5,0,0.55,0.9,0,0,0,0,0,portsweep,18
10,udp,smtp,SF,2086,5983,0,0,0,0,0,1,0,0,0,0,0,0,0,0,0,0,4,12,0.02,0.02,0,0,0.98,0.02,0,230,31,0.92,0.08,0,0,0,0,0,0,normal,21
0,tcp,http,REJ,33,0,0,0,0,0,0,0,0,0,0,0,0,0,0,0,0,0,359,401,0.99,0.99,0,0,1.0,0.01,0,255,17,0.08,0,0,0,0.99,0,0,0,neptune,19
10,udp,domain_u,SF,2374,13431,0,0,0,0,0,0,0,0,0,0,0,0,0,0,0,0,7,9,0.02,0.02,0,0,0.92,0.08,0,66,84,0.87,0.13,0,0,0,0,0,0,normal,21
0,udp,domain_u,SF,950,467,0,0,0,0,0,0,0,0,0,0,0,0,0,0,0,0,9,6,0.03,0.03,0,0,0.94,0.06,0,184,106,0.98,0.02,0,0,0,0,0,0,normal,21
6,udp,http,SF,1468,4136,0,0,0,0,0,1,0,0,0,0,0,0,0,0,0,0,8,1,0.05,0.05,0,0,0.92,0.08,0,25,235,0.88,0.12,0,0,0,0,0,0,normal,21
5,udp,ftp_data,SF,168,6719,0,0,0,0,0,1,0,0,0,0,0,0,0,0,0,0,13,3,0.01,0.01,0,0,0.93,0.07,0,80,147,0.92,0.08,0,0,0,0,0,0,normal,21
0,tcp,ftp_data,SF,1854,8524,0,0,0,0,0,1,0,0,0,0,0,0,0,0,0,0,6,4,0.01,0.01,0,0,0.9,0.1,0,45,159,0.85,0.15,0,0,0,0,0,0,normal,21
7,udp,ftp_data,SF,1922,923,0,0,0,0,0,1,0,0,0,0,0,0,0,0,0,0,12,10,0.02,0.02,0,0,0.99,0.01,0,255,199,0.9,0.1,0,0,0,0,0,0,normal,21
0,tcp,ftp_data,SF,1379,5762,0,0,0,0,0,1,0,0,0,0,0,0,0,0,0,0,7,10,0.01,0.01,0,0,0.95,0.05,0,232,218,0.88,0.12,0,0,0,0,0,0,normal,21
0,udp,smtp,SF,1087,11276,0,0,0,0,0,1,0,0,0,0,0,0,0,0,0,0,9,1,0.05,0.05,0,0,0.94,0.06,0,169,211,0.88,0.12,0,0,0,0,0,0,normal,21
0,tcp,http,REJ,48,0,0,0,0,0,0,0,0,0,0,0,0,0,0,0,0,0,173,343,1.0,1.0,0,0,1.0,0.09,0,255,12,0.12,0,0,0,1.0,0,0,0,teardrop,19
0,tcp,private,S0,44,0,0,0,0,0,0,0,0,0,0,0,0,0,0,0,0,0,316,447,0.99,0.99,0,0,0.98,0.09,0,255,7,0.19,0,0,0,0.99,0,0,0,teardrop,18
0,icmp,ecr_i,SF,1032,0,0,0,0,0,0,0,0,0,0,0,0,0,0,0,0,0,293,110,0.0,0.0,0,0,0.9,0.09,0,255,255,1.0,0,0,0,0.0,0,0,0,smurf,18
8,tcp,smtp,SF,2258,14988,0,0,0,0,0,1,0,0,0,0,0,0,0,0,0,0,3,11,0.04,0.04,0,0,0.94,0.06,0,198,144,0.93,0.07,0,0,0,0,0,0,normal,21
8,udp,http,SF,1575,11392,0,0,0,0,0,1,0,0,0,0,0,0,0,0,0,0,14,12,0.03,0.03,0,0,0.96,0.04,0,86,57,0.98,0.02,0,0,0,0,0,0,normal,21
1,tcp,http,SF,389,11053,0,0,0,0,0,1,0,0,0,0,0,0,0,0,0,0,9,8,0.05,0.05,0,0,0.93,0.07,0,62,51,0.86,0.14,0,0,0,0,0,0,normal,21
5,tcp,http,SF,1204,14493,0,0,0,0,0,1,0,0,0,0,0,0,0,0,0,0,15,9,0.04,0.04,0,0,0.92,0.08,0,229,67,0.99,0.01,0,0,0,0,0,0,normal,21
3,udp,ftp_data,SF,1521,12579,0,0,0,0,0,1,0,0,0,0,0,0,0,0,0,0,7,1,0.02,0.02,0,0,0.95,0.05,0,27,223,0.9,0.1,0,0,0,0,0,0,normal,21
0,icmp,ecr_i,SF,1032,0,0,0,0,0,0,0,0,0,0,0,0,0,0,0,0,0,212,279,0.0,0.0,0,0,0.95,0.03,0,255,255,1.0,0,0,0,0.0,0,0,0,smurf,20
0,icmp,ecr_i,SF,1032,0,0,0,0,0,0,0,0,0,0,0,0,0,0,0,0,0,414,306,0.0,0.0,0,0,0.92,0.01,0,255,255,1.0,0,0,0,0.0,0,0,0,smurf,19
4,tcp,private,SH,31,30,0,0,0,0,0,0,0,0,0,0,0,0,0,0,0,0,9,1,0,0,0,0,0.12,0.97,0,191,6,0,0.5,0.82,0,0,0,0,0,ipsweep,15
0,tcp,http,S0,50,0,0,0,0,0,0,0,0,0,0,0,0,0,0,0,0,0,477,233,1.0,1.0,0,0,0.99,0.05,0,255,9,0.14,0,0,0,1.0,0,0,0,neptune,19
0,tcp,private,REJ,7,0,0,0,0,0,0,0,0,0,0,0,0,0,0,0,0,0,194,365,0.93,0.93,0,0,0.92,0.01,0,255,35,0.12,0,0,0,0.93,0,0,0,teardrop,18
1,udp,http,SF,1589,12427,0,0,0,0,0,1,0,0,0,0,0,0,0,0,0,0,10,4,0.02,0.02,0,0,0.91,0.09,0,13,238,0.95,0.05,0,0,0,0,0,0,normal,21
0,tcp,http,REJ,44,0,0,0,0,0,0,0,0,0,0,0,0,0,0,0,0,0,466,157,0.93,0.93,0,0,0.93,0.08,0,255,6,0.08,0,0,0,0.93,0,0,0,teardrop,18
3,tcp,smtp,SF,360,8140,0,0,0,0,0,1,0,0,0,0,0,0,0,0,0,0,13,2,0.03,0.03,0,0,0.9,0.1,0,199,228,0.91,0.09,0,0,0,0,0,0,normal,21
8,tcp,smtp,SF,890,8310,0,0,0,0,0,1,0,0,0,0,0,0,0,0,0,0,9,3,0.04,0.04,0,0,0.99,0.01,0,160,192,0.87,0.13,0,0,0,0,0,0,normal,21
1,udp,domain_u,SF,547,14414,0,0,0,0,0,0,0,0,0,0,0,0,0,0,0,0,2,8,0.05,0.05,0,0,0.92,0.08,0,183,14,0.92,0.08,0,0,0,0,0,0,normal,21
5,udp,smtp,SF,2220,11428,0,0,0,0,0,1,0,0,0,0,0,0,0,0,0,0,7,12,0.02,0.02,0,0,0.97,0.03,0,223,36,0.97,0.03,0,0,0,0,0,0,normal,21
3,tcp,private,SF,71,19,0,0,0,0,0,0,0,0,0,0,0,0,0,0,0,0,20,1,0,0,0,0,0.19,1.0,0,175,8,0,0.61,0.96,0,0,0,0,0,satan,13
2,tcp,http,SF,209,13158,0,0,0,0,0,1,0,0,0,0,0,0,0,0,0,0,14,8,0.01,0.01,0,0,0.98,0.02,0,216,50,0.9,0.1,0,0,0,0,0,0,normal,21
0,tcp,private,S0,17,0,0,0,0,0,0,0,0,0,0,0,0,0,0,0,0,0,290,214,0.86,0.86,0,0,0.92,0.05,0,255,43,0.13,0,0,0,0.86,0,0,0,back,15
2,tcp,ftp_data,SF,1744,13731,0,0,0,0,0,1,0,0,0,0,0,0,0,0,0,0,8,4,0.05,0.05,0,0,1.0,0.0,0,202,115,0.99,0.01,0,0,0,0,0,0,normal,21
3,tcp,domain_u,SF,361,12740,0,0,0,0,0,0,0,0,0,0,0,0,0,0,0,0,7,10,0.02,0.02,0,0,0.98,0.02,0,188,182,0.9,0.1,0,0,0,0,0,0,normal,21
1,udp,smtp,SF,1935,997,0,0,0,0,0,1,0,0,0,0,0,0,0,0,0,0,7,6,0.01,0.01,0,0,0.96,0.04,0,152,102,0.99,0.01,0,0,0,0,0,0,normal,21
0,tcp,http,REJ,16,0,0,0,0,0,0,0,0,0,0,0,0,0,0,0,0,0,219,277,0.84,0.84,0,0,0.91,0.04,0,255,40,0.02,0,0,0,0.84,0,0,0,teardrop,19
5,tcp,http,SF,2450,11279,0,0,0,0,0,1,0,0,0,0,0,0,0,0,0,0,14,12,0.04,0.04,0,0,0.99,0.01,0,233,228,0.89,0.11,0,0,0,0,0,0,normal,21
4,udp,domain_u,SF,536,14552,0,0,0,0,0,0,0,0,0,0,0,0,0,0,0,0,13,9,0.02,0.02,0,0,0.92,0.08,0,40,98,0.98,0.02,0,0,0,0,0,0,normal,21
0,tcp,http,S0,33,0,0,0,0,0,0,0,0,0,0,0,0,0,0,0,0,0,309,463,0.88,0.88,0,0,0.99,0.01,0,255,2,0.19,0,0,0,0.88,0,0,0,teardrop,20
8,udp,domain_u,SF,1726,12597,0,0,0,0,0,0,0,0,0,0,0,0,0,0,0,0,7,2,0.01,0.01,0,0,0.92,0.08,0,174,43,0.86,0.14,0,0,0,0,0,0,normal,21
2,tcp,http,SF,2184,8565,0,0,0,0,0,1,0,0,0,0,0,0,0,0,0,0,8,12,0.02,0.02,0,0,0.92,0.08,0,211,251,0.98,0.02,0,0,0,0,0,0,normal,21
1,tcp,domain_u,SF,1344,283,0,0,0,0,0,0,0,0,0,0,0,0,0,0,0,0,3,3,0.03,0.03,0,0,0.9,0.1,0,250,206,0.86,0.14,0,0,0,0,0,0,normal,21
9,tcp,domain_u,SF,1349,11347,0,0,0,0,0,0,0,0,0,0,0,0,0,0,0,0,12,11,0.03,0.03,0,0,0.99,0.01,0,239,229,0.96,0.04,0,0,0,0,0,0,normal,21
0,tcp,http,REJ,1,0,0,0,0,0,0,0,0,0,0,0,0,0,0,0,0,0,260,482,0.84,0.84,0,0,0.9,0.06,0,255,21,0.12,0,0,0,0.84,0,0,0,teardrop,20
0,icmp,other,SH,57,34,0,0,0,0,0,0,0,0,0,0,0,0,0,0,0,0,12,1,0,0,0,0,0.15,0.83,0,224,2,0,0.72,0.82,0,0,0,0,0,portsweep,13
10,udp,domain_u,SF,174,9246,0,0,0,0,0,0,0,0,0,0,0,0,0,0,0,0,14,7,0.02,0.02,0,0,0.94,0.06,0,213,223,0.92,0.08,0,0,0,0,0,0,normal,21
6,tcp,ftp_data,SF,832,844,0,0,0,0,0,1,0,0,0,0,0,0,0,0,0,0,12,5,0.03,0.03,0,0,0.98,0.02,0,212,145,0.9,0.1,0,0,0,0,0,0,normal,21
0,tcp,http,S0,13,0,0,0,0,0,0,0,0,0,0,0,0,0,0,0,0,0,108,165,0.82,0.82,0,0,0.95,0.05,0,255,17,0.07,0,0,0,0.82,0,0,0,neptune,16
57,tcp,telnet,SF,5886,8255,0,0,0,0,0,1,0,1,1,3,2,0,0,0,0,0,1,1,0,0,0,0,0,0,0,2,10,0,0,0,0,0,0,0,0,loadmodule,12
2,icmp,other,SH,59,21,0,0,0,0,0,0,0,0,0,0,0,0,0,0,0,0,18,1,0,0,0,0,0.05,0.71,0,243,10,0,0.85,0.71,0,0,0,0,0,portsweep,18
0,tcp,private,S0,34,0,0,0,0,0,0,0,0,0,0,0,0,0,0,0,0,0,462,358,0.86,0.86,0,0,0.91,0.01,0,255,12,0.18,0,0,0,0.86,0,0,0,neptune,20
2,tcp,eco_i,SF,78,35,0,0,0,0,0,0,0,0,0,0,0,0,0,0,0,0,10,1,0,0,0,0,0.15,0.87,0,154,9,0,0.84,0.73,0,0,0,0,0,portsweep,17
0,tcp,http,REJ,24,0,0,0,0,0,0,0,0,0,0,0,0,0,0,0,0,0,229,318,0.87,0.87,0,0,0.92,0.1,0,255,38,0.11,0,0,0,0.87,0,0,0,neptune,15
3,tcp,smtp,SF,683,3343,0,0,0,0,0,1,0,0,0,0,0,0,0,0,0,0,14,10,0.01,0.01,0,0,0.94,0.06,0,228,94,0.96,0.04,0,0,0,0,0,0,normal,21
4,tcp,ftp_data,SF,987,7911,0,0,0,0,0,1,0,0,0,0,0,0,0,0,0,0,11,1,0.03,0.03,0,0,0.99,0.01,0,201,229,0.87,0.13,0,0,0,0,0,0,normal,21
20,tcp,ftp,SF,485,330,0,0,0,3,0,1,0,0,0,0,0,0,0,0,0,0,1,1,0,0,0,0,0,0,0,22,9,0,0,0,0,0,0,0,0,ftp_write,11
42,tcp,ftp,SF,448,1856,0,0,0,4,0,1,0,0,0,0,0,0,0,0,0,1,1,1,0,0,0,0,0,0,0,5,9,0,0,0,0,0,0,0,0,warezclient,14
7,tcp,smtp,SF,624,8058,0,0,0,0,0,1,0,0,0,0,0,0,0,0,0,0,5,11,0.04,0.04,0,0,0.91,0.09,0,241,181,0.88,0.12,0,0,0,0,0,0,normal,21
11,tcp,telnet,SF,4958,2615,0,0,0,0,0,1,0,1,1,5,3,0,0,0,0,0,1,1,0,0,0,0,0,0,0,7,17,0,0,0,0,0,0,0,0,loadmodule,11
0,tcp,http,S0,10,0,0,0,0,0,0,0,0,0,0,0,0,0,0,0,0,0,355,383,0.84,0.84,0,0,0.98,0.03,0,255,49,0.17,0,0,0,0.84,0,0,0,neptune,19
0,tcp,http,S0,7,0,0,0,0,0,0,0,0,0,0,0,0,0,0,0,0,0,372,497,0.97,0.97,0,0,0.93,0.01,0,255,45,0.17,0,0,0,0.97,0,0,0,back,20
0,tcp,other,SF,93,32,0,0,0,0,0,0,0,0,0,0,0,0,0,0,0,0,4,1,0,0,0,0,0.15,0.62,0,225,4,0,0.77,0.85,0,0,0,0,0,satan,13
1,tcp,other,REJ,72,43,0,0,0,0,0,0,0,0,0,0,0,0,0,0,0,0,20,1,0,0,0,0,0.1,0.89,0,188,6,0,0.58,0.81,0,0,0,0,0,ipsweep,15
0,icmp,ecr_i,SF,1032,0,0,0,0,0,0,0,0,0,0,0,0,0,0,0,0,0,386,220,0.0,0.0,0,0,0.98,0.08,0,255,255,1.0,0,0,0,0.0,0,0,0,smurf,16
0,icmp,ecr_i,SF,1032,0,0,0,0,0,0,0,0,0,0,0,0,0,0,0,0,0,343,163,0.0,0.0,0,0,0.91,0.09,0,255,255,1.0,0,0,0,0.0,0,0,0,smurf,17
0,icmp,ecr_i,SF,1032,0,0,0,0,0,0,0,0,0,0,0,0,0,0,0,0,0,158,307,0.0,0.0,0,0,0.94,0.07,0,255,255,1.0,0,0,0,0.0,0,0,0,smurf,16
7,tcp,http,SF,1025,2403,0,0,0,0,0,1,0,0,0,0,0,0,0,0,0,0,2,5,0.03,0.03,0,0,0.96,0.04,0,186,165,0.97,0.03,0,0,0,0,0,0,normal,21
87,tcp,telnet,SF,5612,5232,0,0,0,0,0,1,0,1,1,3,1,0,0,0,0,0,1,1,0,0,0,0,0,0,0,18,18,0,0,0,0,0,0,0,0,buffer_overflow,7
7,tcp,http,SF,1785,5999,0,0,0,0,0,1,0,0,0,0,0,0,0,0,0,0,14,6,0.05,0.05,0,0,0.91,0.09,0,232,118,0.87,0.13,0,0,0,0,0,0,normal,21
2,tcp,http,SF,2119,10674,0,0,0,0,0,1,0,0,0,0,0,0,0,0,0,0,4,10,0.03,0.03,0,0,0.97,0.03,0,161,139,0.86,0.14,0,0,0,0,0,0,normal,21
0,tcp,http,REJ,46,0,0,0,0,0,0,0,0,0,0,0,0,0,0,0,0,0,438,288,0.99,0.99,0,0,1.0,0.05,0,255,35,0.04,0,0,0,0.99,0,0,0,teardrop,18
2,tcp,domain_u,SF,1258,6143,0,0,0,0,0,0,0,0,0,0,0,0,0,0,0,0,1,9,0.0,0.0,0,0,0.94,0.06,0,189,79,0.88,0.12,0,0,0,0,0,0,normal,21
0,udp,http,SF,1837,6560,0,0,0,0,0,1,0,0,0,0,0,0,0,0,0,0,1,6,0.01,0.01,0,0,0.93,0.07,0,112,153,0.97,0.03,0,0,0,0,0,0,normal,21
4,icmp,private,RSTO,56,31,0,0,0,0,0,0,0,0,0,0,0,0,0,0,0,0,18,1,0,0,0,0,0.06,0.73,0,196,3,0,0.73,0.62,0,0,0,0,0,nmap,16
3,udp,ftp_data,SF,2487,8320,0,0,0,0,0,1,0,0,0,0,0,0,0,0,0,0,7,10,0.01,0.01,0,0,0.9,0.1,0,143,85,0.93,0.07,0,0,0,0,0,0,normal,21
1,tcp,http,SF,2282,5090,0,0,0,0,0,1,0,0,0,0,0,0,0,0,0,0,10,12,0.02,0.02,0,0,0.92,0.08,0,111,196,0.88,0.12,0,0,0,0,0,0,normal,21
9,tcp,ftp_data,SF,1616,7670,0,0,0,0,0,1,0,0,0,0,0,0,0,0,0,0,9,1,0.04,0.04,0,0,0.98,0.02,0,167,104,0.89,0.11,0,0,0,0,0,0,normal,21
53,tcp,ftp,SF,382,2772,0,0,0,4,0,1,0,0,0,0,0,0,0,0,0,1,1,1,0,0,0,0,0,0,0,4,19,0,0,0,0,0,0,0,0,warezclient,14
10,tcp,http,SF,1247,2535,0,0,0,0,0,1,0,0,0,0,0,0,0,0,0,0,14,9,0.01,0.01,0,0,0.95,0.05,0,25,179,0.98,0.02,0,0,0,0,0,0,normal,21
7,tcp,ftp_data,SF,561,8764,0,0,0,0,0,1,0,0,0,0,0,0,0,0,0,0,9,8,0.04,0.04,0,0,0.94,0.06,0,137,205,0.89,0.11,0,0,0,0,0,0,normal,21
0,icmp,eco_i,RSTO,44,38,0,0,0,0,0,0,0,0,0,0,0,0,0,0,0,0,1,1,0,0,0,0,0.08,0.7,0,251,7,0,0.73,0.75,0,0,0,0,0,portsweep,13
0,icmp,ecr_i,SF,1032,0,0,0,0,0,0,0,0,0,0,0,0,0,0,0,0,0,318,266,0.0,0.0,0,0,0.94,0.06,0,255,255,1.0,0,0,0,0.0,0,0,0,smurf,15
9,tcp,domain_u,SF,2481,10809,0,0,0,0,0,0,0,0,0,0,0,0,0,0,0,0,9,1,0.03,0.03,0,0,0.96,0.04,0,199,22,0.88,0.12,0,0,0,0,0,0,normal,21
0,tcp,http,REJ,46,0,0,0,0,0,0,0,0,0,0,0,0,0,0,0,0,0,242,415,0.85,0.85,0,0,0.97,0.08,0,255,5,0.18,0,0,0,0.85,0,0,0,back,18
8,udp,smtp,SF,1911,641,0,0,0,0,0,1,0,0,0,0,0,0,0,0,0,0,10,7,0.03,0.03,0,0,0.93,0.07,0,53,92,0.9,0.1,0,0,0,0,0,0,normal,21
5,tcp,ftp_data,SF,590,9194,0,0,0,0,0,1,0,0,0,0,0,0,0,0,0,0,10,5,0.01,0.01,0,0,0.9,0.1,0,169,198,0.95,0.05,0,0,0,0,0,0,normal,21
0,tcp,http,S0,20,0,0,0,0,0,0,0,0,0,0,0,0,0,0,0,0,0,304,188,0.8,0.8,0,0,1.0,0.0,0,255,25,0.2,0,0,0,0.8,0,0,0,neptune,20
4,udp,ftp_data,SF,784,4581,0,0,0,0,0,1,0,0,0,0,0,0,0,0,0,0,7,9,0.02,0.02,0,0,0.93,0.07,0,14,61,0.9,0.1,0,0,0,0,0,0,normal,21
10,tcp,smtp,SF,1618,12226,0,0,0,0,0,1,0,0,0,0,0,0,0,0,0,0,2,9,0.05,0.05,0,0,0.98,0.02,0,222,206,0.94,0.06,0,0,0,0,0,0,normal,21
3,icmp,eco_i,REJ,75,25,0,0,0,0,0,0,0,0,0,0,0,0,0,0,0,0,17,1,0,0,0,0,0.07,0.88,0,216,3,0,0.66,0.73,0,0,0,0,0,portsweep,15
5,tcp,private,SH,6,9,0,0,0,0,0,0,0,0,0,0,0,0,0,0,0,0,18,1,0,0,0,0,0.07,0.7,0,155,8,0,0.73,0.82,0,0,0,0,0,portsweep,16
0,tcp,private,REJ,14,0,0,0,0,0,0,0,0,0,0,0,0,0,0,0,0,0,264,478,0.82,0.82,0,0,0.92,0.03,0,255,10,0.16,0,0,0,0.82,0,0,0,teardrop,17
4,icmp,private,REJ,10,38,0,0,0,0,0,0,0,0,0,0,0,0,0,0,0,0,13,1,0,0,0,0,0.14,0.82,0,154,2,0,0.89,0.72,0,0,0,0,0,portsweep,18
0,icmp,ecr_i,SF,1032,0,0,0,0,0,0,0,0,0,0,0,0,0,0,0,0,0,460,180,0.0,0.0,0,0,0.93,0.09,0,255,255,1.0,0,0,0,0.0,0,0,0,smurf,20
1,tcp,ftp_data,SF,2237,6565,0,0,0,0,0,1,0,0,0,0,0,0,0,0,0,0,15,8,0.04,0.04,0,0,0.95,0.05,0,234,239,0.85,0.15,0,0,0,0,0,0,normal,21
0,icmp,ecr_i,SF,1032,0,0,0,0,0,0,0,0,0,0,0,0,0,0,0,0,0,162,308,0.0,0.0,0,0,0.96,0.06,0,255,255,1.0,0,0,0,0.0,0,0,0,smurf,16
0,tcp,private,S0,23,0,0,0,0,0,0,0,0,0,0,0,0,0,0,0,0,0,146,225,0.93,0.93,0,0,0.93,0.04,0,255,23,0.16,0,0,0,0.93,0,0,0,back,16
4,tcp,domain_u,SF,683,14939,0,0,0,0,0,0,0,0,0,0,0,0,0,0,0,0,8,3,0.04,0.04,0,0,0.96,0.04,0,149,232,0.92,0.08,0,0,0,0,0,0,normal,21
5,icmp,eco_i,RSTO,29,44,0,0,0,0,0,0,0,0,0,0,0,0,0,0,0,0,10,1,0,0,0,0,0.15,0.9,0,189,8,0,0.9,0.92,0,0,0,0,0,portsweep,16
4,tcp,other,RSTO,32,8,0,0,0,0,0,0,0,0,0,0,0,0,0,0,0,0,9,1,0,0,0,0,0.09,0.91,0,254,9,0,0.9,0.95,0,0,0,0,0,satan,14
0,tcp,http,REJ,36,0,0,0,0,0,0,0,0,0,0,0,0,0,0,0,0,0,298,296,0.85,0.85,0,0,0.92,0.08,0,255,18,0.04,0,0,0,0.85,0,0,0,neptune,18
0,udp,smtp,SF,1588,8287,0,0,0,0,0,1,0,0,0,0,0,0,0,0,0,0,7,10,0.04,0.04,0,0,0.95,0.05,0,49,252,0.85,0.15,0,0,0,0,0,0,normal,21
3,tcp,http,SF,867,1005,0,0,0,0,0,1,0,0,0,0,0,0,0,0,0,0,5,11,0.03,0.03,0,0,0.9,0.1,0,46,202,0.85,0.15,0,0,0,0,0,0,normal,21
3,tcp,http,SF,2320,9940,0,0,0,0,0,1,0,0,0,0,0,0,0,0,0,0,7,4,0.04,0.04,0,0,0.98,0.02,0,138,176,0.92,0.08,0,0,0,0,0,0,normal,21
10,tcp,domain_u,SF,1496,5665,0,0,0,0,0,0,0,0,0,0,0,0,0,0,0,0,10,12,0.03,0.03,0,0,0.96,0.04,0,232,199,0.87,0.13,0,0,0,0,0,0,normal,21
2,udp,http,SF,1384,9747,0,0,0,0,0,1,0,0,0,0,0,0,0,0,0,0,14,10,0.0,0.0,0,0,0.96,0.04,0,46,142,1.0,0.0,0,0,0,0,0,0,normal,21
4,udp,domain_u,SF,2243,9023,0,0,0,0,0,0,0,0,0,0,0,0,0,0,0,0,3,8,0.02,0.02,0,0,0.9,0.1,0,141,77,0.89,0.11,0,0,0,0,0,0,normal,21
4,udp,http,SF,2390,1506,0,0,0,0,0,1,0,0,0,0,0,0,0,0,0,0,9,11,0.02,0.02,0,0,0.94,0.06,0,61,86,0.86,0.14,0,0,0,0,0,0,normal,21
0,icmp,ecr_i,SF,1032,0,0,0,0,0,0,0,0,0,0,0,0,0,0,0,0,0,268,390,0.0,0.0,0,0,0.9,0.04,0,255,255,1.0,0,0,0,0.0,0,0,0,smurf,20
8,tcp,ftp_data,SF,2382,8334,0,0,0,0,0,1,0,0,0,0,0,0,0,0,0,0,14,11,0.01,0.01,0,0,0.93,0.07,0,150,225,0.97,0.03,0,0,0,0,0,0,normal,21
4,icmp,other,REJ,15,21,0,0,0,0,0,0,0,0,0,0,0,0,0,0,0,0,16,1,0,0,0,0,0.18,0.64,0,178,8,0,0.63,0.67,0,0,0,0,0,satan,13
3,icmp,other,REJ,100,41,0,0,0,0,0,0,0,0,0,0,0,0,0,0,0,0,8,1,0,0,0,0,0.19,0.89,0,150,7,0,0.84,0.96,0,0,0,0,0,satan,13
6,tcp,ftp_data,SF,805,2238,0,0,0,0,0,1,0,0,0,0,0,0,0,0,0,0,3,4,0.02,0.02,0,0,0.9,0.1,0,134,122,0.98,0.02,0,0,0,0,0,0,normal,21
1,udp,ftp_data,SF,910,8158,0,0,0,0,0,1,0,0,0,0,0,0,0,0,0,0,7,5,0.05,0.05,0,0,0.94,0.06,0,163,209,0.91,0.09,0,0,0,0,0,0,normal,21
0,tcp,private,REJ,16,0,0,0,0,0,0,0,0,0,0,0,0,0,0,0,0,0,370,393,0.93,0.93,0,0,0.94,0.09,0,255,46,0.07,0,0,0,0.93,0,0,0,neptune,17
10,tcp,domain_u,SF,2187,11599,0,0,0,0,0,0,0,0,0,0,0,0,0,0,0,0,1,8,0.04,0.04,0,0,0.94,0.06,0,48,32,0.94,0.06,0,0,0,0,0,0,normal,21
5,udp,smtp,SF,1080,11679,0,0,0,0,0,1,0,0,0,0,0,0,0,0,0,0,12,2,0.03,0.03,0,0,0.98,0.02,0,192,184,0.85,0.15,0,0,0,0,0,0,normal,21
0,tcp,private,REJ,41,0,0,0,0,0,0,0,0,0,0,0,0,0,0,0,0,0,310,416,0.93,0.93,0,0,0.97,0.01,0,255,43,0.17,0,0,0,0.93,0,0,0,neptune,20
0,icmp,ecr_i,SF,1032,0,0,0,0,0,0,0,0,0,0,0,0,0,0,0,0,0,178,282,0.0,0.0,0,0,1.0,0.0,0,255,255,1.0,0,0,0,0.0,0,0,0,smurf,18
0,tcp,private,S0,41,0,0,0,0,0,0,0,0,0,0,0,0,0,0,0,0,0,351,285,0.85,0.85,0,0,0.95,0.06,0,255,45,0.05,0,0,0,0.85,0,0,0,back,20
8,tcp,http,SF,787,3638,0,0,0,0,0,1,0,0,0,0,0,0,0,0,0,0,13,2,0.03,0.03,0,0,0.93,0.07,0,34,124,0.86,0.14,0,0,0,0,0,0,normal,21
1,udp,ftp_data,SF,1855,12206,0,0,0,0,0,1,0,0,0,0,0,0,0,0,0,0,14,5,0.01,0.01,0,0,0.95,0.05,0,58,124,0.95,0.05,0,0,0,0,0,0,normal,21
0,tcp,private,S0,25,0,0,0,0,0,0,0,0,0,0,0,0,0,0,0,0,0,418,122,0.96,0.96,0,0,0.9,0.02,0,255,47,0.14,0,0,0,0.96,0,0,0,back,19
6,tcp,ftp_data,SF,2414,6519,0,0,0,0,0,1,0,0,0,0,0,0,0,0,0,0,12,7,0.04,0.04,0,0,0.92,0.08,0,215,218,0.99,0.01,0,0,0,0,0,0,normal,21
1,icmp,eco_i,SF,70,5,0,0,0,0,0,0,0,0,0,0,0,0,0,0,0,0,14,1,0,0,0,0,0.19,0.97,0,203,3,0,0.8,0.74,0,0,0,0,0,satan,13
1,tcp,smtp,SF,2390,7881,0,0,0,0,0,1,0,0,0,0,0,0,0,0,0,0,7,9,0.0,0.0,0,0,0.96,0.04,0,108,184,0.9,0.1,0,0,0,0,0,0,normal,21
0,udp,domain_u,SF,2310,5479,0,0,0,0,0,0,0,0,0,0,0,0,0,0,0,0,6,8,0.03,0.03,0,0,0.98,0.02,0,150,113,0.94,0.06,0,0,0,0,0,0,normal,21
1,tcp,http,SF,1114,11891,0,0,0,0,0,1,0,0,0,0,0,0,0,0,0,0,9,5,0.03,0.03,0,0,0.94,0.06,0,82,185,0.95,0.05,0,0,0,0,0,0,normal,21
3,tcp,other,SH,14,34,0,0,0,0,0,0,0,0,0,0,0,0,0,0,0,0,12,1,0,0,0,0,0.13,0.76,0,195,9,0,0.89,0.78,0,0,0,0,0,satan,12
1,icmp,other,SH,95,50,0,0,0,0,0,0,0,0,0,0,0,0,0,0,0,0,18,1,0,0,0,0,0.07,0.62,0,180,4,0,0.58,0.79,0,0,0,0,0,ipsweep,17
6,tcp,http,SF,1613,13155,0,0,0,0,0,1,0,0,0,0,0,0,0,0,0,0,5,12,0.05,0.05,0,0,0.94,0.06,0,91,120,0.95,0.05,0,0,0,0,0,0,normal,21
0,icmp,private,RSTO,73,9,0,0,0,0,0,0,0,0,0,0,0,0,0,0,0,0,4,1,0,0,0,0,0.09,0.8,0,186,9,0,0.75,0.74,0,0,0,0,0,satan,15
0,udp,smtp,SF,2394,11938,0,0,0,0,0,1,0,0,0,0,0,0,0,0,0,0,14,8,0.03,0.03,0,0,0.95,0.05,0,156,174,0.88,0.12,0,0,0,0,0,0,normal,21
0,icmp,ecr_i,SF,1032,0,0,0,0,0,0,0,0,0,0,0,0,0,0,0,0,0,227,363,0.0,0.0,0,0,0.95,0.02,0,255,255,1.0,0,0,0,0.0,0,0,0,smurf,19
13,tcp,telnet,SF,615,973,0,0,0,4,3,0,0,0,0,0,0,0,0,0,0,0,1,1,0,0,0,0,0,0,0,5,11,0,0,0,0,0,0,0,0,guess_passwd,8
0,tcp,http,REJ,3,0,0,0,0,0,0,0,0,0,0,0,0,0,0,0,0,0,401,435,0.89,0.89,0,0,1.0,0.0,0,255,40,0.19,0,0,0,0.89,0,0,0,teardrop,15
0,tcp,http,S0,25,0,0,0,0,0,0,0,0,0,0,0,0,0,0,0,0,0,330,334,0.9,0.9,0,0,0.96,0.09,0,255,3,0.06,0,0,0,0.9,0,0,0,teardrop,20
0,tcp,private,S0,42,0,0,0,0,0,0,0,0,0,0,0,0,0,0,0,0,0,205,245,0.82,0.82,0,0,0.93,0.1,0,255,5,0.15,0,0,0,0.82,0,0,0,back,20
2,tcp,ftp_data,SF,1959,12715,0,0,0,0,0,1,0,0,0,0,0,0,0,0,0,0,15,2,0.0,0.0,0,0,0.93,0.07,0,248,150,0.87,0.13,0,0,0,0,0,0,normal,21
3,tcp,http,SF,1055,12025,0,0,0,0,0,1,0,0,0,0,0,0,0,0,0,0,14,10,0.02,0.02,0,0,0.91,0.09,0,99,230,0.92,0.08,0,0,0,0,0,0,normal,21
9,tcp,http,SF,1253,12341,0,0,0,0,0,1,0,0,0,0,0,0,0,0,0,0,1,6,0.03,0.03,0,0,0.9,0.1,0,143,55,0.93,0.07,0,0,0,0,0,0,normal,21
9,tcp,domain_u,SF,650,1239,0,0,0,0,0,0,0,0,0,0,0,0,0,0,0,0,15,7,0.04,0.04,0,0,0.97,0.03,0,134,152,0.91,0.09,0,0,0,0,0,0,normal,21
8,tcp,domain_u,SF,1332,9313,0,0,0,0,0,0,0,0,0,0,0,0,0,0,0,0,15,9,0.04,0.04,0,0,0.94,0.06,0,224,71,0.89,0.11,0,0,0,0,0,0,normal,21
0,tcp,private,S0,20,0,0,0,0,0,0,0,0,0,0,0,0,0,0,0,0,0,208,427,1.0,1.0,0,0,0.94,0.0,0,255,37,0.03,0,0,0,1.0,0,0,0,teardrop,18
0,tcp,private,S0,46,0,0,0,0,0,0,0,0,0,0,0,0,0,0,0,0,0,510,174,0.87,0.87,0,0,0.92,0.05,0,255,20,0.09,0,0,0,0.87,0,0,0,neptune,15
6,tcp,http,SF,1709,14760,0,0,0,0,0,1,0,0,0,0,0,0,0,0,0,0,4,4,0.02,0.02,0,0,1.0,0.0,0,197,47,0.99,0.01,0,0,0,0,0,0,normal,21
7,tcp,ftp_data,SF,1042,12959,0,0,0,0,0,1,0,0,0,0,0,0,0,0,0,0,3,7,0.01,0.01,0,0,0.99,0.01,0,161,165,0.91,0.09,0,0,0,0,0,0,normal,21
3,tcp,domain_u,SF,2357,7576,0,0,0,0,0,0,0,0,0,0,0,0,0,0,0,0,2,7,0.05,0.05,0,0,0.96,0.04,0,80,22,0.86,0.14,0,0,0,0,0,0,normal,21
0,tcp,http,S0,48,0,0,0,0,0,0,0,0,0,0,0,0,0,0,0,0,0,349,491,0.84,0.84,0,0,0.92,0.02,0,255,26,0.01,0,0,0,0.84,0,0,0,teardrop,20
9,tcp,http,SF,583,1725,0,0,0,0,0,1,0,0,0,0,0,0,0,0,0,0,1,10,0.01,0.01,0,0,0.94,0.06,0,94,233,0.94,0.06,0,0,0,0,0,0,normal,21
35,tcp,telnet,SF,1727,9537,0,0,0,0,0,1,0,1,1,2,2,0,0,0,0,0,1,1,0,0,0,0,0,0,0,19,18,0,0,0,0,0,0,0,0,buffer_overflow,5
0,icmp,ecr_i,SF,1032,0,0,0,0,0,0,0,0,0,0,0,0,0,0,0,0,0,144,298,0.0,0.0,0,0,0.91,0.07,0,255,255,1.0,0,0,0,0.0,0,0,0,smurf,19
0,tcp,http,SF,1236,5766,0,0,0,0,0,1,0,0,0,0,0,0,0,0,0,0,13,4,0.02,0.02,0,0,0.94,0.06,0,62,138,0.87,0.13,0,0,0,0,0,0,normal,21
3,udp,ftp_data,SF,505,7425,0,0,0,0,0,1,0,0,0,0,0,0,0,0,0,0,1,2,0.03,0.03,0,0,0.95,0.05,0,162,142,0.88,0.12,0,0,0,0,0,0,normal,21
0,icmp,ecr_i,SF,1032,0,0,0,0,0,0,0,0,0,0,0,0,0,0,0,0,0,458,270,0.0,0.0,0,0,0.92,0.05,0,255,255,1.0,0,0,0,0.0,0,0,0,smurf,16
19,tcp,ftp,SF,715,1794,0,0,0,4,0,1,0,0,0,0,0,0,0,0,0,1,1,1,0,0,0,0,0,0,0,30,6,0,0,0,0,0,0,0,0,warezclient,11
0,tcp,http,REJ,38,0,0,0,0,0,0,0,0,0,0,0,0,0,0,0,0,0,467,310,0.85,0.85,0,0,0.96,0.09,0,255,42,0.18,0,0,0,0.85,0,0,0,teardrop,16
0,tcp,http,REJ,32,0,0,0,0,0,0,0,0,0,0,0,0,0,0,0,0,0,341,270,0.92,0.92,0,0,0.92,0.1,0,255,48,0.14,0,0,0,0.92,0,0,0,back,19
10,udp,domain_u,SF,2004,2942,0,0,0,0,0,0,0,0,0,0,0,0,0,0,0,0,1,11,0.01,0.01,0,0,0.92,0.08,0,206,117,0.94,0.06,0,0,0,0,0,0,normal,21
2,tcp,http,SF,2351,3129,0,0,0,0,0,1,0,0,0,0,0,0,0,0,0,0,14,5,0.02,0.02,0,0,0.9,0.1,0,16,85,0.86,0.14,0,0,0,0,0,0,normal,21
1,tcp,eco_i,SH,35,36,0,0,0,0,0,0,0,0,0,0,0,0,0,0,0,0,17,1,0,0,0,0,0.12,0.81,0,175,10,0,0.85,0.67,0,0,0,0,0,satan,12
10,tcp,http,SF,1113,4748,0,0,0,0,0,1,0,0,0,0,0,0,0,0,0,0,14,12,0.01,0.01,0,0,0.95,0.05,0,212,24,0.9,0.1,0,0,0,0,0,0,normal,21
0,tcp,http,S0,13,0,0,0,0,0,0,0,0,0,0,0,0,0,0,0,0,0,166,379,0.85,0.85,0,0,0.91,0.07,0,255,40,0.07,0,0,0,0.85,0,0,0,neptune,17
0,tcp,private,REJ,12,0,0,0,0,0,0,0,0,0,0,0,0,0,0,0,0,0,414,372,0.99,0.99,0,0,0.94,0.0,0,255,49,0.12,0,0,0,0.99,0,0,0,neptune,19
6,udp,http,SF,186,13620,0,0,0,0,0,1,0,0,0,0,0,0,0,0,0,0,10,12,0.04,0.04,0,0,0.92,0.08,0,47,130,0.87,0.13,0,0,0,0,0,0,normal,21
0,tcp,private,RSTO,67,33,0,0,0,0,0,0,0,0,0,0,0,0,0,0,0,0,10,1,0,0,0,0,0.19,0.62,0,229,2,0,0.95,0.73,0,0,0,0,0,satan,14
0,tcp,private,REJ,31,0,0,0,0,0,0,0,0,0,0,0,0,0,0,0,0,0,194,250,0.92,0.92,0,0,0.99,0.02,0,255,45,0.11,0,0,0,0.92,0,0,0,teardrop,16
8,tcp,domain_u,SF,395,3769,0,0,0,0,0,0,0,0,0,0,0,0,0,0,0,0,5,4,0.02,0.02,0,0,0.98,0.02,0,90,220,0.87,0.13,0,0,0,0,0,0,normal,21
7,tcp,http,SF,2448,11833,0,0,0,0,0,1,0,0,0,0,0,0,0,0,0,0,8,7,0.05,0.05,0,0,0.97,0.03,0,165,84,0.85,0.15,0,0,0,0,0,0,normal,21
24,tcp,ftp,SF,458,1155,0,0,0,3,0,1,0,0,0,0,0,0,0,0,0,1,1,1,0,0,0,0,0,0,0,19,30,0,0,0,0,0,0,0,0,warezclient,14
0,tcp,private,REJ,17,0,0,0,0,0,0,0,0,0,0,0,0,0,0,0,0,0,281,112,0.86,0.86,0,0,0.94,0.03,0,255,18,0.04,0,0,0,0.86,0,0,0,back,20
0,tcp,http,REJ,18,0,0,0,0,0,0,0,0,0,0,0,0,0,0,0,0,0,116,363,0.87,0.87,0,0,0.95,0.01,0,255,38,0.05,0,0,0,0.87,0,0,0,neptune,18
5,tcp,smtp,SF,1044,13227,0,0,0,0,0,1,0,0,0,0,0,0,0,0,0,0,13,10,0.0,0.0,0,0,0.94,0.06,0,134,142,0.92,0.08,0,0,0,0,0,0,normal,21
2,udp,domain_u,SF,1806,4645,0,0,0,0,0,0,0,0,0,0,0,0,0,0,0,0,14,12,0.02,0.02,0,0,0.91,0.09,0,118,84,0.99,0.01,0,0,0,0,0,0,normal,21
4,tcp,smtp,SF,1959,1979,0,0,0,0,0,1,0,0,0,0,0,0,0,0,0,0,3,7,0.02,0.02,0,0,0.97,0.03,0,30,146,0.92,0.08,0,0,0,0,0,0,normal,21
0,tcp,http,REJ,27,0,0,0,0,0,0,0,0,0,0,0,0,0,0,0,0,0,452,124,0.83,0.83,0,0,0.99,0.01,0,255,12,0.08,0,0,0,0.83,0,0,0,back,18
0,tcp,domain_u,SF,1295,12717,0,0,0,0,0,0,0,0,0,0,0,0,0,0,0,0,15,11,0.0,0.0,0,0,0.94,0.06,0,99,192,0.96,0.04,0,0,0,0,0,0,normal,21
2,udp,http,SF,2082,2279,0,0,0,0,0,1,0,0,0,0,0,0,0,0,0,0,2,9,0.0,0.0,0,0,0.97,0.03,0,27,152,0.9,0.1,0,0,0,0,0,0,normal,21
0,tcp,http,S0,4,0,0,0,0,0,0,0,0,0,0,0,0,0,0,0,0,0,311,344,0.84,0.84,0,0,0.92,0.04,0,255,9,0.12,0,0,0,0.84,0,0,0,back,19
6,tcp,ftp_data,SF,1006,10628,0,0,0,0,0,1,0,0,0,0,0,0,0,0,0,0,14,2,0.03,0.03,0,0,0.91,0.09,0,109,145,0.9,0.1,0,0,0,0,0,0,normal,21
0,icmp,ecr_i,SF,1032,0,0,0,0,0,0,0,0,0,0,0,0,0,0,0,0,0,111,142,0.0,0.0,0,0,0.92,0.02,0,255,255,1.0,0,0,0,0.0,0,0,0,smurf,16
8,tcp,http,SF,1059,6287,0,0,0,0,0,1,0,0,0,0,0,0,0,0,0,0,15,3,0.0,0.0,0,0,0.93,0.07,0,157,120,0.97,0.03,0,0,0,0,0,0,normal,21
5,tcp,http,SF,1444,5746,0,0,0,0,0,1,0,0,0,0,0,0,0,0,0,0,10,10,0.03,0.03,0,0,1.0,0.0,0,134,157,0.89,0.11,0,0,0,0,0,0,normal,21
5,udp,ftp_data,SF,903,9772,0,0,0,0,0,1,0,0,0,0,0,0,0,0,0,0,9,6,0.01,0.01,0,0,0.97,0.03,0,250,35,0.93,0.07,0,0,0,0,0,0,normal,21
10,udp,domain_u,SF,425,5225,0,0,0,0,0,0,0,0,0,0,0,0,0,0,0,0,10,6,0.01,0.01,0,0,0.91,0.09,0,163,57,0.89,0.11,0,0,0,0,0,0,normal,21
8,udp,http,SF,901,5899,0,0,0,0,0,1,0,0,0,0,0,0,0,0,0,0,4,11,0.02,0.02,0,0,0.93,0.07,0,210,44,0.96,0.04,0,0,0,0,0,0,normal,21
0,icmp,ecr_i,SF,1032,0,0,0,0,0,0,0,0,0,0,0,0,0,0,0,0,0,160,507,0.0,0.0,0,0,1.0,0.03,0,255,255,1.0,0,0,0,0.0,0,0,0,smurf,15
0,tcp,private,REJ,20,0,0,0,0,0,0,0,0,0,0,0,0,0,0,0,0,0,430,375,0.97,0.97,0,0,0.91,0.03,0,255,49,0.07,0,0,0,0.97,0,0,0,back,18
4,udp,ftp_data,SF,671,4569,0,0,0,0,0,1,0,0,0,0,0,0,0,0,0,0,7,9,0.01,0.01,0,0,0.93,0.07,0,42,245,0.93,0.07,0,0,0,0,0,0,normal,21
8,udp,smtp,SF,1634,557,0,0,0,0,0,1,0,0,0,0,0,0,0,0,0,0,2,6,0.04,0.04,0,0,0.97,0.03,0,207,231,0.96,0.04,0,0,0,0,0,0,normal,21
2,udp,http,SF,1523,8894,0,0,0,0,0,1,0,0,0,0,0,0,0,0,0,0,3,9,0.03,0.03,0,0,0.95,0.05,0,176,134,0.88,0.12,0,0,0,0,0,0,normal,21
35,tcp,telnet,SF,3932,4771,0,0,0,0,0,1,0,1,1,4,2,0,0,0,0,0,1,1,0,0,0,0,0,0,0,6,19,0,0,0,0,0,0,0,0,loadmodule,11
4,tcp,http,SF,2334,12089,0,0,0,0,0,1,0,0,0,0,0,0,0,0,0,0,11,9,0.03,0.03,0,0,0.96,0.04,0,10,214,0.96,0.04,0,0,0,0,0,0,normal,21
0,tcp,private,S0,12,0,0,0,0,0,0,0,0,0,0,0,0,0,0,0,0,0,346,297,0.97,0.97,0,0,0.96,0.06,0,255,9,0.08,0,0,0,0.97,0,0,0,neptune,16
0,tcp,http,S0,10,0,0,0,0,0,0,0,0,0,0,0,0,0,0,0,0,0,128,397,0.87,0.87,0,0,0.93,0.01,0,255,45,0.12,0,0,0,0.87,0,0,0,back,18
0,tcp,http,REJ,2,0,0,0,0,0,0,0,0,0,0,0,0,0,0,0,0,0,451,223,0.92,0.92,0,0,0.93,0.08,0,255,20,0.19,0,0,0,0.92,0,0,0,teardrop,19
2,tcp,other,SF,24,40,0,0,0,0,0,0,0,0,0,0,0,0,0,0,0,0,18,1,0,0,0,0,0.19,0.94,0,201,3,0,0.52,0.97,0,0,0,0,0,satan,15
0,udp,http,SF,811,4669,0,0,0,0,0,1,0,0,0,0,0,0,0,0,0,0,14,11,0.02,0.02,0,0,0.96,0.04,0,112,25,0.9,0.1,0,0,0,0,0,0,normal,21
0,icmp,ecr_i,SF,1032,0,0,0,0,0,0,0,0,0,0,0,0,0,0,0,0,0,116,411,0.0,0.0,0,0,0.98,0.03,0,255,255,1.0,0,0,0,0.0,0,0,0,smurf,17
2,udp,ftp_data,SF,1849,8712,0,0,0,0,0,1,0,0,0,0,0,0,0,0,0,0,3,7,0.05,0.05,0,0,0.95,0.05,0,56,104,0.97,0.03,0,0,0,0,0,0,normal,21
55,tcp,ftp,SF,736,2813,0,0,0,3,0,1,0,0,0,0,0,0,0,0,0,1,1,1,0,0,0,0,0,0,0,7,1,0,0,0,0,0,0,0,0,warezclient,9
5,udp,ftp_data,SF,345,2588,0,0,0,0,0,1,0,0,0,0,0,0,0,0,0,0,4,9,0.02,0.02,0,0,0.99,0.01,0,75,143,0.96,0.04,0,0,0,0,0,0,normal,21
4,tcp,http,SF,1198,1399,0,0,0,0,0,1,0,0,0,0,0,0,0,0,0,0,2,9,0.04,0.04,0,0,0.98,0.02,0,125,188,0.88,0.12,0,0,0,0,0,0,normal,21
0,tcp,private,REJ,17,0,0,0,0,0,0,0,0,0,0,0,0,0,0,0,0,0,301,248,0.82,0.82,0,0,1.0,0.03,0,255,18,0.07,0,0,0,0.82,0,0,0,back,19
0,tcp,private,REJ,29,0,0,0,0,0,0,0,0,0,0,0,0,0,0,0,0,0,485,309,0.89,0.89,0,0,0.98,0.02,0,255,10,0.16,0,0,0,0.89,0,0,0,back,15
8,tcp,smtp,SF,1003,12904,0,0,0,0,0,1,0,0,0,0,0,0,0,0,0,0,14,2,0.03,0.03,0,0,0.94,0.06,0,121,168,0.95,0.05,0,0,0,0,0,0,normal,21
2,tcp,domain_u,SF,2244,6288,0,0,0,0,0,0,0,0,0,0,0,0,0,0,0,0,9,3,0.01,0.01,0,0,0.99,0.01,0,50,253,0.93,0.07,0,0,0,0,0,0,normal,21
0,tcp,private,S0,8,0,0,0,0,0,0,0,0,0,0,0,0,0,0,0,0,0,435,297,0.93,0.93,0,0,0.94,0.05,0,255,10,0.04,0,0,0,0.93,0,0,0,neptune,18
6,udp,http,SF,1767,239,0,0,0,0,0,1,0,0,0,0,0,0,0,0,0,0,10,10,0.01,0.01,0,0,0.93,0.07,0,157,84,0.97,0.03,0,0,0,0,0,0,normal,21
0,tcp,http,REJ,47,0,0,0,0,0,0,0,0,0,0,0,0,0,0,0,0,0,178,268,0.86,0.86,0,0,0.95,0.05,0,255,41,0.1,0,0,0,0.86,0,0,0,neptune,18
4,tcp,smtp,SF,2172,5482,0,0,0,0,0,1,0,0,0,0,0,0,0,0,0,0,11,6,0.04,0.04,0,0,0.91,0.09,0,171,202,0.88,0.12,0,0,0,0,0,0,normal,21
3,tcp,smtp,SF,899,9122,0,0,0,0,0,1,0,0,0,0,0,0,0,0,0,0,9,8,0.03,0.03,0,0,0.94,0.06,0,62,185,0.96,0.04,0,0,0,0,0,0,normal,21
3,tcp,eco_i,SF,34,11,0,0,0,0,0,0,0,0,0,0,0,0,0,0,0,0,3,1,0,0,0,0,0.2,0.85,0,193,8,0,0.66,0.67,0,0,0,0,0,satan,18
0,tcp,private,REJ,10,0,0,0,0,0,0,0,0,0,0,0,0,0,0,0,0,0,367,415,0.81,0.81,0,0,0.97,0.0,0,255,12,0.17,0,0,0,0.81,0,0,0,back,16
10,tcp,http,SF,1486,7606,0,0,0,0,0,1,0,0,0,0,0,0,0,0,0,0,4,5,0.03,0.03,0,0,0.95,0.05,0,232,71,0.93,0.07,0,0,0,0,0,0,normal,21
0,icmp,ecr_i,SF,1032,0,0,0,0,0,0,0,0,0,0,0,0,0,0,0,0,0,319,334,0.0,0.0,0,0,0.99,0.04,0,255,255,1.0,0,0,0,0.0,0,0,0,smurf,16
1,tcp,smtp,SF,2199,10984,0,0,0,0,0,1,0,0,0,0,0,0,0,0,0,0,1,10,0.04,0.04,0,0,0.95,0.05,0,43,169,0.85,0.15,0,0,0,0,0,0,normal,21
8,tcp,domain_u,SF,296,4196,0,0,0,0,0,0,0,0,0,0,0,0,0,0,0,0,8,5,0.04,0.04,0,0,0.92,0.08,0,197,205,0.96,0.04,0,0,0,0,0,0,normal,21
1,tcp,http,SF,973,11960,0,0,0,0,0,1,0,0,0,0,0,0,0,0,0,0,13,12,0.03,0.03,0,0,0.93,0.07,0,91,157,0.97,0.03,0,0,0,0,0,0,normal,21
4,tcp,ftp_data,SF,404,11540,0,0,0,0,0,1,0,0,0,0,0,0,0,0,0,0,7,7,0.04,0.04,0,0,0.94,0.06,0,47,209,0.85,0.15,0,0,0,0,0,0,normal,21
6,udp,smtp,SF,1093,10920,0,0,0,0,0,1,0,0,0,0,0,0,0,0,0,0,14,6,0.02,0.02,0,0,0.91,0.09,0,87,105,0.96,0.04,0,0,0,0,0,0,normal,21
9,tcp,http,SF,201,12478,0,0,0,0,0,1,0,0,0,0,0,0,0,0,0,0,14,6,0.04,0.04,0,0,0.9,0.1,0,24,103,0.85,0.15,0,0,0,0,0,0,normal,21
0,udp,ftp_data,SF,1146,6569,0,0,0,0,0,1,0,0,0,0,0,0,0,0,0,0,10,11,0.0,0.0,0,0,0.9,0.1,0,24,143,0.87,0.13,0,0,0,0,0,0,normal,21
0,tcp,private,S0,25,0,0,0,0,0,0,0,0,0,0,0,0,0,0,0,0,0,476,466,0.88,0.88,0,0,0.91,0.01,0,255,17,0.03,0,0,0,0.88,0,0,0,back,15
5,udp,smtp,SF,661,9398,0,0,0,0,0,1,0,0,0,0,0,0,0,0,0,0,11,2,0.04,0.04,0,0,1.0,0.0,0,245,54,0.87,0.13,0,0,0,0,0,0,normal,21
0,icmp,ecr_i,SF,1032,0,0,0,0,0,0,0,0,0,0,0,0,0,0,0,0,0,172,345,0.0,0.0,0,0,0.96,0.08,0,255,255,1.0,0,0,0,0.0,0,0,0,smurf,17
7,udp,domain_u,SF,2195,9205,0,0,0,0,0,0,0,0,0,0,0,0,0,0,0,0,12,5,0.03,0.03,0,0,0.95,0.05,0,101,102,0.98,0.02,0,0,0,0,0,0,normal,21
3,icmp,eco_i,SF,97,18,0,0,0,0,0,0,0,0,0,0,0,0,0,0,0,0,2,1,0,0,0,0,0.07,0.61,0,202,3,0,0.83,0.64,0,0,0,0,0,satan,17
8,tcp,ftp_data,SF,560,523,0,0,0,0,0,1,0,0,0,0,0,0,0,0,0,0,12,4,0.02,0.02,0,0,0.93,0.07,0,53,222,0.9,0.1,0,0,0,0,0,0,normal,21
38,tcp,telnet,SF,322,1107,0,0,0,3,4,0,0,0,0,0,0,0,0,0,0,0,1,1,0,0,0,0,0,0,0,2,11,0,0,0,0,0,0,0,0,guess_passwd,10
8,tcp,ftp_data,SF,645,14039,0,0,0,0,0,1,0,0,0,0,0,0,0,0,0,0,1,7,0.01,0.01,0,0,0.96,0.04,0,166,218,0.93,0.07,0,0,0,0,0,0,normal,21
0,tcp,private,S0,37,0,0,0,0,0,0,0,0,0,0,0,0,0,0,0,0,0,462,178,0.84,0.84,0,0,0.9,0.0,0,255,35,0.08,0,0,0,0.84,0,0,0,teardrop,15
0,tcp,private,S0,18,0,0,0,0,0,0,0,0,0,0,0,0,0,0,0,0,0,220,108,0.87,0.87,0,0,0.91,0.1,0,255,11,0.16,0,0,0,0.87,0,0,0,back,17
4,tcp,smtp,SF,1194,13051,0,0,0,0,0,1,0,0,0,0,0,0,0,0,0,0,3,5,0.03,0.03,0,0,0.97,0.03,0,162,175,1.0,0.0,0,0,0,0,0,0,normal,21
3,tcp,private,SF,40,44,0,0,0,0,0,0,0,0,0,0,0,0,0,0,0,0,13,1,0,0,0,0,0.14,0.93,0,163,2,0,0.58,0.62,0,0,0,0,0,ipsweep,13
5,tcp,eco_i,SH,64,19,0,0,0,0,0,0,0,0,0,0,0,0,0,0,0,0,18,1,0,0,0,0,0.13,0.82,0,234,5,0,0.73,0.76,0,0,0,0,0,ipsweep,15
3,tcp,http,SF,2364,9076,0,0,0,0,0,1,0,0,0,0,0,0,0,0,0,0,8,10,0.04,0.04,0,0,0.97,0.03,0,200,213,0.95,0.05,0,0,0,0,0,0,normal,21
3,tcp,smtp,SF,252,228,0,0,0,0,0,1,0,0,0,0,0,0,0,0,0,0,13,4,0.04,0.04,0,0,0.95,0.05,0,209,230,0.97,0.03,0,0,0,0,0,0,normal,21
0,icmp,ecr_i,SF,1032,0,0,0,0,0,0,0,0,0,0,0,0,0,0,0,0,0,261,308,0.0,0.0,0,0,0.92,0.07,0,255,255,1.0,0,0,0,0.0,0,0,0,smurf,17
0,tcp,private,S0,35,0,0,0,0,0,0,0,0,0,0,0,0,0,0,0,0,0,365,175,0.83,0.83,0,0,0.9,0.03,0,255,37,0.08,0,0,0,0.83,0,0,0,back,18
0,tcp,private,S0,40,0,0,0,0,0,0,0,0,0,0,0,0,0,0,0,0,0,413,326,0.9,0.9,0,0,0.93,0.01,0,255,13,0.18,0,0,0,0.9,0,0,0,neptune,20
0,tcp,http,REJ,0,0,0,0,0,0,0,0,0,0,0,0,0,0,0,0,0,0,434,370,0.9,0.9,0,0,0.92,0.01,0,255,21,0.07,0,0,0,0.9,0,0,0,teardrop,18
110,tcp,telnet,SF,5413,9861,0,0,0,0,0,1,0,1,1,1,3,0,0,0,0,0,1,1,0,0,0,0,0,0,0,3,12,0,0,0,0,0,0,0,0,loadmodule,8
0,udp,http,SF,1176,2280,0,0,0,0,0,1,0,0,0,0,0,0,0,0,0,0,7,7,0.02,0.02,0,0,0.93,0.07,0,78,197,0.99,0.01,0,0,0,0,0,0,normal,21
0,tcp,http,S0,11,0,0,0,0,0,0,0,0,0,0,0,0,0,0,0,0,0,192,201,0.82,0.82,0,0,0.92,0.03,0,255,1,0.05,0,0,0,0.82,0,0,0,back,15
2,icmp,private,RSTO,38,6,0,0,0,0,0,0,0,0,0,0,0,0,0,0,0,0,1,1,0,0,0,0,0.1,0.75,0,194,8,0,0.76,0.96,0,0,0,0,0,ipsweep,18
0,tcp,ftp_data,SF,1805,12717,0,0,0,0,0,1,0,0,0,0,0,0,0,0,0,0,8,10,0.02,0.02,0,0,0.98,0.02,0,120,181,0.91,0.09,0,0,0,0,0,0,normal,21
0,tcp,private,REJ,44,0,0,0,0,0,0,0,0,0,0,0,0,0,0,0,0,0,192,235,0.91,0.91,0,0,0.92,0.08,0,255,22,0.01,0,0,0,0.91,0,0,0,back,17
5,tcp,eco_i,SF,85,16,0,0,0,0,0,0,0,0,0,0,0,0,0,0,0,0,15,1,0,0,0,0,0.14,0.69,0,218,1,0,0.51,0.82,0,0,0,0,0,nmap,16
10,tcp,http,SF,851,13292,0,0,0,0,0,1,0,0,0,0,0,0,0,0,0,0,12,10,0.04,0.04,0,0,0.93,0.07,0,19,30,0.99,0.01,0,0,0,0,0,0,normal,21
0,tcp,private,REJ,48,0,0,0,0,0,0,0,0,0,0,0,0,0,0,0,0,0,165,455,0.82,0.82,0,0,0.95,0.05,0,255,20,0.1,0,0,0,0.82,0,0,0,teardrop,15
0,icmp,ecr_i,SF,1032,0,0,0,0,0,0,0,0,0,0,0,0,0,0,0,0,0,369,257,0.0,0.0,0,0,0.96,0.01,0,255,255,1.0,0,0,0,0.0,0,0,0,smurf,19
8,tcp,smtp,SF,1750,9355,0,0,0,0,0,1,0,0,0,0,0,0,0,0,0,0,1,6,0.03,0.03,0,0,0.91,0.09,0,57,109,0.91,0.09,0,0,0,0,0,0,normal,21
3,tcp,private,REJ,66,33,0,0,0,0,0,0,0,0,0,0,0,0,0,0,0,0,17,1,0,0,0,0,0.15,0.94,0,245,9,0,0.81,0.73,0,0,0,0,0,satan,13
0,tcp,http,S0,32,0,0,0,0,0,0,0,0,0,0,0,0,0,0,0,0,0,490,449,1.0,1.0,0,0,1.0,0.03,0,255,34,0.09,0,0,0,1.0,0,0,0,neptune,18
0,icmp,ecr_i,SF,1032,0,0,0,0,0,0,0,0,0,0,0,0,0,0,0,0,0,416,319,0.0,0.0,0,0,0.92,0.08,0,255,255,1.0,0,0,0,0.0,0,0,0,smurf,16
0,tcp,private,S0,29,0,0,0,0,0,0,0,0,0,0,0,0,0,0,0,0,0,307,152,0.87,0.87,0,0,0.9,0.02,0,255,20,0.1,0,0,0,0.87,0,0,0,neptune,20
2,icmp,eco_i,REJ,41,31,0,0,0,0,0,0,0,0,0,0,0,0,0,0,0,0,14,1,0,0,0,0,0.12,0.65,0,246,7,0,0.72,0.7,0,0,0,0,0,ipsweep,17
3,tcp,smtp,SF,1715,4366,0,0,0,0,0,1,0,0,0,0,0,0,0,0,0,0,2,1,0.04,0.04,0,0,1.0,0.0,0,18,78,0.9,0.1,0,0,0,0,0,0,normal,21
36,tcp,ftp,SF,506,2121,0,0,0,1,0,1,0,0,0,0,0,0,0,0,0,1,1,1,0,0,0,0,0,0,0,19,14,0,0,0,0,0,0,0,0,warezclient,12
0,tcp,private,S0,47,0,0,0,0,0,0,0,0,0,0,0,0,0,0,0,0,0,249,395,0.96,0.96,0,0,0.9,0.06,0,255,1,0.06,0,0,0,0.96,0,0,0,back,20
9,tcp,domain_u,SF,1012,9563,0,0,0,0,0,0,0,0,0,0,0,0,0,0,0,0,15,7,0.03,0.03,0,0,0.91,0.09,0,104,135,0.86,0.14,0,0,0,0,0,0,normal,21
7,tcp,smtp,SF,180,13668,0,0,0,0,0,1,0,0,0,0,0,0,0,0,0,0,14,2,0.04,0.04,0,0,0.96,0.04,0,127,146,0.86,0.14,0,0,0,0,0,0,normal,21
0,icmp,eco_i,RSTO,16,29,0,0,0,0,0,0,0,0,0,0,0,0,0,0,0,0,11,1,0,0,0,0,0.05,0.73,0,150,9,0,0.77,0.94,0,0,0,0,0,nmap,14
0,tcp,http,S0,17,0,0,0,0,0,0,0,0,0,0,0,0,0,0,0,0,0,446,134,0.91,0.91,0,0,0.92,0.02,0,255,9,0.15,0,0,0,0.91,0,0,0,back,17
0,icmp,ecr_i,SF,1032,0,0,0,0,0,0,0,0,0,0,0,0,0,0,0,0,0,107,111,0.0,0.0,0,0,0.95,0.07,0,255,255,1.0,0,0,0,0.0,0,0,0,smurf,19
2,icmp,other,RSTO,58,36,0,0,0,0,0,0,0,0,0,0,0,0,0,0,0,0,7,1,0,0,0,0,0.13,0.88,0,238,3,0,0.51,0.61,0,0,0,0,0,nmap,13
0,tcp,private,S0,18,0,0,0,0,0,0,0,0,0,0,0,0,0,0,0,0,0,419,229,0.93,0.93,0,0,0.92,0.04,0,255,19,0.1,0,0,0,0.93,0,0,0,neptune,20
4,icmp,private,SF,89,50,0,0,0,0,0,0,0,0,0,0,0,0,0,0,0,0,16,1,0,0,0,0,0.05,0.96,0,151,6,0,0.65,0.78,0,0,0,0,0,ipsweep,17
0,icmp,ecr_i,SF,1032,0,0,0,0,0,0,0,0,0,0,0,0,0,0,0,0,0,314,143,0.0,0.0,0,0,0.97,0.07,0,255,255,1.0,0,0,0,0.0,0,0,0,smurf,15
0,tcp,http,S0,3,0,0,0,0,0,0,0,0,0,0,0,0,0,0,0,0,0,208,470,0.94,0.94,0,0,0.96,0.01,0,255,48,0.02,0,0,0,0.94,0,0,0,back,20
8,tcp,smtp,SF,1985,8580,0,0,0,0,0,1,0,0,0,0,0,0,0,0,0,0,9,8,0.03,0.03,0,0,0.99,0.01,0,181,84,0.92,0.08,0,0,0,0,0,0,normal,21
0,tcp,private,REJ,38,0,0,0,0,0,0,0,0,0,0,0,0,0,0,0,0,0,356,207,0.98,0.98,0,0,0.96,0.07,0,255,37,0.12,0,0,0,0.98,0,0,0,neptune,17
0,udp,ftp_data,SF,1251,369,0,0,0,0,0,1,0,0,0,0,0,0,0,0,0,0,8,12,0.02,0.02,0,0,0.92,0.08,0,133,65,0.9,0.1,0,0,0,0,0,0,normal,21
3,tcp,domain_u,SF,1700,5399,0,0,0,0,0,0,0,0,0,0,0,0,0,0,0,0,6,4,0.04,0.04,0,0,0.98,0.02,0,236,100,0.93,0.07,0,0,0,0,0,0,normal,21
5,tcp,http,SF,667,12602,0,0,0,0,0,1,0,0,0,0,0,0,0,0,0,0,5,12,0.02,0.02,0,0,0.9,0.1,0,23,46,0.9,0.1,0,0,0,0,0,0,normal,21
9,udp,http,SF,2010,13046,0,0,0,0,0,1,0,0,0,0,0,0,0,0,0,0,1,4,0.03,0.03,0,0,1.0,0.0,0,153,65,0.89,0.11,0,0,0,0,0,0,normal,21
0,tcp,private,REJ,7,0,0,0,0,0,0,0,0,0,0,0,0,0,0,0,0,0,457,105,0.99,0.99,0,0,0.98,0.06,0,255,7,0.09,0,0,0,0.99,0,0,0,teardrop,17
6,tcp,smtp,SF,1963,5598,0,0,0,0,0,1,0,0,0,0,0,0,0,0,0,0,5,8,0.04,0.04,0,0,0.94,0.06,0,224,201,0.87,0.13,0,0,0,0,0,0,normal,21
9,tcp,smtp,SF,2500,8201,0,0,0,0,0,1,0,0,0,0,0,0,0,0,0,0,15,5,0.01,0.01,0,0,0.97,0.03,0,212,22,0.85,0.15,0,0,0,0,0,0,normal,21
53,tcp,telnet,SF,470,1193,0,0,0,3,1,0,0,0,0,0,0,0,0,0,0,0,1,1,0,0,0,0,0,0,0,14,13,0,0,0,0,0,0,0,0,guess_passwd,12
9,tcp,ftp_data,SF,1067,14191,0,0,0,0,0,1,0,0,0,0,0,0,0,0,0,0,15,7,0.0,0.0,0,0,0.94,0.06,0,12,102,0.92,0.08,0,0,0,0,0,0,normal,21
8,tcp,smtp,SF,904,1524,0,0,0,0,0,1,0,0,0,0,0,0,0,0,0,0,6,7,0.0,0.0,0,0,0.93,0.07,0,139,197,0.94,0.06,0,0,0,0,0,0,normal,21
8,tcp,smtp,SF,268,14652,0,0,0,0,0,1,0,0,0,0,0,0,0,0,0,0,3,9,0.01,0.01,0,0,0.94,0.06,0,29,90,0.94,0.06,0,0,0,0,0,0,normal,21
9,tcp,smtp,SF,1053,10777,0,0,0,0,0,1,0,0,0,0,0,0,0,0,0,0,1,2,0.01,0.01,0,0,0.91,0.09,0,37,225,0.92,0.08,0,0,0,0,0,0,normal,21
10,tcp,ftp_data,SF,1366,10278,0,0,0,0,0,1,0,0,0,0,0,0,0,0,0,0,10,5,0.04,0.04,0,0,0.97,0.03,0,224,80,0.92,0.08,0,0,0,0,0,0,normal,21
8,udp,domain_u,SF,788,11574,0,0,0,0,0,0,0,0,0,0,0,0,0,0,0,0,15,12,0.03,0.03,0,0,0.95,0.05,0,78,233,0.95,0.05,0,0,0,0,0,0,normal,21
7,tcp,ftp_data,SF,1760,2502,0,0,0,0,0,1,0,0,0,0,0,0,0,0,0,0,5,8,0.0,0.0,0,0,0.96,0.04,0,163,82,0.95,0.05,0,0,0,0,0,0,normal,21
7,tcp,domain_u,SF,754,9645,0,0,0,0,0,0,0,0,0,0,0,0,0,0,0,0,2,9,0.05,0.05,0,0,0.94,0.06,0,20,40,0.92,0.08,0,0,0,0,0,0,normal,21
3,icmp,private,SF,13,45,0,0,0,0,0,0,0,0,0,0,0,0,0,0,0,0,13,1,0,0,0,0,0.15,0.75,0,192,8,0,0.64,0.63,0,0,0,0,0,portsweep,12
0,tcp,private,REJ,5,0,0,0,0,0,0,0,0,0,0,0,0,0,0,0,0,0,473,121,0.87,0.87,0,0,0.93,0.02,0,255,13,0.04,0,0,0,0.87,0,0,0,teardrop,16
0,icmp,ecr_i,SF,1032,0,0,0,0,0,0,0,0,0,0,0,0,0,0,0,0,0,267,106,0.0,0.0,0,0,0.96,0.01,0,255,255,1.0,0,0,0,0.0,0,0,0,smurf,20
5,udp,http,SF,2476,4589,0,0,0,0,0,1,0,0,0,0,0,0,0,0,0,0,8,12,0.04,0.04,0,0,0.93,0.07,0,224,154,0.92,0.08,0,0,0,0,0,0,normal,21
2,icmp,private,RSTO,73,25,0,0,0,0,0,0,0,0,0,0,0,0,0,0,0,0,13,1,0,0,0,0,0.07,0.65,0,158,9,0,0.94,0.99,0,0,0,0,0,satan,17
0,tcp,http,REJ,2,0,0,0,0,0,0,0,0,0,0,0,0,0,0,0,0,0,457,127,0.82,0.82,0,0,0.95,0.1,0,255,16,0.02,0,0,0,0.82,0,0,0,neptune,18
5,tcp,http,SF,996,7970,0,0,0,0,0,1,0,0,0,0,0,0,0,0,0,0,2,9,0.0,0.0,0,0,0.93,0.07,0,138,50,0.99,0.01,0,0,0,0,0,0,normal,21
0,icmp,ecr_i,SF,1032,0,0,0,0,0,0,0,0,0,0,0,0,0,0,0,0,0,346,341,0.0,0.0,0,0,0.96,0.04,0,255,255,1.0,0,0,0,0.0,0,0,0,smurf,15
4,tcp,eco_i,RSTO,59,32,0,0,0,0,0,0,0,0,0,0,0,0,0,0,0,0,3,1,0,0,0,0,0.11,0.62,0,180,6,0,0.86,0.86,0,0,0,0,0,portsweep,18
2,udp,ftp_data,SF,1648,9585,0,0,0,0,0,1,0,0,0,0,0,0,0,0,0,0,14,2,0.02,0.02,0,0,0.99,0.01,0,36,40,0.96,0.04,0,0,0,0,0,0,normal,21
1,tcp,domain_u,SF,1873,1193,0,0,0,0,0,0,0,0,0,0,0,0,0,0,0,0,10,2,0.01,0.01,0,0,0.97,0.03,0,207,48,0.9,0.1,0,0,0,0,0,0,normal,21
0,icmp,ecr_i,SF,1032,0,0,0,0,0,0,0,0,0,0,0,0,0,0,0,0,0,120,312,0.0,0.0,0,0,0.95,0.01,0,255,255,1.0,0,0,0,0.0,0,0,0,smurf,20
0,tcp,http,S0,1,0,0,0,0,0,0,0,0,0,0,0,0,0,0,0,0,0,144,315,0.92,0.92,0,0,0.91,0.04,0,255,40,0.06,0,0,0,0.92,0,0,0,back,18
0,tcp,ftp_data,SF,1022,14385,0,0,0,0,0,1,0,0,0,0,0,0,0,0,0,0,1,9,0.01,0.01,0,0,0.97,0.03,0,235,142,0.97,0.03,0,0,0,0,0,0,normal,21
5,udp,domain_u,SF,1779,2572,0,0,0,0,0,0,0,0,0,0,0,0,0,0,0,0,10,8,0.05,0.05,0,0,0.94,0.06,0,194,189,0.95,0.05,0,0,0,0,0,0,normal,21
0,icmp,ecr_i,SF,1032,0,0,0,0,0,0,0,0,0,0,0,0,0,0,0,0,0,331,328,0.0,0.0,0,0,0.93,0.04,0,255,255,1.0,0,0,0,0.0,0,0,0,smurf,20
0,icmp,ecr_i,SF,1032,0,0,0,0,0,0,0,0,0,0,0,0,0,0,0,0,0,279,344,0.0,0.0,0,0,0.91,0.05,0,255,255,1.0,0,0,0,0.0,0,0,0,smurf,15
0,tcp,http,REJ,35,0,0,0,0,0,0,0,0,0,0,0,0,0,0,0,0,0,449,209,0.97,0.97,0,0,0.98,0.07,0,255,24,0.11,0,0,0,0.97,0,0,0,teardrop,17
9,tcp,http,SF,2143,3371,0,0,0,0,0,1,0,0,0,0,0,0,0,0,0,0,1,6,0.0,0.0,0,0,0.91,0.09,0,177,177,0.89,0.11,0,0,0,0,0,0,normal,21
4,icmp,private,SF,20,49,0,0,0,0,0,0,0,0,0,0,0,0,0,0,0,0,11,1,0,0,0,0,0.1,0.84,0,219,10,0,0.58,0.86,0,0,0,0,0,portsweep,17
0,tcp,http,S0,42,0,0,0,0,0,0,0,0,0,0,0,0,0,0,0,0,0,149,500,0.99,0.99,0,0,0.98,0.05,0,255,44,0.02,0,0,0,0.99,0,0,0,back,18
0,tcp,private,S0,24,0,0,0,0,0,0,0,0,0,0,0,0,0,0,0,0,0,168,460,0.9,0.9,0,0,0.94,0.09,0,255,25,0.16,0,0,0,0.9,0,0,0,back,20
2,tcp,http,SF,574,3993,0,0,0,0,0,1,0,0,0,0,0,0,0,0,0,0,14,10,0.02,0.02,0,0,0.91,0.09,0,190,67,0.9,0.1,0,0,0,0,0,0,normal,21
0,icmp,ecr_i,SF,1032,0,0,0,0,0,0,0,0,0,0,0,0,0,0,0,0,0,423,167,0.0,0.0,0,0,0.95,0.04,0,255,255,1.0,0,0,0,0.0,0,0,0,smurf,15
0,tcp,ftp_data,SF,1811,8067,0,0,0,0,0,1,0,0,0,0,0,0,0,0,0,0,5,1,0.02,0.02,0,0,0.94,0.06,0,14,106,0.91,0.09,0,0,0,0,0,0,normal,21
16,tcp,ftp,SF,682,247,0,0,0,4,0,1,0,0,0,0,0,0,0,0,0,1,1,1,0,0,0,0,0,0,0,27,27,0,0,0,0,0,0,0,0,warezclient,10
1,udp,http,SF,1257,12770,0,0,0,0,0,1,0,0,0,0,0,0,0,0,0,0,3,9,0.03,0.03,0,0,0.99,0.01,0,105,238,0.89,0.11,0,0,0,0,0,0,normal,21
4,tcp,domain_u,SF,1052,2617,0,0,0,0,0,0,0,0,0,0,0,0,0,0,0,0,5,11,0.05,0.05,0,0,0.96,0.04,0,131,251,0.87,0.13,0,0,0,0,0,0,normal,21
6,tcp,ftp_data,SF,1571,14372,0,0,0,0,0,1,0,0,0,0,0,0,0,0,0,0,3,4,0.0,0.0,0,0,0.9,0.1,0,139,168,0.97,0.03,0,0,0,0,0,0,normal,21
5,icmp,private,REJ,91,20,0,0,0,0,0,0,0,0,0,0,0,0,0,0,0,0,7,1,0,0,0,0,0.05,0.73,0,181,5,0,0.68,0.75,0,0,0,0,0,nmap,13
0,tcp,private,REJ,21,0,0,0,0,0,0,0,0,0,0,0,0,0,0,0,0,0,246,429,0.88,0.88,0,0,0.96,0.1,0,255,4,0.14,0,0,0,0.88,0,0,0,teardrop,15
59,tcp,telnet,SF,3274,6799,0,0,0,0,0,1,0,1,1,5,3,0,0,0,0,0,1,1,0,0,0,0,0,0,0,11,6,0,0,0,0,0,0,0,0,loadmodule,10
5,udp,http,SF,289,5075,0,0,0,0,0,1,0,0,0,0,0,0,0,0,0,0,12,4,0.05,0.05,0,0,0.95,0.05,0,122,77,0.98,0.02,0,0,0,0,0,0,normal,21
0,tcp,private,S0,1,0,0,0,0,0,0,0,0,0,0,0,0,0,0,0,0,0,213,340,0.81,0.81,0,0,0.98,0.04,0,255,38,0.1,0,0,0,0.81,0,0,0,neptune,19
0,tcp,private,REJ,22,0,0,0,0,0,0,0,0,0,0,0,0,0,0,0,0,0,357,197,0.98,0.98,0,0,0.94,0.01,0,255,20,0.07,0,0,0,0.98,0,0,0,neptune,15
9,tcp,ftp_data,SF,2418,9259,0,0,0,0,0,1,0,0,0,0,0,0,0,0,0,0,11,12,0.01,0.01,0,0,0.94,0.06,0,105,254,0.91,0.09,0,0,0,0,0,0,normal,21
0,tcp,private,RSTO,7,33,0,0,0,0,0,0,0,0,0,0,0,0,0,0,0,0,7,1,0,0,0,0,0.06,0.6,0,165,7,0,0.5,0.77,0,0,0,0,0,portsweep,17
3,udp,http,SF,302,8989,0,0,0,0,0,1,0,0,0,0,0,0,0,0,0,0,5,8,0.01,0.01,0,0,0.95,0.05,0,40,233,0.96,0.04,0,0,0,0,0,0,normal,21
0,tcp,http,S0,46,0,0,0,0,0,0,0,0,0,0,0,0,0,0,0,0,0,144,494,1.0,1.0,0,0,0.97,0.02,0,255,23,0.07,0,0,0,1.0,0,0,0,neptune,16
7,tcp,domain_u,SF,1879,11290,0,0,0,0,0,0,0,0,0,0,0,0,0,0,0,0,4,8,0.05,0.05,0,0,0.94,0.06,0,17,205,0.88,0.12,0,0,0,0,0,0,normal,21
0,icmp,ecr_i,SF,1032,0,0,0,0,0,0,0,0,0,0,0,0,0,0,0,0,0,471,163,0.0,0.0,0,0,0.99,0.08,0,255,255,1.0,0,0,0,0.0,0,0,0,smurf,17
3,tcp,http,SF,1359,6917,0,0,0,0,0,1,0,0,0,0,0,0,0,0,0,0,13,9,0.02,0.02,0,0,0.93,0.07,0,43,173,0.86,0.14,0,0,0,0,0,0,normal,21
0,tcp,http,S0,22,0,0,0,0,0,0,0,0,0,0,0,0,0,0,0,0,0,413,201,0.82,0.82,0,0,0.95,0.03,0,255,2,0.12,0,0,0,0.82,0,0,0,teardrop,17
0,tcp,http,REJ,8,0,0,0,0,0,0,0,0,0,0,0,0,0,0,0,0,0,421,400,0.95,0.95,0,0,1.0,0.04,0,255,15,0.17,0,0,0,0.95,0,0,0,back,20
0,tcp,http,S0,38,0,0,0,0,0,0,0,0,0,0,0,0,0,0,0,0,0,277,297,0.87,0.87,0,0,0.94,0.06,0,255,46,0.05,0,0,0,0.87,0,0,0,neptune,20
0,udp,http,SF,653,12558,0,0,0,0,0,1,0,0,0,0,0,0,0,0,0,0,11,10,0.04,0.04,0,0,0.95,0.05,0,128,53,0.87,0.13,0,0,0,0,0,0,normal,21
0,tcp,other,SF,73,12,0,0,0,0,0,0,0,0,0,0,0,0,0,0,0,0,20,1,0,0,0,0,0.12,0.66,0,254,7,0,0.62,0.76,0,0,0,0,0,ipsweep,18
6,tcp,ftp_data,SF,664,13055,0,0,0,0,0,1,0,0,0,0,0,0,0,0,0,0,3,5,0.01,0.01,0,0,0.93,0.07,0,196,89,0.88,0.12,0,0,0,0,0,0,normal,21
0,tcp,other,SH,56,23,0,0,0,0,0,0,0,0,0,0,0,0,0,0,0,0,19,1,0,0,0,0,0.16,0.88,0,216,2,0,0.79,0.71,0,0,0,0,0,ipsweep,18
2,tcp,domain_u,SF,1561,4442,0,0,0,0,0,0,0,0,0,0,0,0,0,0,0,0,3,6,0.02,0.02,0,0,1.0,0.0,0,234,111,0.91,0.09,0,0,0,0,0,0,normal,21
59,tcp,telnet,SF,608,1582,0,0,0,4,2,0,0,0,0,0,0,0,0,0,0,0,1,1,0,0,0,0,0,0,0,18,29,0,0,0,0,0,0,0,0,guess_passwd,12
6,tcp,http,SF,503,12312,0,0,0,0,0,1,0,0,0,0,0,0,0,0,0,0,8,3,0.0,0.0,0,0,0.9,0.1,0,62,56,0.88,0.12,0,0,0,0,0,0,normal,21
33,tcp,ftp,SF,357,2974,0,0,0,4,0,1,0,0,0,0,0,0,0,0,0,0,1,1,0,0,0,0,0,0,0,16,8,0,0,0,0,0,0,0,0,ftp_write,10
8,tcp,ftp_data,SF,491,13450,0,0,0,0,0,1,0,0,0,0,0,0,0,0,0,0,5,8,0.04,0.04,0,0,0.92,0.08,0,23,93,0.97,0.03,0,0,0,0,0,0,normal,21
8,tcp,ftp_data,SF,2487,3850,0,0,0,0,0,1,0,0,0,0,0,0,0,0,0,0,9,10,0.03,0.03,0,0,0.93,0.07,0,27,249,0.92,0.08,0,0,0,0,0,0,normal,21
1,udp,domain_u,SF,2215,6902,0,0,0,0,0,0,0,0,0,0,0,0,0,0,0,0,9,6,0.02,0.02,0,0,0.97,0.03,0,28,52,0.93,0.07,0,0,0,0,0,0,normal,21
0,tcp,private,S0,38,0,0,0,0,0,0,0,0,0,0,0,0,0,0,0,0,0,221,166,0.92,0.92,0,0,0.96,0.08,0,255,28,0.08,0,0,0,0.92,0,0,0,neptune,18
24,tcp,telnet,SF,314,1947,0,0,0,1,4,0,0,0,0,0,0,0,0,0,0,0,1,1,0,0,0,0,0,0,0,18,11,0,0,0,0,0,0,0,0,guess_passwd,12
0,tcp,http,S0,3,0,0,0,0,0,0,0,0,0,0,0,0,0,0,0,0,0,241,208,0.93,0.93,0,0,0.96,0.07,0,255,40,0.17,0,0,0,0.93,0,0,0,back,17
8,udp,domain_u,SF,1815,996,0,0,0,0,0,0,0,0,0,0,0,0,0,0,0,0,4,8,0.03,0.03,0,0,0.91,0.09,0,247,72,0.94,0.06,0,0,0,0,0,0,normal,21
2,icmp,other,REJ,82,15,0,0,0,0,0,0,0,0,0,0,0,0,0,0,0,0,19,1,0,0,0,0,0.1,0.68,0,240,3,0,0.84,0.74,0,0,0,0,0,nmap,15
5,tcp,private,SH,65,4,0,0,0,0,0,0,0,0,0,0,0,0,0,0,0,0,3,1,0,0,0,0,0.12,0.76,0,161,5,0,0.58,0.81,0,0,0,0,0,nmap,13
0,tcp,smtp,SF,1090,14029,0,0,0,0,0,1,0,0,0,0,0,0,0,0,0,0,11,8,0.05,0.05,0,0,0.93,0.07,0,32,53,0.91,0.09,0,0,0,0,0,0,normal,21
5,tcp,ftp_data,SF,668,3546,0,0,0,0,0,1,0,0,0,0,0,0,0,0,0,0,11,2,0.0,0.0,0,0,0.91,0.09,0,182,128,0.9,0.1,0,0,0,0,0,0,normal,21
1,udp,domain_u,SF,2093,11857,0,0,0,0,0,0,0,0,0,0,0,0,0,0,0,0,11,3,0.04,0.04,0,0,0.91,0.09,0,124,166,0.92,0.08,0,0,0,0,0,0,normal,21
0,tcp,http,S0,17,0,0,0,0,0,0,0,0,0,0,0,0,0,0,0,0,0,134,294,0.82,0.82,0,0,0.99,0.08,0,255,29,0.03,0,0,0,0.82,0,0,0,back,19
3,tcp,smtp,SF,884,6450,0,0,0,0,0,1,0,0,0,0,0,0,0,0,0,0,9,9,0.01,0.01,0,0,0.93,0.07,0,129,192,0.88,0.12,0,0,0,0,0,0,normal,21
0,tcp,http,S0,6,0,0,0,0,0,0,0,0,0,0,0,0,0,0,0,0,0,304,281,0.99,0.99,0,0,1.0,0.04,0,255,36,0.04,0,0,0,0.99,0,0,0,back,20
10,tcp,smtp,SF,2251,8045,0,0,0,0,0,1,0,0,0,0,0,0,0,0,0,0,12,4,0.05,0.05,0,0,0.92,0.08,0,240,168,0.9,0.1,0,0,0,0,0,0,normal,21
3,icmp,private,REJ,81,15,0,0,0,0,0,0,0,0,0,0,0,0,0,0,0,0,14,1,0,0,0,0,0.11,0.77,0,205,2,0,0.9,0.86,0,0,0,0,0,nmap,12
0,icmp,ecr_i,SF,1032,0,0,0,0,0,0,0,0,0,0,0,0,0,0,0,0,0,141,502,0.0,0.0,0,0,0.98,0.06,0,255,255,1.0,0,0,0,0.0,0,0,0,smurf,17
0,tcp,smtp,SF,242,6276,0,0,0,0,0,1,0,0,0,0,0,0,0,0,0,0,11,11,0.01,0.01,0,0,0.91,0.09,0,129,105,0.97,0.03,0,0,0,0,0,0,normal,21
1,tcp,other,RSTO,18,13,0,0,0,0,0,0,0,0,0,0,0,0,0,0,0,0,11,1,0,0,0,0,0.18,0.82,0,235,1,0,0.72,0.72,0,0,0,0,0,portsweep,13
1,tcp,other,SF,62,39,0,0,0,0,0,0,0,0,0,0,0,0,0,0,0,0,6,1,0,0,0,0,0.15,0.72,0,188,9,0,0.64,0.71,0,0,0,0,0,satan,13
7,tcp,domain_u,SF,701,11230,0,0,0,0,0,0,0,0,0,0,0,0,0,0,0,0,14,10,0.03,0.03,0,0,0.95,0.05,0,182,24,0.91,0.09,0,0,0,0,0,0,normal,21
1,tcp,eco_i,RSTO,8,13,0,0,0,0,0,0,0,0,0,0,0,0,0,0,0,0,10,1,0,0,0,0,0.13,0.91,0,199,9,0,0.86,0.71,0,0,0,0,0,portsweep,16
0,tcp,private,REJ,28,0,0,0,0,0,0,0,0,0,0,0,0,0,0,0,0,0,123,178,0.94,0.94,0,0,0.98,0.01,0,255,6,0.02,0,0,0,0.94,0,0,0,neptune,16
4,tcp,http,SF,1156,7654,0,0,0,0,0,1,0,0,0,0,0,0,0,0,0,0,13,10,0.01,0.01,0,0,0.91,0.09,0,112,220,0.89,0.11,0,0,0,0,0,0,normal,21
4,tcp,eco_i,REJ,69,27,0,0,0,0,0,0,0,0,0,0,0,0,0,0,0,0,11,1,0,0,0,0,0.13,0.62,0,195,5,0,0.95,0.73,0,0,0,0,0,ipsweep,12
0,icmp,ecr_i,SF,1032,0,0,0,0,0,0,0,0,0,0,0,0,0,0,0,0,0,290,336,0.0,0.0,0,0,0.95,0.0,0,255,255,1.0,0,0,0,0.0,0,0,0,smurf,19
7,tcp,http,SF,1309,14176,0,0,0,0,0,1,0,0,0,0,0,0,0,0,0,0,7,2,0.0,0.0,0,0,0.97,0.03,0,98,181,0.89,0.11,0,0,0,0,0,0,normal,21
43,tcp,ftp,SF,541,287,0,0,0,1,0,1,0,0,0,0,0,0,0,0,0,1,1,1,0,0,0,0,0,0,0,9,24,0,0,0,0,0,0,0,0,warezclient,11
8,tcp,http,SF,1919,12269,0,0,0,0,0,1,0,0,0,0,0,0,0,0,0,0,13,2,0.01,0.01,0,0,1.0,0.0,0,157,57,0.93,0.07,0,0,0,0,0,0,normal,21
3,tcp,smtp,SF,1032,6181,0,0,0,0,0,1,0,0,0,0,0,0,0,0,0,0,3,3,0.03,0.03,0,0,0.93,0.07,0,228,249,0.92,0.08,0,0,0,0,0,0,normal,21
5,tcp,http,SF,1809,7637,0,0,0,0,0,1,0,0,0,0,0,0,0,0,0,0,4,2,0.03,0.03,0,0,0.92,0.08,0,204,83,0.87,0.13,0,0,0,0,0,0,normal,21
8,udp,http,SF,1481,10100,0,0,0,0,0,1,0,0,0,0,0,0,0,0,0,0,5,1,0.01,0.01,0,0,0.97,0.03,0,201,164,0.89,0.11,0,0,0,0,0,0,normal,21
6,udp,smtp,SF,1981,14902,0,0,0,0,0,1,0,0,0,0,0,0,0,0,0,0,9,2,0.05,0.05,0,0,0.92,0.08,0,185,206,0.93,0.07,0,0,0,0,0,0,normal,21
3,udp,smtp,SF,1254,10535,0,0,0,0,0,1,0,0,0,0,0,0,0,0,0,0,4,11,0.02,0.02,0,0,0.96,0.04,0,122,18,0.9,0.1,0,0,0,0,0,0,normal,21
0,tcp,private,REJ,26,0,0,0,0,0,0,0,0,0,0,0,0,0,0,0,0,0,375,145,0.81,0.81,0,0,1.0,0.04,0,255,18,0.12,0,0,0,0.81,0,0,0,neptune,16
0,tcp,private,S0,0,0,0,0,0,0,0,0,0,0,0,0,0,0,0,0,0,0,428,144,0.89,0.89,0,0,1.0,0.0,0,255,2,0.08,0,0,0,0.89,0,0,0,back,17
3,udp,http,SF,1573,5398,0,0,0,0,0,1,0,0,0,0,0,0,0,0,0,0,12,10,0.03,0.03,0,0,0.96,0.04,0,136,101,0.98,0.02,0,0,0,0,0,0,normal,21
3,tcp,smtp,SF,1839,4444,0,0,0,0,0,1,0,0,0,0,0,0,0,0,0,0,10,9,0.01,0.01,0,0,0.98,0.02,0,99,105,0.96,0.04,0,0,0,0,0,0,normal,21
3,tcp,smtp,SF,379,2452,0,0,0,0,0,1,0,0,0,0,0,0,0,0,0,0,10,3,0.02,0.02,0,0,0.97,0.03,0,75,220,0.98,0.02,0,0,0,0,0,0,normal,21
3,tcp,http,SF,1313,12293,0,0,0,0,0,1,0,0,0,0,0,0,0,0,0,0,10,5,0.02,0.02,0,0,0.95,0.05,0,49,191,0.9,0.1,0,0,0,0,0,0,normal,21
0,tcp,http,REJ,14,0,0,0,0,0,0,0,0,0,0,0,0,0,0,0,0,0,419,485,0.98,0.98,0,0,0.96,0.05,0,255,31,0.02,0,0,0,0.98,0,0,0,back,18
5,udp,http,SF,357,7401,0,0,0,0,0,1,0,0,0,0,0,0,0,0,0,0,4,12,0.04,0.04,0,0,0.92,0.08,0,245,38,0.95,0.05,0,0,0,0,0,0,normal,21
3,tcp,ftp_data,SF,2143,619,0,0,0,0,0,1,0,0,0,0,0,0,0,0,0,0,2,7,0.0,0.0,0,0,0.98,0.02,0,157,20,0.9,0.1,0,0,0,0,0,0,normal,21
0,tcp,private,SH,96,44,0,0,0,0,0,0,0,0,0,0,0,0,0,0,0,0,3,1,0,0,0,0,0.12,0.62,0,171,1,0,0.5,0.63,0,0,0,0,0,nmap,13
3,tcp,ftp_data,SF,1734,3729,0,0,0,0,0,1,0,0,0,0,0,0,0,0,0,0,3,10,0.02,0.02,0,0,0.91,0.09,0,23,105,0.97,0.03,0,0,0,0,0,0,normal,21
3,icmp,private,SH,48,17,0,0,0,0,0,0,0,0,0,0,0,0,0,0,0,0,19,1,0,0,0,0,0.11,0.67,0,214,6,0,0.64,0.86,0,0,0,0,0,satan,16
3,tcp,domain_u,SF,1701,4802,0,0,0,0,0,0,0,0,0,0,0,0,0,0,0,0,2,9,0.03,0.03,0,0,0.91,0.09,0,190,137,0.88,0.12,0,0,0,0,0,0,normal,21
1,tcp,http,SF,373,5269,0,0,0,0,0,1,0,0,0,0,0,0,0,0,0,0,5,2,0.05,0.05,0,0,0.91,0.09,0,225,73,0.93,0.07,0,0,0,0,0,0,normal,21
0,tcp,private,S0,27,0,0,0,0,0,0,0,0,0,0,0,0,0,0,0,0,0,253,322,0.8,0.8,0,0,0.94,0.05,0,255,50,0.15,0,0,0,0.8,0,0,0,neptune,20
7,udp,smtp,SF,846,9336,0,0,0,0,0,1,0,0,0,0,0,0,0,0,0,0,9,11,0.04,0.04,0,0,0.94,0.06,0,90,155,0.96,0.04,0,0,0,0,0,0,normal,21
7,udp,http,SF,1737,2541,0,0,0,0,0,1,0,0,0,0,0,0,0,0,0,0,5,1,0.03,0.03,0,0,0.96,0.04,0,213,148,0.92,0.08,0,0,0,0,0,0,normal,21
2,tcp,other,SF,19,27,0,0,0,0,0,0,0,0,0,0,0,0,0,0,0,0,2,1,0,0,0,0,0.16,0.79,0,245,9,0,0.63,0.73,0,0,0,0,0,ipsweep,13
1,tcp,domain_u,SF,1210,7362,0,0,0,0,0,0,0,0,0,0,0,0,0,0,0,0,9,9,0.04,0.04,0,0,0.94,0.06,0,222,87,0.91,0.09,0,0,0,0,0,0,normal,21
5,tcp,smtp,SF,1847,13976,0,0,0,0,0,1,0,0,0,0,0,0,0,0,0,0,6,11,0.02,0.02,0,0,0.97,0.03,0,210,176,0.93,0.07,0,0,0,0,0,0,normal,21
0,tcp,domain_u,SF,1867,7248,0,0,0,0,0,0,0,0,0,0,0,0,0,0,0,0,8,2,0.03,0.03,0,0,0.94,0.06,0,206,107,0.92,0.08,0,0,0,0,0,0,normal,21
4,icmp,other,SH,40,48,0,0,0,0,0,0,0,0,0,0,0,0,0,0,0,0,10,1,0,0,0,0,0.19,0.91,0,239,5,0,0.73,0.94,0,0,0,0,0,nmap,16
0,tcp,http,S0,14,0,0,0,0,0,0,0,0,0,0,0,0,0,0,0,0,0,168,363,0.92,0.92,0,0,0.98,0.02,0,255,37,0.1,0,0,0,0.92,0,0,0,back,16
1,tcp,domain_u,SF,552,10268,0,0,0,0,0,0,0,0,0,0,0,0,0,0,0,0,12,5,0.04,0.04,0,0,0.99,0.01,0,58,235,0.87,0.13,0,0,0,0,0,0,normal,21
6,tcp,domain_u,SF,642,1969,0,0,0,0,0,0,0,0,0,0,0,0,0,0,0,0,9,5,0.03,0.03,0,0,0.94,0.06,0,21,230,0.95,0.05,0,0,0,0,0,0,normal,21
8,tcp,ftp_data,SF,1175,5560,0,0,0,0,0,1,0,0,0,0,0,0,0,0,0,0,11,2,0.01,0.01,0,0,1.0,0.0,0,167,142,0.96,0.04,0,0,0,0,0,0,normal,21
5,tcp,smtp,SF,504,11301,0,0,0,0,0,1,0,0,0,0,0,0,0,0,0,0,2,10,0.04,0.04,0,0,0.94,0.06,0,72,76,0.87,0.13,0,0,0,0,0,0,normal,21
0,tcp,http,REJ,10,0,0,0,0,0,0,0,0,0,0,0,0,0,0,0,0,0,342,481,0.83,0.83,0,0,0.94,0.03,0,255,27,0.04,0,0,0,0.83,0,0,0,neptune,19
0,tcp,eco_i,SF,68,22,0,0,0,0,0,0,0,0,0,0,0,0,0,0,0,0,2,1,0,0,0,0,0.17,0.88,0,171,4,0,0.63,0.77,0,0,0,0,0,satan,15
6,tcp,http,SF,1997,13711,0,0,0,0,0,1,0,0,0,0,0,0,0,0,0,0,8,6,0.03,0.03,0,0,0.99,0.01,0,56,134,0.89,0.11,0,0,0,0,0,0,normal,21
4,udp,ftp_data,SF,293,5008,0,0,0,0,0,1,0,0,0,0,0,0,0,0,0,0,4,4,0.05,0.05,0,0,0.94,0.06,0,156,18,0.91,0.09,0,0,0,0,0,0,normal,21
0,tcp,private,S0,7,0,0,0,0,0,0,0,0,0,0,0,0,0,0,0,0,0,473,274,0.93,0.93,0,0,0.98,0.03,0,255,23,0.07,0,0,0,0.93,0,0,0,neptune,19
0,tcp,http,REJ,41,0,0,0,0,0,0,0,0,0,0,0,0,0,0,0,0,0,266,376,0.81,0.81,0,0,0.94,0.1,0,255,38,0.19,0,0,0,0.81,0,0,0,teardrop,15
7,udp,ftp_data,SF,783,8459,0,0,0,0,0,1,0,0,0,0,0,0,0,0,0,0,12,3,0.0,0.0,0,0,0.95,0.05,0,116,160,0.86,0.14,0,0,0,0,0,0,normal,21
5,udp,http,SF,1192,8934,0,0,0,0,0,1,0,0,0,0,0,0,0,0,0,0,15,4,0.0,0.0,0,0,0.93,0.07,0,13,38,0.87,0.13,0,0,0,0,0,0,normal,21
0,tcp,domain_u,SF,795,4839,0,0,0,0,0,0,0,0,0,0,0,0,0,0,0,0,8,9,0.02,0.02,0,0,0.91,0.09,0,148,253,0.91,0.09,0,0,0,0,0,0,normal,21
51,tcp,telnet,SF,728,547,0,0,0,4,4,0,0,0,0,0,0,0,0,0,0,0,1,1,0,0,0,0,0,0,0,13,23,0,0,0,0,0,0,0,0,guess_passwd,9
54,tcp,ftp,SF,652,1341,0,0,0,3,0,1,0,0,0,0,0,0,0,0,0,0,1,1,0,0,0,0,0,0,0,29,23,0,0,0,0,0,0,0,0,ftp_write,12
4,tcp,ftp,SF,714,1694,0,0,0,4,0,1,0,0,0,0,0,0,0,0,0,0,1,1,0,0,0,0,0,0,0,23,19,0,0,0,0,0,0,0,0,ftp_write,8
3,udp,smtp,SF,2271,11834,0,0,0,0,0,1,0,0,0,0,0,0,0,0,0,0,13,8,0.01,0.01,0,0,0.97,0.03,0,242,90,0.95,0.05,0,0,0,0,0,0,normal,21
5,tcp,private,RSTO,90,22,0,0,0,0,0,0,0,0,0,0,0,0,0,0,0,0,15,1,0,0,0,0,0.17,0.97,0,176,9,0,0.82,0.73,0,0,0,0,0,portsweep,12
4,tcp,http,SF,1418,4976,0,0,0,0,0,1,0,0,0,0,0,0,0,0,0,0,13,7,0.04,0.04,0,0,0.97,0.03,0,228,53,0.9,0.1,0,0,0,0,0,0,normal,21
0,tcp,private,REJ,28,0,0,0,0,0,0,0,0,0,0,0,0,0,0,0,0,0,396,134,0.95,0.95,0,0,0.96,0.01,0,255,41,0.12,0,0,0,0.95,0,0,0,teardrop,16
4,udp,smtp,SF,1271,4757,0,0,0,0,0,1,0,0,0,0,0,0,0,0,0,0,5,7,0.01,0.01,0,0,0.98,0.02,0,178,162,0.94,0.06,0,0,0,0,0,0,normal,21
0,tcp,private,S0,15,0,0,0,0,0,0,0,0,0,0,0,0,0,0,0,0,0,279,240,0.99,0.99,0,0,0.97,0.03,0,255,49,0.1,0,0,0,0.99,0,0,0,back,19
0,tcp,private,REJ,36,0,0,0,0,0,0,0,0,0,0,0,0,0,0,0,0,0,270,330,0.96,0.96,0,0,0.96,0.03,0,255,27,0.07,0,0,0,0.96,0,0,0,back,20
0,tcp,http,S0,34,0,0,0,0,0,0,0,0,0,0,0,0,0,0,0,0,0,348,268,0.88,0.88,0,0,0.93,0.08,0,255,38,0.07,0,0,0,0.88,0,0,0,back,20
3,tcp,private,SH,57,27,0,0,0,0,0,0,0,0,0,0,0,0,0,0,0,0,11,1,0,0,0,0,0.16,0.67,0,204,8,0,0.51,0.95,0,0,0,0,0,satan,15
7,tcp,domain_u,SF,1125,3677,0,0,0,0,0,0,0,0,0,0,0,0,0,0,0,0,4,2,0.0,0.0,0,0,0.96,0.04,0,95,165,0.87,0.13,0,0,0,0,0,0,normal,21
0,tcp,http,REJ,14,0,0,0,0,0,0,0,0,0,0,0,0,0,0,0,0,0,421,159,0.82,0.82,0,0,1.0,0.06,0,255,40,0.14,0,0,0,0.82,0,0,0,neptune,20
7,tcp,domain_u,SF,1933,8086,0,0,0,0,0,0,0,0,0,0,0,0,0,0,0,0,13,9,0.03,0.03,0,0,0.97,0.03,0,97,150,0.94,0.06,0,0,0,0,0,0,normal,21
0,icmp,ecr_i,SF,1032,0,0,0,0,0,0,0,0,0,0,0,0,0,0,0,0,0,506,118,0.0,0.0,0,0,0.98,0.07,0,255,255,1.0,0,0,0,0.0,0,0,0,smurf,20
0,tcp,private,S0,12,0,0,0,0,0,0,0,0,0,0,0,0,0,0,0,0,0,412,123,0.88,0.88,0,0,1.0,0.02,0,255,27,0.2,0,0,0,0.88,0,0,0,teardrop,19
7,tcp,domain_u,SF,2305,13104,0,0,0,0,0,0,0,0,0,0,0,0,0,0,0,0,7,6,0.05,0.05,0,0,0.95,0.05,0,133,211,0.99,0.01,0,0,0,0,0,0,normal,21
1,tcp,smtp,SF,580,4905,0,0,0,0,0,1,0,0,0,0,0,0,0,0,0,0,12,12,0.02,0.02,0,0,0.94,0.06,0,228,27,0.94,0.06,0,0,0,0,0,0,normal,21
0,tcp,http,REJ,26,0,0,0,0,0,0,0,0,0,0,0,0,0,0,0,0,0,173,271,0.83,0.83,0,0,0.98,0.07,0,255,19,0.01,0,0,0,0.83,0,0,0,teardrop,15
0,icmp,ecr_i,SF,1032,0,0,0,0,0,0,0,0,0,0,0,0,0,0,0,0,0,282,214,0.0,0.0,0,0,0.91,0.06,0,255,255,1.0,0,0,0,0.0,0,0,0,smurf,18
0,tcp,smtp,SF,233,7027,0,0,0,0,0,1,0,0,0,0,0,0,0,0,0,0,12,10,0.01,0.01,0,0,0.98,0.02,0,161,245,0.86,0.14,0,0,0,0,0,0,normal,21
5,tcp,ftp_data,SF,1963,8031,0,0,0,0,0,1,0,0,0,0,0,0,0,0,0,0,2,8,0.02,0.02,0,0,0.93,0.07,0,155,203,0.91,0.09,0,0,0,0,0,0,normal,21
5,udp,domain_u,SF,184,14373,0,0,0,0,0,0,0,0,0,0,0,0,0,0,0,0,1,6,0.03,0.03,0,0,0.93,0.07,0,171,162,0.93,0.07,0,0,0,0,0,0,normal,21
21,tcp,ftp,SF,573,2146,0,0,0,4,0,1,0,0,0,0,0,0,0,0,0,0,1,1,0,0,0,0,0,0,0,14,11,0,0,0,0,0,0,0,0,ftp_write,14
6,tcp,domain_u,SF,2278,13830,0,0,0,0,0,0,0,0,0,0,0,0,0,0,0,0,13,3,0.02,0.02,0,0,0.92,0.08,0,88,54,0.9,0.1,0,0,0,0,0,0,normal,21
0,tcp,http,S0,30,0,0,0,0,0,0,0,0,0,0,0,0,0,0,0,0,0,343,484,0.97,0.97,0,0,0.97,0.03,0,255,35,0.07,0,0,0,0.97,0,0,0,teardrop,16
10,tcp,smtp,SF,1689,8181,0,0,0,0,0,1,0,0,0,0,0,0,0,0,0,0,7,2,0.01,0.01,0,0,0.95,0.05,0,86,227,0.92,0.08,0,0,0,0,0,0,normal,21
3,tcp,http,SF,2354,9330,0,0,0,0,0,1,0,0,0,0,0,0,0,0,0,0,6,12,0.03,0.03,0,0,0.98,0.02,0,181,167,0.89,0.11,0,0,0,0,0,0,normal,21
0,tcp,private,REJ,29,0,0,0,0,0,0,0,0,0,0,0,0,0,0,0,0,0,433,242,0.82,0.82,0,0,0.92,0.01,0,255,11,0.1,0,0,0,0.82,0,0,0,back,19
1,udp,http,SF,821,10574,0,0,0,0,0,1,0,0,0,0,0,0,0,0,0,0,4,9,0.0,0.0,0,0,0.96,0.04,0,87,120,0.99,0.01,0,0,0,0,0,0,normal,21
10,tcp,http,SF,1370,12004,0,0,0,0,0,1,0,0,0,0,0,0,0,0,0,0,15,11,0.02,0.02,0,0,0.95,0.05,0,182,73,0.99,0.01,0,0,0,0,0,0,normal,21
6,tcp,http,SF,552,10655,0,0,0,0,0,1,0,0,0,0,0,0,0,0,0,0,7,8,0.03,0.03,0,0,0.9,0.1,0,179,217,0.88,0.12,0,0,0,0,0,0,normal,21
0,tcp,http,S0,50,0,0,0,0,0,0,0,0,0,0,0,0,0,0,0,0,0,323,115,0.92,0.92,0,0,0.92,0.07,0,255,16,0.14,0,0,0,0.92,0,0,0,teardrop,19
0,icmp,ecr_i,SF,1032,0,0,0,0,0,0,0,0,0,0,0,0,0,0,0,0,0,182,351,0.0,0.0,0,0,0.97,0.0,0,255,255,1.0,0,0,0,0.0,0,0,0,smurf,18
0,tcp,http,S0,23,0,0,0,0,0,0,0,0,0,0,0,0,0,0,0,0,0,324,225,0.98,0.98,0,0,0.98,0.01,0,255,50,0.1,0,0,0,0.98,0,0,0,teardrop,20
3,tcp,smtp,SF,1208,10780,0,0,0,0,0,1,0,0,0,0,0,0,0,0,0,0,12,8,0.01,0.01,0,0,0.97,0.03,0,136,140,0.93,0.07,0,0,0,0,0,0,normal,21
2,tcp,http,SF,476,5376,0,0,0,0,0,1,0,0,0,0,0,0,0,0,0,0,11,2,0.05,0.05,0,0,0.95,0.05,0,171,89,0.88,0.12,0,0,0,0,0,0,normal,21
3,udp,http,SF,2456,12422,0,0,0,0,0,1,0,0,0,0,0,0,0,0,0,0,12,10,0.04,0.04,0,0,0.95,0.05,0,176,37,0.92,0.08,0,0,0,0,0,0,normal,21
6,tcp,http,SF,634,14446,0,0,0,0,0,1,0,0,0,0,0,0,0,0,0,0,7,12,0.03,0.03,0,0,0.91,0.09,0,65,205,0.89,0.11,0,0,0,0,0,0,normal,21
8,tcp,http,SF,2227,6745,0,0,0,0,0,1,0,0,0,0,0,0,0,0,0,0,8,10,0.05,0.05,0,0,0.97,0.03,0,188,28,0.92,0.08,0,0,0,0,0,0,normal,21
0,tcp,http,SF,1272,4191,0,0,0,0,0,1,0,0,0,0,0,0,0,0,0,0,9,3,0.03,0.03,0,0,0.96,0.04,0,234,123,0.99,0.01,0,0,0,0,0,0,normal,21
41,tcp,ftp,SF,515,1994,0,0,0,2,0,1,0,0,0,0,0,0,0,0,0,1,1,1,0,0,0,0,0,0,0,20,4,0,0,0,0,0,0,0,0,warezclient,12
7,tcp,domain_u,SF,2328,3459,0,0,0,0,0,0,0,0,0,0,0,0,0,0,0,0,3,1,0.04,0.04,0,0,0.96,0.04,0,31,157,0.96,0.04,0,0,0,0,0,0,normal,21
10,tcp,domain_u,SF,1129,3528,0,0,0,0,0,0,0,0,0,0,0,0,0,0,0,0,9,5,0.01,0.01,0,0,0.98,0.02,0,64,15,1.0,0.0,0,0,0,0,0,0,normal,21
8,udp,http,SF,2252,1954,0,0,0,0,0,1,0,0,0,0,0,0,0,0,0,0,2,7,0.0,0.0,0,0,0.99,0.01,0,225,237,0.93,0.07,0,0,0,0,0,0,normal,21
5,udp,http,SF,639,9931,0,0,0,0,0,1,0,0,0,0,0,0,0,0,0,0,14,11,0.01,0.01,0,0,0.96,0.04,0,149,26,0.87,0.13,0,0,0,0,0,0,normal,21
0,tcp,http,REJ,5,0,0,0,0,0,0,0,0,0,0,0,0,0,0,0,0,0,490,478,0.9,0.9,0,0,0.99,0.02,0,255,31,0.09,0,0,0,0.9,0,0,0,back,16
0,icmp,ecr_i,SF,1032,0,0,0,0,0,0,0,0,0,0,0,0,0,0,0,0,0,314,199,0.0,0.0,0,0,1.0,0.06,0,255,255,1.0,0,0,0,0.0,0,0,0,smurf,18
8,tcp,http,SF,556,13433,0,0,0,0,0,1,0,0,0,0,0,0,0,0,0,0,3,12,0.02,0.02,0,0,0.98,0.02,0,236,133,0.99,0.01,0,0,0,0,0,0,normal,21
0,tcp,private,REJ,21,0,0,0,0,0,0,0,0,0,0,0,0,0,0,0,0,0,446,365,0.98,0.98,0,0,0.98,0.07,0,255,9,0.14,0,0,0,0.98,0,0,0,back,18
7,udp,smtp,SF,836,10839,0,0,0,0,0,1,0,0,0,0,0,0,0,0,0,0,8,6,0.03,0.03,0,0,0.91,0.09,0,82,152,0.99,0.01,0,0,0,0,0,0,normal,21
51,tcp,ftp,SF,297,1673,0,0,0,1,0,1,0,0,0,0,0,0,0,0,0,0,1,1,0,0,0,0,0,0,0,17,2,0,0,0,0,0,0,0,0,ftp_write,14
0,tcp,http,REJ,26,0,0,0,0,0,0,0,0,0,0,0,0,0,0,0,0,0,399,297,0.92,0.92,0,0,0.92,0.05,0,255,47,0.1,0,0,0,0.92,0,0,0,teardrop,17
0,tcp,private,REJ,24,0,0,0,0,0,0,0,0,0,0,0,0,0,0,0,0,0,325,454,0.84,0.84,0,0,0.96,0.1,0,255,34,0.06,0,0,0,0.84,0,0,0,teardrop,19
1,tcp,http,SF,1004,7450,0,0,0,0,0,1,0,0,0,0,0,0,0,0,0,0,6,6,0.04,0.04,0,0,0.98,0.02,0,212,47,0.97,0.03,0,0,0,0,0,0,normal,21
4,tcp,http,SF,244,5821,0,0,0,0,0,1,0,0,0,0,0,0,0,0,0,0,1,8,0.03,0.03,0,0,0.97,0.03,0,164,132,0.88,0.12,0,0,0,0,0,0,normal,21
0,tcp,private,S0,23,0,0,0,0,0,0,0,0,0,0,0,0,0,0,0,0,0,237,175,0.91,0.91,0,0,0.94,0.1,0,255,11,0.07,0,0,0,0.91,0,0,0,neptune,15
0,tcp,eco_i,RSTO,73,46,0,0,0,0,0,0,0,0,0,0,0,0,0,0,0,0,18,1,0,0,0,0,0.08,1.0,0,222,1,0,0.89,0.75,0,0,0,0,0,satan,13
1,icmp,eco_i,SF,83,28,0,0,0,0,0,0,0,0,0,0,0,0,0,0,0,0,3,1,0,0,0,0,0.19,0.63,0,173,10,0,0.56,0.82,0,0,0,0,0,portsweep,16
9,tcp,ftp,SF,433,1599,0,0,0,1,0,1,0,0,0,0,0,0,0,0,0,1,1,1,0,0,0,0,0,0,0,30,21,0,0,0,0,0,0,0,0,warezclient,11
6,tcp,http,SF,201,4559,0,0,0,0,0,1,0,0,0,0,0,0,0,0,0,0,12,6,0.02,0.02,0,0,0.92,0.08,0,220,40,0.85,0.15,0,0,0,0,0,0,normal,21
0,icmp,ecr_i,SF,1032,0,0,0,0,0,0,0,0,0,0,0,0,0,0,0,0,0,301,376,0.0,0.0,0,0,0.95,0.02,0,255,255,1.0,0,0,0,0.0,0,0,0,smurf,15
0,tcp,http,REJ,0,0,0,0,0,0,0,0,0,0,0,0,0,0,0,0,0,0,159,446,0.88,0.88,0,0,1.0,0.02,0,255,44,0.13,0,0,0,0.88,0,0,0,neptune,20
53,tcp,ftp,SF,514,1631,0,0,0,3,0,1,0,0,0,0,0,0,0,0,0,1,1,1,0,0,0,0,0,0,0,1,22,0,0,0,0,0,0,0,0,warezclient,12
7,udp,smtp,SF,907,12613,0,0,0,0,0,1,0,0,0,0,0,0,0,0,0,0,12,6,0.03,0.03,0,0,0.93,0.07,0,105,134,0.92,0.08,0,0,0,0,0,0,normal,21
2,tcp,other,RSTO,10,38,0,0,0,0,0,0,0,0,0,0,0,0,0,0,0,0,3,1,0,0,0,0,0.18,0.94,0,192,3,0,0.71,0.92,0,0,0,0,0,nmap,17
0,tcp,http,REJ,3,0,0,0,0,0,0,0,0,0,0,0,0,0,0,0,0,0,502,399,0.93,0.93,0,0,0.95,0.05,0,255,43,0.11,0,0,0,0.93,0,0,0,neptune,15
9,tcp,http,SF,2457,11687,0,0,0,0,0,1,0,0,0,0,0,0,0,0,0,0,15,6,0.01,0.01,0,0,0.96,0.04,0,139,119,1.0,0.0,0,0,0,0,0,0,normal,21
1,udp,http,SF,2119,1003,0,0,0,0,0,1,0,0,0,0,0,0,0,0,0,0,7,1,0.0,0.0,0,0,0.95,0.05,0,118,16,0.87,0.13,0,0,0,0,0,0,normal,21
2,tcp,domain_u,SF,1810,7387,0,0,0,0,0,0,0,0,0,0,0,0,0,0,0,0,8,7,0.01,0.01,0,0,0.95,0.05,0,157,70,0.96,0.04,0,0,0,0,0,0,normal,21
2,tcp,http,SF,1619,6293,0,0,0,0,0,1,0,0,0,0,0,0,0,0,0,0,11,10,0.01,0.01,0,0,0.91,0.09,0,161,244,0.95,0.05,0,0,0,0,0,0,normal,21
6,tcp,ftp_data,SF,2254,13005,0,0,0,0,0,1,0,0,0,0,0,0,0,0,0,0,7,7,0.04,0.04,0,0,0.92,0.08,0,135,147,0.98,0.02,0,0,0,0,0,0,normal,21
10,udp,domain_u,SF,852,10375,0,0,0,0,0,0,0,0,0,0,0,0,0,0,0,0,11,2,0.04,0.04,0,0,0.94,0.06,0,164,136,0.96,0.04,0,0,0,0,0,0,normal,21
6,tcp,http,SF,2183,12661,0,0,0,0,0,1,0,0,0,0,0,0,0,0,0,0,13,9,0.04,0.04,0,0,0.95,0.05,0,214,21,0.99,0.01,0,0,0,0,0,0,normal,21
0,udp,domain_u,SF,748,521,0,0,0,0,0,0,0,0,0,0,0,0,0,0,0,0,5,9,0.03,0.03,0,0,0.94,0.06,0,32,35,1.0,0.0,0,0,0,0,0,0,normal,21
1,tcp,http,SF,2031,14214,0,0,0,0,0,1,0,0,0,0,0,0,0,0,0,0,4,4,0.01,0.01,0,0,0.96,0.04,0,151,15,0.9,0.1,0,0,0,0,0,0,normal,21
5,icmp,eco_i,SH,18,34,0,0,0,0,0,0,0,0,0,0,0,0,0,0,0,0,19,1,0,0,0,0,0.11,0.94,0,183,5,0,0.6,0.65,0,0,0,0,0,nmap,18
3,tcp,smtp,SF,1437,1887,0,0,0,0,0,1,0,0,0,0,0,0,0,0,0,0,11,2,0.05,0.05,0,0,0.9,0.1,0,255,164,0.94,0.06,0,0,0,0,0,0,normal,21
0,tcp,http,S0,45,0,0,0,0,0,0,0,0,0,0,0,0,0,0,0,0,0,405,110,0.85,0.85,0,0,0.99,0.1,0,255,33,0.03,0,0,0,0.85,0,0,0,back,19
6,udp,domain_u,SF,976,14276,0,0,0,0,0,0,0,0,0,0,0,0,0,0,0,0,6,1,0.02,0.02,0,0,0.98,0.02,0,196,39,0.93,0.07,0,0,0,0,0,0,normal,21
0,tcp,private,REJ,47,0,0,0,0,0,0,0,0,0,0,0,0,0,0,0,0,0,122,411,0.98,0.98,0,0,0.96,0.05,0,255,34,0.11,0,0,0,0.98,0,0,0,teardrop,20
0,tcp,http,S0,24,0,0,0,0,0,0,0,0,0,0,0,0,0,0,0,0,0,195,397,0.85,0.85,0,0,0.95,0.1,0,255,16,0.05,0,0,0,0.85,0,0,0,neptune,17
6,tcp,http,SF,2495,915,0,0,0,0,0,1,0,0,0,0,0,0,0,0,0,0,15,9,0.01,0.01,0,0,0.96,0.04,0,170,132,0.99,0.01,0,0,0,0,0,0,normal,21
4,tcp,domain_u,SF,1014,9654,0,0,0,0,0,0,0,0,0,0,0,0,0,0,0,0,4,11,0.0,0.0,0,0,0.99,0.01,0,164,149,0.94,0.06,0,0,0,0,0,0,normal,21
38,tcp,telnet,SF,3625,4324,0,0,0,0,0,1,0,1,1,3,1,0,0,0,0,0,1,1,0,0,0,0,0,0,0,20,17,0,0,0,0,0,0,0,0,buffer_overflow,11
0,tcp,http,S0,6,0,0,0,0,0,0,0,0,0,0,0,0,0,0,0,0,0,356,210,0.88,0.88,0,0,0.93,0.04,0,255,18,0.13,0,0,0,0.88,0,0,0,neptune,16
13,tcp,ftp,SF,590,270,0,0,0,4,0,1,0,0,0,0,0,0,0,0,0,1,1,1,0,0,0,0,0,0,0,10,18,0,0,0,0,0,0,0,0,warezclient,8
43,tcp,telnet,SF,510,1271,0,0,0,1,5,0,0,0,0,0,0,0,0,0,0,0,1,1,0,0,0,0,0,0,0,24,17,0,0,0,0,0,0,0,0,guess_passwd,13
59,tcp,ftp,SF,560,2719,0,0,0,3,0,1,0,0,0,0,0,0,0,0,0,0,1,1,0,0,0,0,0,0,0,28,16,0,0,0,0,0,0,0,0,ftp_write,12
1,tcp,http,SF,468,2725,0,0,0,0,0,1,0,0,0,0,0,0,0,0,0,0,12,11,0.03,0.03,0,0,0.9,0.1,0,163,62,0.97,0.03,0,0,0,0,0,0,normal,21
0,icmp,ecr_i,SF,1032,0,0,0,0,0,0,0,0,0,0,0,0,0,0,0,0,0,132,174,0.0,0.0,0,0,0.97,0.07,0,255,255,1.0,0,0,0,0.0,0,0,0,smurf,18
0,tcp,http,REJ,42,0,0,0,0,0,0,0,0,0,0,0,0,0,0,0,0,0,434,224,0.83,0.83,0,0,0.92,0.03,0,255,3,0.18,0,0,0,0.83,0,0,0,back,16
0,tcp,private,REJ,11,0,0,0,0,0,0,0,0,0,0,0,0,0,0,0,0,0,449,140,0.92,0.92,0,0,0.99,0.08,0,255,49,0.17,0,0,0,0.92,0,0,0,teardrop,20
8,tcp,http,SF,2429,10828,0,0,0,0,0,1,0,0,0,0,0,0,0,0,0,0,11,11,0.0,0.0,0,0,0.93,0.07,0,48,106,0.9,0.1,0,0,0,0,0,0,normal,21
5,icmp,eco_i,RSTO,5,2,0,0,0,0,0,0,0,0,0,0,0,0,0,0,0,0,2,1,0,0,0,0,0.17,0.69,0,203,9,0,0.76,0.64,0,0,0,0,0,portsweep,16
2,icmp,other,RSTO,9,2,0,0,0,0,0,0,0,0,0,0,0,0,0,0,0,0,4,1,0,0,0,0,0.19,0.84,0,200,9,0,0.79,0.89,0,0,0,0,0,ipsweep,12
8,udp,http,SF,1928,9588,0,0,0,0,0,1,0,0,0,0,0,0,0,0,0,0,9,4,0.01,0.01,0,0,0.92,0.08,0,205,220,0.86,0.14,0,0,0,0,0,0,normal,21
5,tcp,ftp_data,SF,1783,991,0,0,0,0,0,1,0,0,0,0,0,0,0,0,0,0,8,11,0.04,0.04,0,0,0.92,0.08,0,137,73,0.9,0.1,0,0,0,0,0,0,normal,21
6,tcp,http,SF,177,1424,0,0,0,0,0,1,0,0,0,0,0,0,0,0,0,0,2,1,0.0,0.0,0,0,0.97,0.03,0,238,101,0.87,0.13,0,0,0,0,0,0,normal,21
2,icmp,private,RSTO,50,21,0,0,0,0,0,0,0,0,0,0,0,0,0,0,0,0,18,1,0,0,0,0,0.1,0.95,0,249,4,0,0.6,0.76,0,0,0,0,0,ipsweep,12
2,tcp,smtp,SF,2409,11642,0,0,0,0,0,1,0,0,0,0,0,0,0,0,0,0,9,4,0.02,0.02,0,0,0.99,0.01,0,173,227,0.99,0.01,0,0,0,0,0,0,normal,21
76,tcp,telnet,SF,3891,7728,0,0,0,0,0,1,0,1,1,1,3,0,0,0,0,0,1,1,0,0,0,0,0,0,0,14,16,0,0,0,0,0,0,0,0,buffer_overflow,8
6,tcp,smtp,SF,1584,7357,0,0,0,0,0,1,0,0,0,0,0,0,0,0,0,0,8,7,0.02,0.02,0,0,0.97,0.03,0,179,152,0.99,0.01,0,0,0,0,0,0,normal,21
6,udp,http,SF,1846,5294,0,0,0,0,0,1,0,0,0,0,0,0,0,0,0,0,4,5,0.03,0.03,0,0,0.94,0.06,0,165,56,0.89,0.11,0,0,0,0,0,0,normal,21
0,tcp,private,REJ,34,0,0,0,0,0,0,0,0,0,0,0,0,0,0,0,0,0,474,450,1.0,1.0,0,0,0.99,0.01,0,255,37,0.03,0,0,0,1.0,0,0,0,teardrop,15
0,icmp,ecr_i,SF,1032,0,0,0,0,0,0,0,0,0,0,0,0,0,0,0,0,0,449,264,0.0,0.0,0,0,0.9,0.01,0,255,255,1.0,0,0,0,0.0,0,0,0,smurf,18
44,tcp,telnet,SF,543,1011,0,0,0,4,1,0,0,0,0,0,0,0,0,0,0,0,1,1,0,0,0,0,0,0,0,6,5,0,0,0,0,0,0,0,0,guess_passwd,12
3,tcp,http,SF,1339,10880,0,0,0,0,0,1,0,0,0,0,0,0,0,0,0,0,1,2,0.0,0.0,0,0,0.91,0.09,0,210,116,0.87,0.13,0,0,0,0,0,0,normal,21
0,icmp,ecr_i,SF,1032,0,0,0,0,0,0,0,0,0,0,0,0,0,0,0,0,0,208,125,0.0,0.0,0,0,0.94,0.08,0,255,255,1.0,0,0,0,0.0,0,0,0,smurf,18
0,tcp,private,REJ,5,0,0,0,0,0,0,0,0,0,0,0,0,0,0,0,0,0,197,184,0.95,0.95,0,0,0.94,0.07,0,255,16,0.07,0,0,0,0.95,0,0,0,teardrop,15
9,tcp,smtp,SF,2137,7339,0,0,0,0,0,1,0,0,0,0,0,0,0,0,0,0,2,11,0.02,0.02,0,0,0.94,0.06,0,38,71,0.86,0.14,0,0,0,0,0,0,normal,21
0,tcp,private,S0,47,0,0,0,0,0,0,0,0,0,0,0,0,0,0,0,0,0,239,171,0.83,0.83,0,0,0.92,0.09,0,255,14,0.17,0,0,0,0.83,0,0,0,teardrop,17
0,icmp,ecr_i,SF,1032,0,0,0,0,0,0,0,0,0,0,0,0,0,0,0,0,0,467,421,0.0,0.0,0,0,0.98,0.01,0,255,255,1.0,0,0,0,0.0,0,0,0,smurf,19
3,icmp,other,SH,40,48,0,0,0,0,0,0,0,0,0,0,0,0,0,0,0,0,15,1,0,0,0,0,0.06,0.68,0,193,9,0,0.64,0.98,0,0,0,0,0,nmap,13
5,tcp,domain_u,SF,692,9384,0,0,0,0,0,0,0,0,0,0,0,0,0,0,0,0,3,1,0.01,0.01,0,0,0.91,0.09,0,87,201,0.9,0.1,0,0,0,0,0,0,normal,21
0,tcp,http,S0,14,0,0,0,0,0,0,0,0,0,0,0,0,0,0,0,0,0,110,294,0.95,0.95,0,0,0.91,0.03,0,255,41,0.02,0,0,0,0.95,0,0,0,neptune,18
0,tcp,private,REJ,33,0,0,0,0,0,0,0,0,0,0,0,0,0,0,0,0,0,263,272,0.86,0.86,0,0,0.91,0.07,0,255,40,0.18,0,0,0,0.86,0,0,0,neptune,17
10,tcp,http,SF,1279,2252,0,0,0,0,0,1,0,0,0,0,0,0,0,0,0,0,8,2,0.01,0.01,0,0,0.97,0.03,0,160,133,0.91,0.09,0,0,0,0,0,0,normal,21
72,tcp,telnet,SF,1533,3566,0,0,0,0,0,1,0,1,1,5,2,0,0,0,0,0,1,1,0,0,0,0,0,0,0,19,8,0,0,0,0,0,0,0,0,rootkit,5
9,tcp,ftp_data,SF,1431,4700,0,0,0,0,0,1,0,0,0,0,0,0,0,0,0,0,15,7,0.01,0.01,0,0,0.99,0.01,0,208,54,0.89,0.11,0,0,0,0,0,0,normal,21
5,tcp,ftp_data,SF,472,4139,0,0,0,0,0,1,0,0,0,0,0,0,0,0,0,0,1,12,0.04,0.04,0,0,0.96,0.04,0,107,148,0.91,0.09,0,0,0,0,0,0,normal,21
0,icmp,private,SF,31,25,0,0,0,0,0,0,0,0,0,0,0,0,0,0,0,0,2,1,0,0,0,0,0.19,0.89,0,197,5,0,0.54,0.86,0,0,0,0,0,portsweep,16
7,tcp,domain_u,SF,285,14682,0,0,0,0,0,0,0,0,0,0,0,0,0,0,0,0,8,8,0.0,0.0,0,0,1.0,0.0,0,145,132,0.92,0.08,0,0,0,0,0,0,normal,21
67,tcp,telnet,SF,3649,8338,0,0,0,0,0,1,0,1,1,3,2,0,0,0,0,0,1,1,0,0,0,0,0,0,0,2,6,0,0,0,0,0,0,0,0,buffer_overflow,9
3,udp,http,SF,340,1054,0,0,0,0,0,1,0,0,0,0,0,0,0,0,0,0,9,5,0.03,0.03,0,0,0.92,0.08,0,94,68,0.92,0.08,0,0,0,0,0,0,normal,21
0,tcp,http,REJ,36,0,0,0,0,0,0,0,0,0,0,0,0,0,0,0,0,0,505,308,0.86,0.86,0,0,0.9,0.05,0,255,17,0.17,0,0,0,0.86,0,0,0,teardrop,20
8,tcp,smtp,SF,440,1752,0,0,0,0,0,1,0,0,0,0,0,0,0,0,0,0,8,7,0.02,0.02,0,0,0.95,0.05,0,111,169,0.94,0.06,0,0,0,0,0,0,normal,21
5,tcp,http,SF,731,1511,0,0,0,0,0,1,0,0,0,0,0,0,0,0,0,0,12,11,0.03,0.03,0,0,0.96,0.04,0,104,114,1.0,0.0,0,0,0,0,0,0,normal,21
0,tcp,private,S0,49,0,0,0,0,0,0,0,0,0,0,0,0,0,0,0,0,0,405,130,0.96,0.96,0,0,0.94,0.07,0,255,13,0.01,0,0,0,0.96,0,0,0,teardrop,16
6,tcp,domain_u,SF,1728,13964,0,0,0,0,0,0,0,0,0,0,0,0,0,0,0,0,15,11,0.03,0.03,0,0,0.94,0.06,0,252,69,0.91,0.09,0,0,0,0,0,0,normal,21
0,tcp,private,REJ,32,0,0,0,0,0,0,0,0,0,0,0,0,0,0,0,0,0,368,431,0.99,0.99,0,0,0.95,0.02,0,255,32,0.05,0,0,0,0.99,0,0,0,back,19
0,tcp,smtp,SF,577,4969,0,0,0,0,0,1,0,0,0,0,0,0,0,0,0,0,14,10,0.04,0.04,0,0,1.0,0.0,0,122,75,0.95,0.05,0,0,0,0,0,0,normal,21
4,tcp,http,SF,364,5579,0,0,0,0,0,1,0,0,0,0,0,0,0,0,0,0,6,11,0.01,0.01,0,0,0.96,0.04,0,50,115,0.94,0.06,0,0,0,0,0,0,normal,21
0,tcp,http,S0,33,0,0,0,0,0,0,0,0,0,0,0,0,0,0,0,0,0,338,281,0.8,0.8,0,0,0.96,0.08,0,255,47,0.01,0,0,0,0.8,0,0,0,back,16
0,icmp,ecr_i,SF,1032,0,0,0,0,0,0,0,0,0,0,0,0,0,0,0,0,0,312,191,0.0,0.0,0,0,1.0,0.06,0,255,255,1.0,0,0,0,0.0,0,0,0,smurf,20
7,tcp,ftp_data,SF,1265,722,0,0,0,0,0,1,0,0,0,0,0,0,0,0,0,0,15,5,0.02,0.02,0,0,0.98,0.02,0,36,246,0.92,0.08,0,0,0,0,0,0,normal,21
10,tcp,http,SF,859,9173,0,0,0,0,0,1,0,0,0,0,0,0,0,0,0,0,13,1,0.02,0.02,0,0,1.0,0.0,0,104,192,0.9,0.1,0,0,0,0,0,0,normal,21
2,icmp,eco_i,RSTO,93,32,0,0,0,0,0,0,0,0,0,0,0,0,0,0,0,0,19,1,0,0,0,0,0.09,0.89,0,226,5,0,0.58,0.73,0,0,0,0,0,portsweep,16
9,tcp,ftp_data,SF,1551,9056,0,0,0,0,0,1,0,0,0,0,0,0,0,0,0,0,5,8,0.03,0.03,0,0,0.91,0.09,0,154,105,0.97,0.03,0,0,0,0,0,0,normal,21
0,icmp,eco_i,REJ,56,6,0,0,0,0,0,0,0,0,0,0,0,0,0,0,0,0,9,1,0,0,0,0,0.18,0.65,0,229,10,0,0.92,0.73,0,0,0,0,0,portsweep,18
0,tcp,http,S0,48,0,0,0,0,0,0,0,0,0,0,0,0,0,0,0,0,0,421,284,0.92,0.92,0,0,0.97,0.09,0,255,17,0.15,0,0,0,0.92,0,0,0,neptune,19
0,tcp,private,S0,23,0,0,0,0,0,0,0,0,0,0,0,0,0,0,0,0,0,250,415,0.98,0.98,0,0,0.97,0.04,0,255,40,0.04,0,0,0,0.98,0,0,0,teardrop,15
0,tcp,private,S0,25,0,0,0,0,0,0,0,0,0,0,0,0,0,0,0,0,0,386,256,0.85,0.85,0,0,0.92,0.02,0,255,13,0.03,0,0,0,0.85,0,0,0,back,17
0,tcp,private,REJ,10,0,0,0,0,0,0,0,0,0,0,0,0,0,0,0,0,0,169,112,0.84,0.84,0,0,0.9,0.04,0,255,28,0.08,0,0,0,0.84,0,0,0,teardrop,17
0,tcp,http,S0,27,0,0,0,0,0,0,0,0,0,0,0,0,0,0,0,0,0,135,508,0.88,0.88,0,0,0.98,0.1,0,255,23,0.13,0,0,0,0.88,0,0,0,back,20
6,tcp,smtp,SF,401,7377,0,0,0,0,0,1,0,0,0,0,0,0,0,0,0,0,6,1,0.02,0.02,0,0,0.99,0.01,0,112,90,0.93,0.07,0,0,0,0,0,0,normal,21
6,tcp,http,SF,471,4991,0,0,0,0,0,1,0,0,0,0,0,0,0,0,0,0,11,11,0.05,0.05,0,0,0.96,0.04,0,117,236,0.89,0.11,0,0,0,0,0,0,normal,21
0,tcp,smtp,SF,2194,1160,0,0,0,0,0,1,0,0,0,0,0,0,0,0,0,0,9,6,0.02,0.02,0,0,0.94,0.06,0,121,220,0.96,0.04,0,0,0,0,0,0,normal,21
3,icmp,eco_i,RSTO,39,46,0,0,0,0,0,0,0,0,0,0,0,0,0,0,0,0,6,1,0,0,0,0,0.16,0.73,0,181,2,0,0.79,0.79,0,0,0,0,0,portsweep,14
1,tcp,http,SF,2451,5449,0,0,0,0,0,1,0,0,0,0,0,0,0,0,0,0,2,3,0.0,0.0,0,0,0.9,0.1,0,36,161,0.89,0.11,0,0,0,0,0,0,normal,21
0,tcp,private,S0,36,0,0,0,0,0,0,0,0,0,0,0,0,0,0,0,0,0,332,272,0.86,0.86,0,0,0.96,0.08,0,255,12,0.05,0,0,0,0.86,0,0,0,teardrop,18
42,tcp,ftp,SF,636,1700,0,0,0,2,0,1,0,0,0,0,0,0,0,0,0,0,1,1,0,0,0,0,0,0,0,6,1,0,0,0,0,0,0,0,0,ftp_write,13
58,tcp,telnet,SF,695,513,0,0,0,4,4,0,0,0,0,0,0,0,0,0,0,0,1,1,0,0,0,0,0,0,0,14,12,0,0,0,0,0,0,0,0,guess_passwd,10
3,icmp,other,REJ,96,49,0,0,0,0,0,0,0,0,0,0,0,0,0,0,0,0,10,1,0,0,0,0,0.15,0.64,0,184,6,0,0.87,0.94,0,0,0,0,0,portsweep,18
0,tcp,http,REJ,7,0,0,0,0,0,0,0,0,0,0,0,0,0,0,0,0,0,132,114,0.97,0.97,0,0,0.98,0.09,0,255,6,0.11,0,0,0,0.97,0,0,0,back,19
3,tcp,other,SF,77,30,0,0,0,0,0,0,0,0,0,0,0,0,0,0,0,0,14,1,0,0,0,0,0.14,0.61,0,210,10,0,0.5,0.75,0,0,0,0,0,satan,13
1,tcp,ftp_data,SF,1919,10944,0,0,0,0,0,1,0,0,0,0,0,0,0,0,0,0,11,8,0.01,0.01,0,0,0.95,0.05,0,204,199,0.92,0.08,0,0,0,0,0,0,normal,21
3,udp,smtp,SF,1573,3768,0,0,0,0,0,1,0,0,0,0,0,0,0,0,0,0,9,10,0.04,0.04,0,0,0.97,0.03,0,129,224,0.97,0.03,0,0,0,0,0,0,normal,21
0,tcp,http,S0,32,0,0,0,0,0,0,0,0,0,0,0,0,0,0,0,0,0,277,109,0.89,0.89,0,0,0.91,0.03,0,255,2,0.12,0,0,0,0.89,0,0,0,teardrop,18
0,icmp,ecr_i,SF,1032,0,0,0,0,0,0,0,0,0,0,0,0,0,0,0,0,0,363,406,0.0,0.0,0,0,0.98,0.01,0,255,255,1.0,0,0,0,0.0,0,0,0,smurf,18
0,udp,smtp,SF,371,4573,0,0,0,0,0,1,0,0,0,0,0,0,0,0,0,0,9,10,0.01,0.01,0,0,0.92,0.08,0,72,173,0.86,0.14,0,0,0,0,0,0,normal,21
9,udp,domain_u,SF,2147,13534,0,0,0,0,0,0,0,0,0,0,0,0,0,0,0,0,1,12,0.01,0.01,0,0,0.99,0.01,0,108,73,0.9,0.1,0,0,0,0,0,0,normal,21
2,tcp,private,RSTO,42,45,0,0,0,0,0,0,0,0,0,0,0,0,0,0,0,0,6,1,0,0,0,0,0.17,0.74,0,197,1,0,0.56,0.96,0,0,0,0,0,portsweep,16
1,tcp,http,SF,891,6315,0,0,0,0,0,1,0,0,0,0,0,0,0,0,0,0,4,3,0.02,0.02,0,0,1.0,0.0,0,24,135,0.9,0.1,0,0,0,0,0,0,normal,21
0,udp,smtp,SF,1300,4265,0,0,0,0,0,1,0,0,0,0,0,0,0,0,0,0,12,12,0.03,0.03,0,0,0.93,0.07,0,176,161,0.9,0.1,0,0,0,0,0,0,normal,21
0,tcp,http,S0,14,0,0,0,0,0,0,0,0,0,0,0,0,0,0,0,0,0,237,402,0.86,0.86,0,0,0.91,0.01,0,255,23,0.1,0,0,0,0.86,0,0,0,neptune,15
0,tcp,http,REJ,3,0,0,0,0,0,0,0,0,0,0,0,0,0,0,0,0,0,305,270,0.98,0.98,0,0,0.94,0.01,0,255,41,0.1,0,0,0,0.98,0,0,0,neptune,20
3,tcp,http,SF,289,7105,0,0,0,0,0,1,0,0,0,0,0,0,0,0,0,0,2,3,0.02,0.02,0,0,0.93,0.07,0,117,202,0.91,0.09,0,0,0,0,0,0,normal,21
5,tcp,http,SF,953,2362,0,0,0,0,0,1,0,0,0,0,0,0,0,0,0,0,15,4,0.02,0.02,0,0,0.92,0.08,0,201,54,0.89,0.11,0,0,0,0,0,0,normal,21
0,tcp,ftp_data,SF,1166,8581,0,0,0,0,0,1,0,0,0,0,0,0,0,0,0,0,10,9,0.02,0.02,0,0,0.97,0.03,0,110,215,0.99,0.01,0,0,0,0,0,0,normal,21
1,tcp,ftp_data,SF,1842,915,0,0,0,0,0,1,0,0,0,0,0,0,0,0,0,0,1,6,0.03,0.03,0,0,0.94,0.06,0,106,94,0.91,0.09,0,0,0,0,0,0,normal,21
0,tcp,eco_i,REJ,7,16,0,0,0,0,0,0,0,0,0,0,0,0,0,0,0,0,13,1,0,0,0,0,0.1,0.61,0,168,2,0,0.58,0.88,0,0,0,0,0,nmap,16
0,udp,domain_u,SF,2101,12752,0,0,0,0,0,0,0,0,0,0,0,0,0,0,0,0,1,12,0.01,0.01,0,0,0.96,0.04,0,234,245,0.86,0.14,0,0,0,0,0,0,normal,21
5,tcp,http,SF,1164,14776,0,0,0,0,0,1,0,0,0,0,0,0,0,0,0,0,7,2,0.0,0.0,0,0,0.98,0.02,0,104,196,0.9,0.1,0,0,0,0,0,0,normal,21
8,tcp,ftp_data,SF,2498,7007,0,0,0,0,0,1,0,0,0,0,0,0,0,0,0,0,14,5,0.02,0.02,0,0,0.99,0.01,0,195,134,0.89,0.11,0,0,0,0,0,0,normal,21
5,tcp,ftp_data,SF,723,6003,0,0,0,0,0,1,0,0,0,0,0,0,0,0,0,0,14,1,0.03,0.03,0,0,0.91,0.09,0,185,24,0.93,0.07,0,0,0,0,0,0,normal,21
3,tcp,http,SF,367,13014,0,0,0,0,0,1,0,0,0,0,0,0,0,0,0,0,5,1,0.04,0.04,0,0,0.92,0.08,0,255,235,0.99,0.01,0,0,0,0,0,0,normal,21
0,tcp,private,REJ,17,0,0,0,0,0,0,0,0,0,0,0,0,0,0,0,0,0,201,428,0.88,0.88,0,0,0.93,0.01,0,255,25,0.19,0,0,0,0.88,0,0,0,neptune,17
0,icmp,ecr_i,SF,1032,0,0,0,0,0,0,0,0,0,0,0,0,0,0,0,0,0,211,272,0.0,0.0,0,0,0.98,0.07,0,255,255,1.0,0,0,0,0.0,0,0,0,smurf,18
10,tcp,http,SF,1367,10201,0,0,0,0,0,1,0,0,0,0,0,0,0,0,0,0,13,2,0.04,0.04,0,0,0.9,0.1,0,174,138,0.92,0.08,0,0,0,0,0,0,normal,21
7,udp,http,SF,2430,12770,0,0,0,0,0,1,0,0,0,0,0,0,0,0,0,0,7,10,0.03,0.03,0,0,0.98,0.02,0,220,49,0.89,0.11,0,0,0,0,0,0,normal,21
47,tcp,ftp,SF,279,1409,0,0,0,3,0,1,0,0,0,0,0,0,0,0,0,0,1,1,0,0,0,0,0,0,0,23,27,0,0,0,0,0,0,0,0,ftp_write,13
6,tcp,smtp,SF,799,4471,0,0,0,0,0,1,0,0,0,0,0,0,0,0,0,0,13,8,0.03,0.03,0,0,0.96,0.04,0,231,185,0.96,0.04,0,0,0,0,0,0,normal,21
0,icmp,ecr_i,SF,1032,0,0,0,0,0,0,0,0,0,0,0,0,0,0,0,0,0,447,310,0.0,0.0,0,0,0.91,0.05,0,255,255,1.0,0,0,0,0.0,0,0,0,smurf,18
3,tcp,http,SF,1468,1838,0,0,0,0,0,1,0,0,0,0,0,0,0,0,0,0,8,8,0.05,0.05,0,0,0.94,0.06,0,211,120,0.87,0.13,0,0,0,0,0,0,normal,21
5,tcp,http,SF,1388,13545,0,0,0,0,0,1,0,0,0,0,0,0,0,0,0,0,6,1,0.0,0.0,0,0,1.0,0.0,0,144,218,0.86,0.14,0,0,0,0,0,0,normal,21
0,tcp,http,REJ,3,0,0,0,0,0,0,0,0,0,0,0,0,0,0,0,0,0,284,274,0.96,0.96,0,0,0.98,0.01,0,255,38,0.06,0,0,0,0.96,0,0,0,teardrop,18
0,tcp,private,S0,5,0,0,0,0,0,0,0,0,0,0,0,0,0,0,0,0,0,213,239,0.99,0.99,0,0,0.91,0.02,0,255,18,0.06,0,0,0,0.99,0,0,0,neptune,20
9,tcp,domain_u,SF,2263,6539,0,0,0,0,0,0,0,0,0,0,0,0,0,0,0,0,12,8,0.03,0.03,0,0,0.9,0.1,0,47,143,1.0,0.0,0,0,0,0,0,0,normal,21
2,tcp,http,SF,1416,11175,0,0,0,0,0,1,0,0,0,0,0,0,0,0,0,0,10,12,0.04,0.04,0,0,0.92,0.08,0,35,111,0.96,0.04,0,0,0,0,0,0,normal,21
0,tcp,http,REJ,48,0,0,0,0,0,0,0,0,0,0,0,0,0,0,0,0,0,334,455,0.98,0.98,0,0,0.93,0.04,0,255,44,0.05,0,0,0,0.98,0,0,0,neptune,16
4,tcp,domain_u,SF,1454,301,0,0,0,0,0,0,0,0,0,0,0,0,0,0,0,0,2,4,0.01,0.01,0,0,0.97,0.03,0,34,18,0.97,0.03,0,0,0,0,0,0,normal,21
1,tcp,other,REJ,50,26,0,0,0,0,0,0,0,0,0,0,0,0,0,0,0,0,4,1,0,0,0,0,0.17,0.75,0,225,2,0,0.59,0.75,0,0,0,0,0,nmap,17
2,tcp,ftp_data,SF,1133,13713,0,0,0,0,0,1,0,0,0,0,0,0,0,0,0,0,3,12,0.04,0.04,0,0,0.95,0.05,0,146,115,0.96,0.04,0,0,0,0,0,0,normal,21
10,tcp,smtp,SF,1534,13168,0,0,0,0,0,1,0,0,0,0,0,0,0,0,0,0,15,5,0.03,0.03,0,0,0.97,0.03,0,158,43,0.85,0.15,0,0,0,0,0,0,normal,21
2,tcp,smtp,SF,1598,5478,0,0,0,0,0,1,0,0,0,0,0,0,0,0,0,0,13,6,0.0,0.0,0,0,0.96,0.04,0,164,135,0.98,0.02,0,0,0,0,0,0,normal,21
9,tcp,ftp_data,SF,1101,13482,0,0,0,0,0,1,0,0,0,0,0,0,0,0,0,0,3,8,0.04,0.04,0,0,0.95,0.05,0,20,145,0.97,0.03,0,0,0,0,0,0,normal,21
9,tcp,http,SF,364,5460,0,0,0,0,0,1,0,0,0,0,0,0,0,0,0,0,15,4,0.04,0.04,0,0,0.97,0.03,0,150,189,0.95,0.05,0,0,0,0,0,0,normal,21
1,tcp,http,SF,150,3863,0,0,0,0,0,1,0,0,0,0,0,0,0,0,0,0,1,4,0.05,0.05,0,0,0.93,0.07,0,156,89,0.99,0.01,0,0,0,0,0,0,normal,21
10,tcp,ftp_data,SF,1318,2338,0,0,0,0,0,1,0,0,0,0,0,0,0,0,0,0,14,4,0.0,0.0,0,0,0.98,0.02,0,222,119,0.91,0.09,0,0,0,0,0,0,normal,21
0,tcp,private,REJ,5,0,0,0,0,0,0,0,0,0,0,0,0,0,0,0,0,0,387,491,0.83,0.83,0,0,0.93,0.04,0,255,46,0.09,0,0,0,0.83,0,0,0,back,17
9,udp,domain_u,SF,959,9165,0,0,0,0,0,0,0,0,0,0,0,0,0,0,0,0,14,8,0.0,0.0,0,0,0.99,0.01,0,136,115,0.98,0.02,0,0,0,0,0,0,normal,21
5,tcp,eco_i,REJ,37,25,0,0,0,0,0,0,0,0,0,0,0,0,0,0,0,0,12,1,0,0,0,0,0.19,0.8,0,221,7,0,0.64,0.78,0,0,0,0,0,satan,13
0,tcp,http,REJ,23,0,0,0,0,0,0,0,0,0,0,0,0,0,0,0,0,0,278,356,0.88,0.88,0,0,0.95,0.04,0,255,8,0.02,0,0,0,0.88,0,0,0,back,17
4,tcp,ftp_data,SF,579,2703,0,0,0,0,0,1,0,0,0,0,0,0,0,0,0,0,2,1,0.04,0.04,0,0,0.94,0.06,0,90,247,0.87,0.13,0,0,0,0,0,0,normal,21
8,tcp,domain_u,SF,2497,244,0,0,0,0,0,0,0,0,0,0,0,0,0,0,0,0,8,9,0.01,0.01,0,0,0.93,0.07,0,238,28,0.89,0.11,0,0,0,0,0,0,normal,21
0,tcp,http,S0,48,0,0,0,0,0,0,0,0,0,0,0,0,0,0,0,0,0,248,461,0.88,0.88,0,0,0.97,0.06,0,255,24,0.13,0,0,0,0.88,0,0,0,teardrop,16
0,tcp,private,S0,38,0,0,0,0,0,0,0,0,0,0,0,0,0,0,0,0,0,267,463,0.82,0.82,0,0,0.98,0.01,0,255,6,0.06,0,0,0,0.82,0,0,0,neptune,15
5,tcp,http,SF,1498,317,0,0,0,0,0,1,0,0,0,0,0,0,0,0,0,0,14,5,0.04,0.04,0,0,0.92,0.08,0,173,53,0.95,0.05,0,0,0,0,0,0,normal,21
35,tcp,ftp,SF,454,1554,0,0,0,4,0,1,0,0,0,0,0,0,0,0,0,1,1,1,0,0,0,0,0,0,0,6,15,0,0,0,0,0,0,0,0,warezclient,11
9,udp,http,SF,2347,11799,0,0,0,0,0,1,0,0,0,0,0,0,0,0,0,0,2,10,0.03,0.03,0,0,0.91,0.09,0,219,247,0.98,0.02,0,0,0,0,0,0,normal,21
3,tcp,http,SF,1627,6329,0,0,0,0,0,1,0,0,0,0,0,0,0,0,0,0,15,3,0.03,0.03,0,0,0.92,0.08,0,120,89,0.87,0.13,0,0,0,0,0,0,normal,21
16,tcp,ftp,SF,137,1919,0,0,0,2,0,1,0,0,0,0,0,0,0,0,0,0,1,1,0,0,0,0,0,0,0,4,22,0,0,0,0,0,0,0,0,ftp_write,12
0,tcp,private,REJ,24,0,0,0,0,0,0,0,0,0,0,0,0,0,0,0,0,0,296,194,0.83,0.83,0,0,0.98,0.07,0,255,13,0.19,0,0,0,0.83,0,0,0,neptune,20
0,tcp,domain_u,SF,2226,6554,0,0,0,0,0,0,0,0,0,0,0,0,0,0,0,0,1,1,0.04,0.04,0,0,0.93,0.07,0,41,143,0.98,0.02,0,0,0,0,0,0,normal,21
10,udp,ftp_data,SF,2140,7636,0,0,0,0,0,1,0,0,0,0,0,0,0,0,0,0,8,8,0.03,0.03,0,0,0.91,0.09,0,55,199,0.86,0.14,0,0,0,0,0,0,normal,21
2,tcp,http,SF,1101,14981,0,0,0,0,0,1,0,0,0,0,0,0,0,0,0,0,5,6,0.02,0.02,0,0,0.91,0.09,0,241,250,0.92,0.08,0,0,0,0,0,0,normal,21
2,tcp,smtp,SF,2085,11633,0,0,0,0,0,1,0,0,0,0,0,0,0,0,0,0,8,12,0.01,0.01,0,0,0.93,0.07,0,59,203,0.88,0.12,0,0,0,0,0,0,normal,21
2,tcp,domain_u,SF,794,11493,0,0,0,0,0,0,0,0,0,0,0,0,0,0,0,0,7,8,0.05,0.05,0,0,0.91,0.09,0,217,234,0.88,0.12,0,0,0,0,0,0,normal,21
10,udp,smtp,SF,1263,13339,0,0,0,0,0,1,0,0,0,0,0,0,0,0,0,0,14,8,0.04,0.04,0,0,0.92,0.08,0,79,200,0.91,0.09,0,0,0,0,0,0,normal,21
0,tcp,smtp,SF,2473,3666,0,0,0,0,0,1,0,0,0,0,0,0,0,0,0,0,15,4,0.02,0.02,0,0,0.91,0.09,0,49,189,0.91,0.09,0,0,0,0,0,0,normal,21
0,tcp,http,S0,29,0,0,0,0,0,0,0,0,0,0,0,0,0,0,0,0,0,202,332,0.88,0.88,0,0,0.95,0.1,0,255,30,0.09,0,0,0,0.88,0,0,0,teardrop,15
8,udp,http,SF,623,4319,0,0,0,0,0,1,0,0,0,0,0,0,0,0,0,0,1,7,0.03,0.03,0,0,0.92,0.08,0,235,32,0.9,0.1,0,0,0,0,0,0,normal,21
10,tcp,smtp,SF,931,2153,0,0,0,0,0,1,0,0,0,0,0,0,0,0,0,0,15,2,0.04,0.04,0,0,0.9,0.1,0,139,21,0.89,0.11,0,0,0,0,0,0,normal,21
1,tcp,smtp,SF,423,8049,0,0,0,0,0,1,0,0,0,0,0,0,0,0,0,0,8,8,0.03,0.03,0,0,0.98,0.02,0,211,39,0.96,0.04,0,0,0,0,0,0,normal,21
35,tcp,ftp,SF,159,1402,0,0,0,3,0,1,0,0,0,0,0,0,0,0,0,1,1,1,0,0,0,0,0,0,0,24,18,0,0,0,0,0,0,0,0,warezclient,13
1,udp,http,SF,1893,12773,0,0,0,0,0,1,0,0,0,0,0,0,0,0,0,0,8,12,0.0,0.0,0,0,0.97,0.03,0,191,75,0.94,0.06,0,0,0,0,0,0,normal,21
0,tcp,private,S0,13,0,0,0,0,0,0,0,0,0,0,0,0,0,0,0,0,0,103,216,0.85,0.85,0,0,0.9,0.07,0,255,35,0.12,0,0,0,0.85,0,0,0,neptune,19
9,udp,smtp,SF,388,8969,0,0,0,0,0,1,0,0,0,0,0,0,0,0,0,0,10,12,0.04,0.04,0,0,0.96,0.04,0,199,216,0.98,0.02,0,0,0,0,0,0,normal,21
2,tcp,ftp_data,SF,175,8189,0,0,0,0,0,1,0,0,0,0,0,0,0,0,0,0,2,11,0.05,0.05,0,0,0.98,0.02,0,229,193,0.92,0.08,0,0,0,0,0,0,normal,21
0,icmp,ecr_i,SF,1032,0,0,0,0,0,0,0,0,0,0,0,0,0,0,0,0,0,438,307,0.0,0.0,0,0,0.95,0.02,0,255,255,1.0,0,0,0,0.0,0,0,0,smurf,15
10,udp,http,SF,1184,4094,0,0,0,0,0,1,0,0,0,0,0,0,0,0,0,0,15,7,0.04,0.04,0,0,0.92,0.08,0,102,103,0.98,0.02,0,0,0,0,0,0,normal,21
0,icmp,ecr_i,SF,1032,0,0,0,0,0,0,0,0,0,0,0,0,0,0,0,0,0,333,461,0.0,0.0,0,0,0.98,0.06,0,255,255,1.0,0,0,0,0.0,0,0,0,smurf,20
2,udp,smtp,SF,1464,7209,0,0,0,0,0,1,0,0,0,0,0,0,0,0,0,0,4,7,0.04,0.04,0,0,0.91,0.09,0,118,20,0.94,0.06,0,0,0,0,0,0,normal,21
0,tcp,private,S0,29,0,0,0,0,0,0,0,0,0,0,0,0,0,0,0,0,0,487,335,0.96,0.96,0,0,0.9,0.01,0,255,19,0.1,0,0,0,0.96,0,0,0,neptune,16
2,tcp,ftp_data,SF,753,5827,0,0,0,0,0,1,0,0,0,0,0,0,0,0,0,0,3,5,0.02,0.02,0,0,1.0,0.0,0,87,218,0.99,0.01,0,0,0,0,0,0,normal,21
1,tcp,http,SF,1343,11300,0,0,0,0,0,1,0,0,0,0,0,0,0,0,0,0,13,9,0.0,0.0,0,0,0.92,0.08,0,187,172,0.86,0.14,0,0,0,0,0,0,normal,21
0,tcp,private,REJ,20,0,0,0,0,0,0,0,0,0,0,0,0,0,0,0,0,0,102,286,0.87,0.87,0,0,0.95,0.05,0,255,27,0.09,0,0,0,0.87,0,0,0,neptune,20
0,tcp,http,REJ,21,0,0,0,0,0,0,0,0,0,0,0,0,0,0,0,0,0,439,417,0.92,0.92,0,0,0.91,0.03,0,255,11,0.2,0,0,0,0.92,0,0,0,back,20
2,tcp,eco_i,RSTO,58,44,0,0,0,0,0,0,0,0,0,0,0,0,0,0,0,0,12,1,0,0,0,0,0.06,0.84,0,168,1,0,0.94,0.87,0,0,0,0,0,ipsweep,15
9,tcp,domain_u,SF,2298,7514,0,0,0,0,0,0,0,0,0,0,0,0,0,0,0,0,10,4,0.01,0.01,0,0,0.92,0.08,0,146,166,0.87,0.13,0,0,0,0,0,0,normal,21
0,tcp,domain_u,SF,2338,14520,0,0,0,0,0,0,0,0,0,0,0,0,0,0,0,0,8,11,0.03,0.03,0,0,0.97,0.03,0,33,231,0.92,0.08,0,0,0,0,0,0,normal,21
0,tcp,private,S0,29,0,0,0,0,0,0,0,0,0,0,0,0,0,0,0,0,0,293,199,0.97,0.97,0,0,0.98,0.09,0,255,5,0.1,0,0,0,0.97,0,0,0,teardrop,16
0,icmp,ecr_i,SF,1032,0,0,0,0,0,0,0,0,0,0,0,0,0,0,0,0,0,168,286,0.0,0.0,0,0,0.97,0.05,0,255,255,1.0,0,0,0,0.0,0,0,0,smurf,17
7,udp,domain_u,SF,1177,3975,0,0,0,0,0,0,0,0,0,0,0,0,0,0,0,0,6,3,0.04,0.04,0,0,0.99,0.01,0,50,114,0.91,0.09,0,0,0,0,0,0,normal,21
0,tcp,private,REJ,9,0,0,0,0,0,0,0,0,0,0,0,0,0,0,0,0,0,271,388,0.81,0.81,0,0,0.97,0.03,0,255,19,0.02,0,0,0,0.81,0,0,0,teardrop,18
10,tcp,http,SF,725,9990,0,0,0,0,0,1,0,0,0,0,0,0,0,0,0,0,10,12,0.02,0.02,0,0,0.99,0.01,0,146,250,0.98,0.02,0,0,0,0,0,0,normal,21
6,tcp,http,SF,1204,6993,0,0,0,0,0,1,0,0,0,0,0,0,0,0,0,0,8,7,0.03,0.03,0,0,0.99,0.01,0,14,131,0.93,0.07,0,0,0,0,0,0,normal,21
0,tcp,private,REJ,44,0,0,0,0,0,0,0,0,0,0,0,0,0,0,0,0,0,300,202,0.87,0.87,0,0,0.93,0.03,0,255,49,0.06,0,0,0,0.87,0,0,0,teardrop,20
0,tcp,http,S0,2,0,0,0,0,0,0,0,0,0,0,0,0,0,0,0,0,0,381,365,0.82,0.82,0,0,0.92,0.02,0,255,43,0.09,0,0,0,0.82,0,0,0,neptune,20
4,tcp,ftp,SF,155,1475,0,0,0,1,0,1,0,0,0,0,0,0,0,0,0,1,1,1,0,0,0,0,0,0,0,27,17,0,0,0,0,0,0,0,0,warezclient,14
0,tcp,http,REJ,32,0,0,0,0,0,0,0,0,0,0,0,0,0,0,0,0,0,301,336,0.8,0.8,0,0,0.97,0.01,0,255,19,0.03,0,0,0,0.8,0,0,0,teardrop,17
5,udp,domain_u,SF,2201,413,0,0,0,0,0,0,0,0,0,0,0,0,0,0,0,0,8,8,0.05,0.05,0,0,0.98,0.02,0,119,170,0.87,0.13,0,0,0,0,0,0,normal,21
7,tcp,http,SF,2211,4795,0,0,0,0,0,1,0,0,0,0,0,0,0,0,0,0,10,9,0.04,0.04,0,0,0.99,0.01,0,186,234,0.95,0.05,0,0,0,0,0,0,normal,21
0,tcp,private,REJ,32,0,0,0,0,0,0,0,0,0,0,0,0,0,0,0,0,0,223,280,0.99,0.99,0,0,0.95,0.06,0,255,39,0.16,0,0,0,0.99,0,0,0,neptune,19
0,tcp,private,REJ,29,0,0,0,0,0,0,0,0,0,0,0,0,0,0,0,0,0,488,508,1.0,1.0,0,0,0.99,0.04,0,255,21,0.12,0,0,0,1.0,0,0,0,back,19
0,tcp,http,REJ,6,0,0,0,0,0,0,0,0,0,0,0,0,0,0,0,0,0,505,208,0.91,0.91,0,0,0.97,0.01,0,255,50,0.06,0,0,0,0.91,0,0,0,teardrop,19
113,tcp,telnet,SF,2946,4906,0,0,0,0,0,1,0,1,1,1,3,0,0,0,0,0,1,1,0,0,0,0,0,0,0,13,8,0,0,0,0,0,0,0,0,rootkit,7
0,tcp,http,REJ,17,0,0,0,0,0,0,0,0,0,0,0,0,0,0,0,0,0,103,444,0.93,0.93,0,0,0.97,0.03,0,255,35,0.18,0,0,0,0.93,0,0,0,neptune,19
8,udp,http,SF,2175,837,0,0,0,0,0,1,0,0,0,0,0,0,0,0,0,0,11,6,0.05,0.05,0,0,1.0,0.0,0,171,176,1.0,0.0,0,0,0,0,0,0,normal,21
1,tcp,http,SF,2130,11522,0,0,0,0,0,1,0,0,0,0,0,0,0,0,0,0,6,12,0.02,0.02,0,0,1.0,0.0,0,68,82,0.97,0.03,0,0,0,0,0,0,normal,21
0,tcp,http,REJ,32,0,0,0,0,0,0,0,0,0,0,0,0,0,0,0,0,0,411,497,0.89,0.89,0,0,0.97,0.0,0,255,41,0.05,0,0,0,0.89,0,0,0,teardrop,15
0,tcp,smtp,SF,1928,4968,0,0,0,0,0,1,0,0,0,0,0,0,0,0,0,0,9,6,0.02,0.02,0,0,0.91,0.09,0,134,231,0.95,0.05,0,0,0,0,0,0,normal,21
0,tcp,http,S0,14,0,0,0,0,0,0,0,0,0,0,0,0,0,0,0,0,0,172,496,0.82,0.82,0,0,0.94,0.01,0,255,39,0.07,0,0,0,0.82,0,0,0,teardrop,16
2,tcp,domain_u,SF,1879,14334,0,0,0,0,0,0,0,0,0,0,0,0,0,0,0,0,4,1,0.01,0.01,0,0,0.96,0.04,0,18,113,0.89,0.11,0,0,0,0,0,0,normal,21
0,tcp,domain_u,SF,270,742,0,0,0,0,0,0,0,0,0,0,0,0,0,0,0,0,15,4,0.02,0.02,0,0,0.95,0.05,0,116,108,0.96,0.04,0,0,0,0,0,0,normal,21
10,udp,http,SF,1982,3407,0,0,0,0,0,1,0,0,0,0,0,0,0,0,0,0,6,6,0.01,0.01,0,0,0.94,0.06,0,22,63,0.99,0.01,0,0,0,0,0,0,normal,21
2,tcp,ftp_data,SF,2433,9335,0,0,0,0,0,1,0,0,0,0,0,0,0,0,0,0,4,5,0.03,0.03,0,0,0.92,0.08,0,253,96,0.89,0.11,0,0,0,0,0,0,normal,21
10,tcp,domain_u,SF,672,6298,0,0,0,0,0,0,0,0,0,0,0,0,0,0,0,0,8,11,0.01,0.01,0,0,0.98,0.02,0,169,149,0.96,0.04,0,0,0,0,0,0,normal,21
6,tcp,ftp_data,SF,1048,1754,0,0,0,0,0,1,0,0,0,0,0,0,0,0,0,0,5,3,0.01,0.01,0,0,0.91,0.09,0,102,62,0.9,0.1,0,0,0,0,0,0,normal,21
10,tcp,http,SF,2374,7420,0,0,0,0,0,1,0,0,0,0,0,0,0,0,0,0,10,6,0.04,0.04,0,0,0.94,0.06,0,219,219,0.85,0.15,0,0,0,0,0,0,normal,21
16,tcp,ftp,SF,640,1715,0,0,0,2,0,1,0,0,0,0,0,0,0,0,0,0,1,1,0,0,0,0,0,0,0,2,28,0,0,0,0,0,0,0,0,ftp_write,11
4,tcp,http,SF,2206,12855,0,0,0,0,0,1,0,0,0,0,0,0,0,0,0,0,8,5,0.0,0.0,0,0,0.92,0.08,0,60,114,0.98,0.02,0,0,0,0,0,0,normal,21
0,icmp,ecr_i,SF,1032,0,0,0,0,0,0,0,0,0,0,0,0,0,0,0,0,0,172,418,0.0,0.0,0,0,0.96,0.07,0,255,255,1.0,0,0,0,0.0,0,0,0,smurf,20
2,tcp,http,SF,1912,9708,0,0,0,0,0,1,0,0,0,0,0,0,0,0,0,0,14,11,0.04,0.04,0,0,0.98,0.02,0,100,177,0.87,0.13,0,0,0,0,0,0,normal,21
3,tcp,http,SF,957,1088,0,0,0,0,0,1,0,0,0,0,0,0,0,0,0,0,14,3,0.01,0.01,0,0,0.96,0.04,0,93,212,0.89,0.11,0,0,0,0,0,0,normal,21
10,tcp,http,SF,1583,7042,0,0,0,0,0,1,0,0,0,0,0,0,0,0,0,0,15,10,0.02,0.02,0,0,0.91,0.09,0,198,108,0.99,0.01,0,0,0,0,0,0,normal,21
10,tcp,domain_u,SF,518,2254,0,0,0,0,0,0,0,0,0,0,0,0,0,0,0,0,3,12,0.01,0.01,0,0,0.97,0.03,0,191,60,0.99,0.01,0,0,0,0,0,0,normal,21
0,icmp,ecr_i,SF,1032,0,0,0,0,0,0,0,0,0,0,0,0,0,0,0,0,0,417,293,0.0,0.0,0,0,1.0,0.09,0,255,255,1.0,0,0,0,0.0,0,0,0,smurf,17
3,tcp,domain_u,SF,1225,783,0,0,0,0,0,0,0,0,0,0,0,0,0,0,0,0,1,12,0.03,0.03,0,0,0.93,0.07,0,159,192,0.98,0.02,0,0,0,0,0,0,normal,21
6,tcp,http,SF,895,6789,0,0,0,0,0,1,0,0,0,0,0,0,0,0,0,0,15,3,0.01,0.01,0,0,0.92,0.08,0,250,217,0.98,0.02,0,0,0,0,0,0,normal,21
4,tcp,ftp,SF,623,1462,0,0,0,3,0,1,0,0,0,0,0,0,0,0,0,0,1,1,0,0,0,0,0,0,0,10,9,0,0,0,0,0,0,0,0,ftp_write,11
6,tcp,smtp,SF,1610,9189,0,0,0,0,0,1,0,0,0,0,0,0,0,0,0,0,14,3,0.04,0.04,0,0,0.97,0.03,0,214,122,0.87,0.13,0,0,0,0,0,0,normal,21
5,udp,smtp,SF,981,12576,0,0,0,0,0,1,0,0,0,0,0,0,0,0,0,0,3,10,0.02,0.02,0,0,0.91,0.09,0,91,252,0.88,0.12,0,0,0,0,0,0,normal,21
0,tcp,private,REJ,7,0,0,0,0,0,0,0,0,0,0,0,0,0,0,0,0,0,365,264,0.92,0.92,0,0,0.93,0.0,0,255,17,0.12,0,0,0,0.92,0,0,0,neptune,20
0,tcp,private,S0,30,0,0,0,0,0,0,0,0,0,0,0,0,0,0,0,0,0,351,199,0.88,0.88,0,0,0.96,0.05,0,255,40,0.09,0,0,0,0.88,0,0,0,back,20
6,udp,smtp,SF,1880,5978,0,0,0,0,0,1,0,0,0,0,0,0,0,0,0,0,2,5,0.0,0.0,0,0,0.98,0.02,0,57,22,0.87,0.13,0,0,0,0,0,0,normal,21
0,icmp,ecr_i,SF,1032,0,0,0,0,0,0,0,0,0,0,0,0,0,0,0,0,0,447,502,0.0,0.0,0,0,0.96,0.1,0,255,255,1.0,0,0,0,0.0,0,0,0,smurf,20
3,tcp,other,SH,51,30,0,0,0,0,0,0,0,0,0,0,0,0,0,0,0,0,19,1,0,0,0,0,0.06,0.7,0,230,7,0,0.5,0.85,0,0,0,0,0,satan,17
0,tcp,ftp_data,SF,872,12241,0,0,0,0,0,1,0,0,0,0,0,0,0,0,0,0,6,9,0.03,0.03,0,0,0.99,0.01,0,46,47,0.91,0.09,0,0,0,0,0,0,normal,21
10,tcp,ftp_data,SF,2285,4434,0,0,0,0,0,1,0,0,0,0,0,0,0,0,0,0,6,2,0.03,0.03,0,0,0.91,0.09,0,221,180,0.96,0.04,0,0,0,0,0,0,normal,21
0,tcp,http,S0,37,0,0,0,0,0,0,0,0,0,0,0,0,0,0,0,0,0,128,392,0.89,0.89,0,0,0.91,0.05,0,255,9,0.11,0,0,0,0.89,0,0,0,teardrop,15
0,icmp,ecr_i,SF,1032,0,0,0,0,0,0,0,0,0,0,0,0,0,0,0,0,0,280,508,0.0,0.0,0,0,0.96,0.05,0,255,255,1.0,0,0,0,0.0,0,0,0,smurf,17
8,tcp,http,SF,898,4947,0,0,0,0,0,1,0,0,0,0,0,0,0,0,0,0,1,3,0.0,0.0,0,0,0.92,0.08,0,190,137,1.0,0.0,0,0,0,0,0,0,normal,21
5,tcp,http,SF,718,5861,0,0,0,0,0,1,0,0,0,0,0,0,0,0,0,0,11,7,0.02,0.02,0,0,0.99,0.01,0,86,34,0.89,0.11,0,0,0,0,0,0,normal,21
0,tcp,http,REJ,36,0,0,0,0,0,0,0,0,0,0,0,0,0,0,0,0,0,220,239,0.89,0.89,0,0,0.96,0.03,0,255,18,0.09,0,0,0,0.89,0,0,0,teardrop,15
3,tcp,http,SF,1969,14285,0,0,0,0,0,1,0,0,0,0,0,0,0,0,0,0,2,1,0.03,0.03,0,0,0.93,0.07,0,18,245,0.91,0.09,0,0,0,0,0,0,normal,21
36,tcp,ftp,SF,672,2138,0,0,0,3,0,1,0,0,0,0,0,0,0,0,0,1,1,1,0,0,0,0,0,0,0,25,10,0,0,0,0,0,0,0,0,warezclient,10
0,tcp,http,REJ,1,0,0,0,0,0,0,0,0,0,0,0,0,0,0,0,0,0,293,246,0.88,0.88,0,0,0.98,0.04,0,255,30,0.09,0,0,0,0.88,0,0,0,back,16
1,tcp,domain_u,SF,1768,11688,0,0,0,0,0,0,0,0,0,0,0,0,0,0,0,0,4,1,0.05,0.05,0,0,0.98,0.02,0,140,121,0.87,0.13,0,0,0,0,0,0,normal,21
2,tcp,http,SF,677,3333,0,0,0,0,0,1,0,0,0,0,0,0,0,0,0,0,15,7,0.03,0.03,0,0,0.99,0.01,0,86,54,0.97,0.03,0,0,0,0,0,0,normal,21
5,tcp,smtp,SF,1464,5311,0,0,0,0,0,1,0,0,0,0,0,0,0,0,0,0,1,9,0.03,0.03,0,0,0.96,0.04,0,66,117,0.96,0.04,0,0,0,0,0,0,normal,21
0,tcp,http,REJ,49,0,0,0,0,0,0,0,0,0,0,0,0,0,0,0,0,0,199,387,0.93,0.93,0,0,0.95,0.08,0,255,42,0.03,0,0,0,0.93,0,0,0,back,17
2,tcp,smtp,SF,2243,8091,0,0,0,0,0,1,0,0,0,0,0,0,0,0,0,0,5,4,0.02,0.02,0,0,0.91,0.09,0,169,233,0.86,0.14,0,0,0,0,0,0,normal,21
5,tcp,eco_i,REJ,90,43,0,0,0,0,0,0,0,0,0,0,0,0,0,0,0,0,2,1,0,0,0,0,0.19,0.72,0,251,1,0,0.87,0.83,0,0,0,0,0,nmap,14
0,icmp,ecr_i,SF,1032,0,0,0,0,0,0,0,0,0,0,0,0,0,0,0,0,0,332,205,0.0,0.0,0,0,0.97,0.07,0,255,255,1.0,0,0,0,0.0,0,0,0,smurf,17
8,udp,domain_u,SF,908,4763,0,0,0,0,0,0,0,0,0,0,0,0,0,0,0,0,3,4,0.02,0.02,0,0,0.92,0.08,0,61,207,0.98,0.02,0,0,0,0,0,0,normal,21
0,tcp,http,S0,48,0,0,0,0,0,0,0,0,0,0,0,0,0,0,0,0,0,287,427,0.99,0.99,0,0,0.95,0.06,0,255,41,0.12,0,0,0,0.99,0,0,0,back,18
9,udp,smtp,SF,1754,10825,0,0,0,0,0,1,0,0,0,0,0,0,0,0,0,0,11,6,0.01,0.01,0,0,0.96,0.04,0,43,128,0.94,0.06,0,0,0,0,0,0,normal,21
2,tcp,smtp,SF,291,1257,0,0,0,0,0,1,0,0,0,0,0,0,0,0,0,0,3,4,0.03,0.03,0,0,0.98,0.02,0,69,68,0.89,0.11,0,0,0,0,0,0,normal,21
9,tcp,http,SF,253,11178,0,0,0,0,0,1,0,0,0,0,0,0,0,0,0,0,3,7,0.02,0.02,0,0,0.95,0.05,0,206,118,0.91,0.09,0,0,0,0,0,0,normal,21
8,tcp,http,SF,2000,6402,0,0,0,0,0,1,0,0,0,0,0,0,0,0,0,0,1,12,0.02,0.02,0,0,0.9,0.1,0,78,220,0.96,0.04,0,0,0,0,0,0,normal,21
11,tcp,ftp,SF,675,1846,0,0,0,2,0,1,0,0,0,0,0,0,0,0,0,0,1,1,0,0,0,0,0,0,0,20,26,0,0,0,0,0,0,0,0,ftp_write,11
0,icmp,ecr_i,SF,1032,0,0,0,0,0,0,0,0,0,0,0,0,0,0,0,0,0,454,275,0.0,0.0,0,0,0.99,0.01,0,255,255,1.0,0,0,0,0.0,0,0,0,smurf,17
118,tcp,telnet,SF,5356,2670,0,0,0,0,0,1,0,1,1,3,2,0,0,0,0,0,1,1,0,0,0,0,0,0,0,1,16,0,0,0,0,0,0,0,0,buffer_overflow,10
5,udp,domain_u,SF,686,10324,0,0,0,0,0,0,0,0,0,0,0,0,0,0,0,0,2,4,0.05,0.05,0,0,0.91,0.09,0,64,21,0.86,0.14,0,0,0,0,0,0,normal,21
3,icmp,other,RSTO,7,26,0,0,0,0,0,0,0,0,0,0,0,0,0,0,0,0,18,1,0,0,0,0,0.18,0.63,0,228,1,0,0.73,0.74,0,0,0,0,0,satan,17
0,tcp,private,REJ,20,0,0,0,0,0,0,0,0,0,0,0,0,0,0,0,0,0,302,134,0.83,0.83,0,0,0.97,0.09,0,255,40,0.15,0,0,0,0.83,0,0,0,neptune,18
9,udp,http,SF,1878,7767,0,0,0,0,0,1,0,0,0,0,0,0,0,0,0,0,7,4,0.02,0.02,0,0,0.91,0.09,0,205,139,0.98,0.02,0,0,0,0,0,0,normal,21
7,tcp,http,SF,765,9132,0,0,0,0,0,1,0,0,0,0,0,0,0,0,0,0,10,1,0.03,0.03,0,0,0.91,0.09,0,235,115,0.89,0.11,0,0,0,0,0,0,normal,21
0,icmp,ecr_i,SF,1032,0,0,0,0,0,0,0,0,0,0,0,0,0,0,0,0,0,185,267,0.0,0.0,0,0,0.97,0.09,0,255,255,1.0,0,0,0,0.0,0,0,0,smurf,18
0,tcp,ftp_data,SF,487,12899,0,0,0,0,0,1,0,0,0,0,0,0,0,0,0,0,3,11,0.02,0.02,0,0,0.96,0.04,0,237,65,0.94,0.06,0,0,0,0,0,0,normal,21
8,tcp,ftp_data,SF,1531,9994,0,0,0,0,0,1,0,0,0,0,0,0,0,0,0,0,1,2,0.04,0.04,0,0,0.91,0.09,0,47,170,0.97,0.03,0,0,0,0,0,0,normal,21
0,tcp,http,S0,4,0,0,0,0,0,0,0,0,0,0,0,0,0,0,0,0,0,327,387,0.89,0.89,0,0,0.97,0.0,0,255,10,0.08,0,0,0,0.89,0,0,0,neptune,17
0,tcp,http,REJ,30,0,0,0,0,0,0,0,0,0,0,0,0,0,0,0,0,0,155,296,0.85,0.85,0,0,0.95,0.08,0,255,32,0.2,0,0,0,0.85,0,0,0,teardrop,18
5,udp,ftp_data,SF,1654,4457,0,0,0,0,0,1,0,0,0,0,0,0,0,0,0,0,10,3,0.05,0.05,0,0,0.99,0.01,0,211,248,0.9,0.1,0,0,0,0,0,0,normal,21
9,tcp,domain_u,SF,989,370,0,0,0,0,0,0,0,0,0,0,0,0,0,0,0,0,12,3,0.03,0.03,0,0,0.9,0.1,0,255,144,0.94,0.06,0,0,0,0,0,0,normal,21
4,icmp,private,SH,2,3,0,0,0,0,0,0,0,0,0,0,0,0,0,0,0,0,19,1,0,0,0,0,0.06,0.86,0,151,2,0,0.58,0.69,0,0,0,0,0,nmap,16
0,icmp,ecr_i,SF,1032,0,0,0,0,0,0,0,0,0,0,0,0,0,0,0,0,0,438,463,0.0,0.0,0,0,0.97,0.09,0,255,255,1.0,0,0,0,0.0,0,0,0,smurf,16
10,tcp,smtp,SF,1041,6447,0,0,0,0,0,1,0,0,0,0,0,0,0,0,0,0,8,3,0.05,0.05,0,0,0.93,0.07,0,170,145,0.95,0.05,0,0,0,0,0,0,normal,21
5,tcp,smtp,SF,2086,2861,0,0,0,0,0,1,0,0,0,0,0,0,0,0,0,0,7,11,0.02,0.02,0,0,0.96,0.04,0,57,190,0.97,0.03,0,0,0,0,0,0,normal,21
2,tcp,ftp_data,SF,1790,7601,0,0,0,0,0,1,0,0,0,0,0,0,0,0,0,0,7,6,0.02,0.02,0,0,0.99,0.01,0,106,46,0.86,0.14,0,0,0,0,0,0,normal,21
1,tcp,http,SF,609,805,0,0,0,0,0,1,0,0,0,0,0,0,0,0,0,0,15,7,0.04,0.04,0,0,0.98,0.02,0,233,186,0.86,0.14,0,0,0,0,0,0,normal,21
0,tcp,private,REJ,25,0,0,0,0,0,0,0,0,0,0,0,0,0,0,0,0,0,458,376,0.93,0.93,0,0,0.98,0.1,0,255,19,0.18,0,0,0,0.93,0,0,0,neptune,15
0,tcp,smtp,SF,1782,11902,0,0,0,0,0,1,0,0,0,0,0,0,0,0,0,0,2,11,0.03,0.03,0,0,0.98,0.02,0,190,110,0.95,0.05,0,0,0,0,0,0,normal,21
6,udp,domain_u,SF,2038,7065,0,0,0,0,0,0,0,0,0,0,0,0,0,0,0,0,5,10,0.02,0.02,0,0,0.93,0.07,0,61,31,0.86,0.14,0,0,0,0,0,0,normal,21
5,tcp,domain_u,SF,2080,12964,0,0,0,0,0,0,0,0,0,0,0,0,0,0,0,0,8,12,0.04,0.04,0,0,0.98,0.02,0,27,219,0.96,0.04,0,0,0,0,0,0,normal,21
5,icmp,other,RSTO,40,25,0,0,0,0,0,0,0,0,0,0,0,0,0,0,0,0,10,1,0,0,0,0,0.12,0.66,0,190,3,0,0.77,0.68,0,0,0,0,0,nmap,16
0,icmp,ecr_i,SF,1032,0,0,0,0,0,0,0,0,0,0,0,0,0,0,0,0,0,212,273,0.0,0.0,0,0,0.96,0.03,0,255,255,1.0,0,0,0,0.0,0,0,0,smurf,19
2,udp,http,SF,1545,5329,0,0,0,0,0,1,0,0,0,0,0,0,0,0,0,0,2,8,0.04,0.04,0,0,0.99,0.01,0,197,73,0.92,0.08,0,0,0,0,0,0,normal,21
0,tcp,http,REJ,48,0,0,0,0,0,0,0,0,0,0,0,0,0,0,0,0,0,480,424,0.8,0.8,0,0,0.93,0.01,0,255,42,0.01,0,0,0,0.8,0,0,0,teardrop,16
0,icmp,ecr_i,SF,1032,0,0,0,0,0,0,0,0,0,0,0,0,0,0,0,0,0,308,299,0.0,0.0,0,0,0.94,0.07,0,255,255,1.0,0,0,0,0.0,0,0,0,smurf,18
9,udp,ftp_data,SF,1706,9911,0,0,0,0,0,1,0,0,0,0,0,0,0,0,0,0,2,7,0.04,0.04,0,0,0.93,0.07,0,215,21,0.99,0.01,0,0,0,0,0,0,normal,21
0,tcp,private,S0,29,0,0,0,0,0,0,0,0,0,0,0,0,0,0,0,0,0,146,455,0.88,0.88,0,0,0.96,0.1,0,255,18,0.08,0,0,0,0.88,0,0,0,neptune,15
3,tcp,other,SF,61,9,0,0,0,0,0,0,0,0,0,0,0,0,0,0,0,0,18,1,0,0,0,0,0.19,0.75,0,156,3,0,0.71,0.69,0,0,0,0,0,nmap,13
0,tcp,private,S0,41,0,0,0,0,0,0,0,0,0,0,0,0,0,0,0,0,0,323,292,0.82,0.82,0,0,0.98,0.09,0,255,50,0.13,0,0,0,0.82,0,0,0,neptune,16
0,tcp,http,REJ,24,0,0,0,0,0,0,0,0,0,0,0,0,0,0,0,0,0,499,237,0.86,0.86,0,0,1.0,0.05,0,255,10,0.13,0,0,0,0.86,0,0,0,back,17
5,udp,http,SF,839,755,0,0,0,0,0,1,0,0,0,0,0,0,0,0,0,0,15,5,0.01,0.01,0,0,0.9,0.1,0,48,43,0.9,0.1,0,0,0,0,0,0,normal,21
2,udp,ftp_data,SF,2145,7823,0,0,0,0,0,1,0,0,0,0,0,0,0,0,0,0,2,9,0.03,0.03,0,0,0.96,0.04,0,118,229,0.99,0.01,0,0,0,0,0,0,normal,21
0,icmp,ecr_i,SF,1032,0,0,0,0,0,0,0,0,0,0,0,0,0,0,0,0,0,142,285,0.0,0.0,0,0,0.96,0.08,0,255,255,1.0,0,0,0,0.0,0,0,0,smurf,17
0,tcp,private,S0,3,0,0,0,0,0,0,0,0,0,0,0,0,0,0,0,0,0,366,172,0.92,0.92,0,0,0.99,0.01,0,255,20,0.11,0,0,0,0.92,0,0,0,neptune,15
2,udp,http,SF,1392,5755,0,0,0,0,0,1,0,0,0,0,0,0,0,0,0,0,5,10,0.05,0.05,0,0,0.98,0.02,0,68,253,0.99,0.01,0,0,0,0,0,0,normal,21
4,tcp,smtp,SF,1032,6309,0,0,0,0,0,1,0,0,0,0,0,0,0,0,0,0,8,7,0.01,0.01,0,0,0.97,0.03,0,144,38,0.92,0.08,0,0,0,0,0,0,normal,21
0,icmp,ecr_i,SF,1032,0,0,0,0,0,0,0,0,0,0,0,0,0,0,0,0,0,325,186,0.0,0.0,0,0,0.93,0.05,0,255,255,1.0,0,0,0,0.0,0,0,0,smurf,15
0,icmp,ecr_i,SF,1032,0,0,0,0,0,0,0,0,0,0,0,0,0,0,0,0,0,370,392,0.0,0.0,0,0,0.98,0.06,0,255,255,1.0,0,0,0,0.0,0,0,0,smurf,15
8,udp,domain_u,SF,236,4656,0,0,0,0,0,0,0,0,0,0,0,0,0,0,0,0,4,10,0.02,0.02,0,0,0.93,0.07,0,189,133,0.89,0.11,0,0,0,0,0,0,normal,21
21,tcp,telnet,SF,3249,2215,0,0,0,0,0,1,0,1,1,3,1,0,0,0,0,0,1,1,0,0,0,0,0,0,0,3,12,0,0,0,0,0,0,0,0,rootkit,6
1,tcp,eco_i,SF,20,2,0,0,0,0,0,0,0,0,0,0,0,0,0,0,0,0,1,1,0,0,0,0,0.17,0.8,0,164,2,0,0.71,0.77,0,0,0,0,0,portsweep,16
41,tcp,ftp,SF,559,1981,0,0,0,4,0,1,0,0,0,0,0,0,0,0,0,1,1,1,0,0,0,0,0,0,0,22,11,0,0,0,0,0,0,0,0,warezclient,13
0,tcp,private,S0,10,0,0,0,0,0,0,0,0,0,0,0,0,0,0,0,0,0,266,153,0.89,0.89,0,0,0.92,0.04,0,255,23,0.13,0,0,0,0.89,0,0,0,back,16
0,tcp,http,REJ,31,0,0,0,0,0,0,0,0,0,0,0,0,0,0,0,0,0,247,414,0.98,0.98,0,0,0.94,0.08,0,255,18,0.07,0,0,0,0.98,0,0,0,back,19
0,tcp,http,REJ,5,0,0,0,0,0,0,0,0,0,0,0,0,0,0,0,0,0,139,507,0.94,0.94,0,0,0.99,0.01,0,255,5,0.07,0,0,0,0.94,0,0,0,back,17
0,udp,http,SF,1661,9052,0,0,0,0,0,1,0,0,0,0,0,0,0,0,0,0,12,5,0.02,0.02,0,0,0.94,0.06,0,125,15,0.98,0.02,0,0,0,0,0,0,normal,21
9,tcp,http,SF,1225,10364,0,0,0,0,0,1,0,0,0,0,0,0,0,0,0,0,12,6,0.01,0.01,0,0,0.96,0.04,0,137,20,0.91,0.09,0,0,0,0,0,0,normal,21
6,udp,http,SF,2082,14802,0,0,0,0,0,1,0,0,0,0,0,0,0,0,0,0,5,6,0.05,0.05,0,0,0.97,0.03,0,152,130,0.85,0.15,0,0,0,0,0,0,normal,21
0,icmp,private,RSTO,92,12,0,0,0,0,0,0,0,0,0,0,0,0,0,0,0,0,8,1,0,0,0,0,0.09,0.62,0,209,1,0,0.56,0.64,0,0,0,0,0,nmap,13
2,tcp,smtp,SF,1999,10849,0,0,0,0,0,1,0,0,0,0,0,0,0,0,0,0,10,7,0.0,0.0,0,0,0.97,0.03,0,241,95,0.96,0.04,0,0,0,0,0,0,normal,21
0,tcp,private,REJ,25,0,0,0,0,0,0,0,0,0,0,0,0,0,0,0,0,0,449,184,0.86,0.86,0,0,0.97,0.02,0,255,6,0.19,0,0,0,0.86,0,0,0,teardrop,17
3,udp,http,SF,767,5765,0,0,0,0,0,1,0,0,0,0,0,0,0,0,0,0,6,2,0.02,0.02,0,0,0.99,0.01,0,139,88,0.94,0.06,0,0,0,0,0,0,normal,21
8,udp,http,SF,730,3262,0,0,0,0,0,1,0,0,0,0,0,0,0,0,0,0,14,1,0.03,0.03,0,0,0.91,0.09,0,212,93,0.99,0.01,0,0,0,0,0,0,normal,21
52,tcp,telnet,SF,693,2159,0,0,0,1,4,0,0,0,0,0,0,0,0,0,0,0,1,1,0,0,0,0,0,0,0,11,3,0,0,0,0,0,0,0,0,guess_passwd,13
10,udp,http,SF,295,14891,0,0,0,0,0,1,0,0,0,0,0,0,0,0,0,0,4,3,0.02,0.02,0,0,0.96,0.04,0,19,213,0.95,0.05,0,0,0,0,0,0,normal,21
0,tcp,http,SF,830,8348,0,0,0,0,0,1,0,0,0,0,0,0,0,0,0,0,14,8,0.03,0.03,0,0,0.95,0.05,0,149,56,0.87,0.13,0,0,0,0,0,0,normal,21
3,tcp,http,SF,655,12257,0,0,0,0,0,1,0,0,0,0,0,0,0,0,0,0,14,3,0.04,0.04,0,0,0.96,0.04,0,33,204,0.89,0.11,0,0,0,0,0,0,normal,21
9,udp,smtp,SF,1294,11251,0,0,0,0,0,1,0,0,0,0,0,0,0,0,0,0,12,3,0.04,0.04,0,0,0.9,0.1,0,251,209,1.0,0.0,0,0,0,0,0,0,normal,21
0,icmp,ecr_i,SF,1032,0,0,0,0,0,0,0,0,0,0,0,0,0,0,0,0,0,298,254,0.0,0.0,0,0,0.96,0.01,0,255,255,1.0,0,0,0,0.0,0,0,0,smurf,17
0,tcp,private,REJ,9,0,0,0,0,0,0,0,0,0,0,0,0,0,0,0,0,0,347,319,0.92,0.92,0,0,0.95,0.09,0,255,36,0.12,0,0,0,0.92,0,0,0,neptune,19
0,tcp,http,REJ,1,0,0,0,0,0,0,0,0,0,0,0,0,0,0,0,0,0,152,381,0.86,0.86,0,0,0.92,0.02,0,255,40,0.09,0,0,0,0.86,0,0,0,neptune,15
1,tcp,http,SF,1830,13855,0,0,0,0,0,1,0,0,0,0,0,0,0,0,0,0,9,6,0.01,0.01,0,0,0.93,0.07,0,36,240,0.95,0.05,0,0,0,0,0,0,normal,21
7,tcp,smtp,SF,200,10045,0,0,0,0,0,1,0,0,0,0,0,0,0,0,0,0,8,4,0.0,0.0,0,0,0.98,0.02,0,26,143,0.9,0.1,0,0,0,0,0,0,normal,21
9,tcp,domain_u,SF,923,2009,0,0,0,0,0,0,0,0,0,0,0,0,0,0,0,0,14,8,0.03,0.03,0,0,0.94,0.06,0,66,222,0.87,0.13,0,0,0,0,0,0,normal,21
3,tcp,ftp_data,SF,2049,4504,0,0,0,0,0,1,0,0,0,0,0,0,0,0,0,0,3,4,0.02,0.02,0,0,0.99,0.01,0,130,225,0.87,0.13,0,0,0,0,0,0,normal,21
0,tcp,other,RSTO,64,25,0,0,0,0,0,0,0,0,0,0,0,0,0,0,0,0,18,1,0,0,0,0,0.15,0.69,0,189,8,0,0.82,0.77,0,0,0,0,0,portsweep,12
0,tcp,private,S0,20,0,0,0,0,0,0,0,0,0,0,0,0,0,0,0,0,0,333,159,0.95,0.95,0,0,1.0,0.05,0,255,45,0.19,0,0,0,0.95,0,0,0,teardrop,19
0,tcp,eco_i,REJ,39,39,0,0,0,0,0,0,0,0,0,0,0,0,0,0,0,0,17,1,0,0,0,0,0.08,0.61,0,183,5,0,0.78,0.68,0,0,0,0,0,ipsweep,17
44,tcp,ftp,SF,567,687,0,0,0,2,0,1,0,0,0,0,0,0,0,0,0,1,1,1,0,0,0,0,0,0,0,7,23,0,0,0,0,0,0,0,0,warezclient,9
4,udp,domain_u,SF,707,12388,0,0,0,0,0,0,0,0,0,0,0,0,0,0,0,0,1,8,0.01,0.01,0,0,0.94,0.06,0,149,110,0.93,0.07,0,0,0,0,0,0,normal,21
0,tcp,domain_u,SF,677,14210,0,0,0,0,0,0,0,0,0,0,0,0,0,0,0,0,12,3,0.05,0.05,0,0,0.97,0.03,0,204,228,0.92,0.08,0,0,0,0,0,0,normal,21
5,tcp,domain_u,SF,2419,2489,0,0,0,0,0,0,0,0,0,0,0,0,0,0,0,0,13,2,0.04,0.04,0,0,0.94,0.06,0,245,94,0.94,0.06,0,0,0,0,0,0,normal,21
3,tcp,domain_u,SF,875,14258,0,0,0,0,0,0,0,0,0,0,0,0,0,0,0,0,1,2,0.05,0.05,0,0,0.98,0.02,0,58,212,0.97,0.03,0,0,0,0,0,0,normal,21
